2026-04-29 08:27:47.679  INFO 6068 --- [main] com.example.demo.BackendFApplication     : Starting BackendFApplication using Java 17.0.4.1 on Windows10-2025 with PID 6068 (C:\Users\usuario\Desktop\wrk\ctrlfamilias\backend-f\target\classes started by usuario in C:\Users\usuario\Desktop\wrk\ctrlfamilias\backend-f)
2026-04-29 08:27:47.681  INFO 6068 --- [main] com.example.demo.BackendFApplication     : No active profile set, falling back to default profiles: default
2026-04-29 08:27:48.233  INFO 6068 --- [main] .s.d.r.c.RepositoryConfigurationDelegate : Bootstrapping Spring Data JPA repositories in DEFAULT mode.
2026-04-29 08:27:48.281  INFO 6068 --- [main] .s.d.r.c.RepositoryConfigurationDelegate : Finished Spring Data repository scanning in 34 ms. Found 2 JPA repository interfaces.
2026-04-29 08:27:48.727  INFO 6068 --- [main] o.s.b.w.embedded.tomcat.TomcatWebServer  : Tomcat initialized with port(s): 8080 (http)
2026-04-29 08:27:48.740  INFO 6068 --- [main] o.apache.catalina.core.StandardService   : Starting service [Tomcat]
2026-04-29 08:27:48.740  INFO 6068 --- [main] org.apache.catalina.core.StandardEngine  : Starting Servlet engine: [Apache Tomcat/9.0.56]
2026-04-29 08:27:48.837  INFO 6068 --- [main] o.a.c.c.C.[Tomcat].[localhost].[/]       : Initializing Spring embedded WebApplicationContext
2026-04-29 08:27:48.838  INFO 6068 --- [main] w.s.c.ServletWebServerApplicationContext : Root WebApplicationContext: initialization completed in 1101 ms
2026-04-29 08:27:49.081  INFO 6068 --- [main] o.hibernate.jpa.internal.util.LogHelper  : HHH000204: Processing PersistenceUnitInfo [name: default]
2026-04-29 08:27:49.152  INFO 6068 --- [main] org.hibernate.Version                    : HHH000412: Hibernate ORM core version 5.4.33
2026-04-29 08:27:49.317  INFO 6068 --- [main] o.hibernate.annotations.common.Version   : HCANN000001: Hibernate Commons Annotations {5.1.2.Final}
2026-04-29 08:27:49.466  INFO 6068 --- [main] com.zaxxer.hikari.HikariDataSource       : HikariPool-1 - Starting...
2026-04-29 08:27:50.748 ERROR 6068 --- [main] com.zaxxer.hikari.pool.HikariPool        : HikariPool-1 - Exception during pool initialization.

org.postgresql.util.PSQLException: FATAL: database "familias" does not exist
	at org.postgresql.core.v3.QueryExecutorImpl.receiveErrorResponse(QueryExecutorImpl.java:2565) ~[postgresql-42.2.24.jar:42.2.24]
	at org.postgresql.core.v3.QueryExecutorImpl.readStartupMessages(QueryExecutorImpl.java:2677) ~[postgresql-42.2.24.jar:42.2.24]
	at org.postgresql.core.v3.QueryExecutorImpl.<init>(QueryExecutorImpl.java:147) ~[postgresql-42.2.24.jar:42.2.24]
	at org.postgresql.core.v3.ConnectionFactoryImpl.openConnectionImpl(ConnectionFactoryImpl.java:273) ~[postgresql-42.2.24.jar:42.2.24]
	at org.postgresql.core.ConnectionFactory.openConnection(ConnectionFactory.java:51) ~[postgresql-42.2.24.jar:42.2.24]
	at org.postgresql.jdbc.PgConnection.<init>(PgConnection.java:225) ~[postgresql-42.2.24.jar:42.2.24]
	at org.postgresql.Driver.makeConnection(Driver.java:465) ~[postgresql-42.2.24.jar:42.2.24]
	at org.postgresql.Driver.connect(Driver.java:264) ~[postgresql-42.2.24.jar:42.2.24]
	at com.zaxxer.hikari.util.DriverDataSource.getConnection(DriverDataSource.java:138) ~[HikariCP-4.0.3.jar:na]
	at com.zaxxer.hikari.pool.PoolBase.newConnection(PoolBase.java:364) ~[HikariCP-4.0.3.jar:na]
	at com.zaxxer.hikari.pool.PoolBase.newPoolEntry(PoolBase.java:206) ~[HikariCP-4.0.3.jar:na]
	at com.zaxxer.hikari.pool.HikariPool.createPoolEntry(HikariPool.java:476) ~[HikariCP-4.0.3.jar:na]
	at com.zaxxer.hikari.pool.HikariPool.checkFailFast(HikariPool.java:561) ~[HikariCP-4.0.3.jar:na]
	at com.zaxxer.hikari.pool.HikariPool.<init>(HikariPool.java:115) ~[HikariCP-4.0.3.jar:na]
	at com.zaxxer.hikari.HikariDataSource.getConnection(HikariDataSource.java:112) ~[HikariCP-4.0.3.jar:na]
	at org.hibernate.engine.jdbc.connections.internal.DatasourceConnectionProviderImpl.getConnection(DatasourceConnectionProviderImpl.java:122) ~[hibernate-core-5.4.33.jar:5.4.33]
	at org.hibernate.engine.jdbc.env.internal.JdbcEnvironmentInitiator$ConnectionProviderJdbcConnectionAccess.obtainConnection(JdbcEnvironmentInitiator.java:180) ~[hibernate-core-5.4.33.jar:5.4.33]
	at org.hibernate.engine.jdbc.env.internal.JdbcEnvironmentInitiator.initiateService(JdbcEnvironmentInitiator.java:68) ~[hibernate-core-5.4.33.jar:5.4.33]
	at org.hibernate.engine.jdbc.env.internal.JdbcEnvironmentInitiator.initiateService(JdbcEnvironmentInitiator.java:35) ~[hibernate-core-5.4.33.jar:5.4.33]
	at org.hibernate.boot.registry.internal.StandardServiceRegistryImpl.initiateService(StandardServiceRegistryImpl.java:101) ~[hibernate-core-5.4.33.jar:5.4.33]
	at org.hibernate.service.internal.AbstractServiceRegistryImpl.createService(AbstractServiceRegistryImpl.java:263) ~[hibernate-core-5.4.33.jar:5.4.33]
	at org.hibernate.service.internal.AbstractServiceRegistryImpl.initializeService(AbstractServiceRegistryImpl.java:237) ~[hibernate-core-5.4.33.jar:5.4.33]
	at org.hibernate.service.internal.AbstractServiceRegistryImpl.getService(AbstractServiceRegistryImpl.java:214) ~[hibernate-core-5.4.33.jar:5.4.33]
	at org.hibernate.id.factory.internal.DefaultIdentifierGeneratorFactory.injectServices(DefaultIdentifierGeneratorFactory.java:152) ~[hibernate-core-5.4.33.jar:5.4.33]
	at org.hibernate.service.internal.AbstractServiceRegistryImpl.injectDependencies(AbstractServiceRegistryImpl.java:286) ~[hibernate-core-5.4.33.jar:5.4.33]
	at org.hibernate.service.internal.AbstractServiceRegistryImpl.initializeService(AbstractServiceRegistryImpl.java:243) ~[hibernate-core-5.4.33.jar:5.4.33]
	at org.hibernate.service.internal.AbstractServiceRegistryImpl.getService(AbstractServiceRegistryImpl.java:214) ~[hibernate-core-5.4.33.jar:5.4.33]
	at org.hibernate.boot.internal.InFlightMetadataCollectorImpl.<init>(InFlightMetadataCollectorImpl.java:176) ~[hibernate-core-5.4.33.jar:5.4.33]
	at org.hibernate.boot.model.process.spi.MetadataBuildingProcess.complete(MetadataBuildingProcess.java:127) ~[hibernate-core-5.4.33.jar:5.4.33]
	at org.hibernate.jpa.boot.internal.EntityManagerFactoryBuilderImpl.metadata(EntityManagerFactoryBuilderImpl.java:1224) ~[hibernate-core-5.4.33.jar:5.4.33]
	at org.hibernate.jpa.boot.internal.EntityManagerFactoryBuilderImpl.build(EntityManagerFactoryBuilderImpl.java:1255) ~[hibernate-core-5.4.33.jar:5.4.33]
	at org.springframework.orm.jpa.vendor.SpringHibernateJpaPersistenceProvider.createContainerEntityManagerFactory(SpringHibernateJpaPersistenceProvider.java:58) ~[spring-orm-5.3.15.jar:5.3.15]
	at org.springframework.orm.jpa.LocalContainerEntityManagerFactoryBean.createNativeEntityManagerFactory(LocalContainerEntityManagerFactoryBean.java:365) ~[spring-orm-5.3.15.jar:5.3.15]
	at org.springframework.orm.jpa.AbstractEntityManagerFactoryBean.buildNativeEntityManagerFactory(AbstractEntityManagerFactoryBean.java:409) ~[spring-orm-5.3.15.jar:5.3.15]
	at org.springframework.orm.jpa.AbstractEntityManagerFactoryBean.afterPropertiesSet(AbstractEntityManagerFactoryBean.java:396) ~[spring-orm-5.3.15.jar:5.3.15]
	at org.springframework.orm.jpa.LocalContainerEntityManagerFactoryBean.afterPropertiesSet(LocalContainerEntityManagerFactoryBean.java:341) ~[spring-orm-5.3.15.jar:5.3.15]
	at org.springframework.beans.factory.support.AbstractAutowireCapableBeanFactory.invokeInitMethods(AbstractAutowireCapableBeanFactory.java:1863) ~[spring-beans-5.3.15.jar:5.3.15]
	at org.springframework.beans.factory.support.AbstractAutowireCapableBeanFactory.initializeBean(AbstractAutowireCapableBeanFactory.java:1800) ~[spring-beans-5.3.15.jar:5.3.15]
	at org.springframework.beans.factory.support.AbstractAutowireCapableBeanFactory.doCreateBean(AbstractAutowireCapableBeanFactory.java:620) ~[spring-beans-5.3.15.jar:5.3.15]
	at org.springframework.beans.factory.support.AbstractAutowireCapableBeanFactory.createBean(AbstractAutowireCapableBeanFactory.java:542) ~[spring-beans-5.3.15.jar:5.3.15]
	at org.springframework.beans.factory.support.AbstractBeanFactory.lambda$doGetBean$0(AbstractBeanFactory.java:335) ~[spring-beans-5.3.15.jar:5.3.15]
	at org.springframework.beans.factory.support.DefaultSingletonBeanRegistry.getSingleton(DefaultSingletonBeanRegistry.java:234) ~[spring-beans-5.3.15.jar:5.3.15]
	at org.springframework.beans.factory.support.AbstractBeanFactory.doGetBean(AbstractBeanFactory.java:333) ~[spring-beans-5.3.15.jar:5.3.15]
	at org.springframework.beans.factory.support.AbstractBeanFactory.getBean(AbstractBeanFactory.java:208) ~[spring-beans-5.3.15.jar:5.3.15]
	at org.springframework.context.support.AbstractApplicationContext.getBean(AbstractApplicationContext.java:1154) ~[spring-context-5.3.15.jar:5.3.15]
	at org.springframework.context.support.AbstractApplicationContext.finishBeanFactoryInitialization(AbstractApplicationContext.java:908) ~[spring-context-5.3.15.jar:5.3.15]
	at org.springframework.context.support.AbstractApplicationContext.refresh(AbstractApplicationContext.java:583) ~[spring-context-5.3.15.jar:5.3.15]
	at org.springframework.boot.web.servlet.context.ServletWebServerApplicationContext.refresh(ServletWebServerApplicationContext.java:145) ~[spring-boot-2.5.9.jar:2.5.9]
	at org.springframework.boot.SpringApplication.refresh(SpringApplication.java:767) ~[spring-boot-2.5.9.jar:2.5.9]
	at org.springframework.boot.SpringApplication.refreshContext(SpringApplication.java:447) ~[spring-boot-2.5.9.jar:2.5.9]
	at org.springframework.boot.SpringApplication.run(SpringApplication.java:338) ~[spring-boot-2.5.9.jar:2.5.9]
	at org.springframework.boot.SpringApplication.run(SpringApplication.java:1356) ~[spring-boot-2.5.9.jar:2.5.9]
	at org.springframework.boot.SpringApplication.run(SpringApplication.java:1345) ~[spring-boot-2.5.9.jar:2.5.9]
	at com.example.demo.BackendFApplication.main(BackendFApplication.java:10) ~[classes/:na]

2026-04-29 08:27:50.749  WARN 6068 --- [main] o.h.e.j.e.i.JdbcEnvironmentInitiator     : HHH000342: Could not obtain connection to query metadata

org.postgresql.util.PSQLException: FATAL: database "familias" does not exist
	at org.postgresql.core.v3.QueryExecutorImpl.receiveErrorResponse(QueryExecutorImpl.java:2565) ~[postgresql-42.2.24.jar:42.2.24]
	at org.postgresql.core.v3.QueryExecutorImpl.readStartupMessages(QueryExecutorImpl.java:2677) ~[postgresql-42.2.24.jar:42.2.24]
	at org.postgresql.core.v3.QueryExecutorImpl.<init>(QueryExecutorImpl.java:147) ~[postgresql-42.2.24.jar:42.2.24]
	at org.postgresql.core.v3.ConnectionFactoryImpl.openConnectionImpl(ConnectionFactoryImpl.java:273) ~[postgresql-42.2.24.jar:42.2.24]
	at org.postgresql.core.ConnectionFactory.openConnection(ConnectionFactory.java:51) ~[postgresql-42.2.24.jar:42.2.24]
	at org.postgresql.jdbc.PgConnection.<init>(PgConnection.java:225) ~[postgresql-42.2.24.jar:42.2.24]
	at org.postgresql.Driver.makeConnection(Driver.java:465) ~[postgresql-42.2.24.jar:42.2.24]
	at org.postgresql.Driver.connect(Driver.java:264) ~[postgresql-42.2.24.jar:42.2.24]
	at com.zaxxer.hikari.util.DriverDataSource.getConnection(DriverDataSource.java:138) ~[HikariCP-4.0.3.jar:na]
	at com.zaxxer.hikari.pool.PoolBase.newConnection(PoolBase.java:364) ~[HikariCP-4.0.3.jar:na]
	at com.zaxxer.hikari.pool.PoolBase.newPoolEntry(PoolBase.java:206) ~[HikariCP-4.0.3.jar:na]
	at com.zaxxer.hikari.pool.HikariPool.createPoolEntry(HikariPool.java:476) ~[HikariCP-4.0.3.jar:na]
	at com.zaxxer.hikari.pool.HikariPool.checkFailFast(HikariPool.java:561) ~[HikariCP-4.0.3.jar:na]
	at com.zaxxer.hikari.pool.HikariPool.<init>(HikariPool.java:115) ~[HikariCP-4.0.3.jar:na]
	at com.zaxxer.hikari.HikariDataSource.getConnection(HikariDataSource.java:112) ~[HikariCP-4.0.3.jar:na]
	at org.hibernate.engine.jdbc.connections.internal.DatasourceConnectionProviderImpl.getConnection(DatasourceConnectionProviderImpl.java:122) ~[hibernate-core-5.4.33.jar:5.4.33]
	at org.hibernate.engine.jdbc.env.internal.JdbcEnvironmentInitiator$ConnectionProviderJdbcConnectionAccess.obtainConnection(JdbcEnvironmentInitiator.java:180) ~[hibernate-core-5.4.33.jar:5.4.33]
	at org.hibernate.engine.jdbc.env.internal.JdbcEnvironmentInitiator.initiateService(JdbcEnvironmentInitiator.java:68) ~[hibernate-core-5.4.33.jar:5.4.33]
	at org.hibernate.engine.jdbc.env.internal.JdbcEnvironmentInitiator.initiateService(JdbcEnvironmentInitiator.java:35) ~[hibernate-core-5.4.33.jar:5.4.33]
	at org.hibernate.boot.registry.internal.StandardServiceRegistryImpl.initiateService(StandardServiceRegistryImpl.java:101) ~[hibernate-core-5.4.33.jar:5.4.33]
	at org.hibernate.service.internal.AbstractServiceRegistryImpl.createService(AbstractServiceRegistryImpl.java:263) ~[hibernate-core-5.4.33.jar:5.4.33]
	at org.hibernate.service.internal.AbstractServiceRegistryImpl.initializeService(AbstractServiceRegistryImpl.java:237) ~[hibernate-core-5.4.33.jar:5.4.33]
	at org.hibernate.service.internal.AbstractServiceRegistryImpl.getService(AbstractServiceRegistryImpl.java:214) ~[hibernate-core-5.4.33.jar:5.4.33]
	at org.hibernate.id.factory.internal.DefaultIdentifierGeneratorFactory.injectServices(DefaultIdentifierGeneratorFactory.java:152) ~[hibernate-core-5.4.33.jar:5.4.33]
	at org.hibernate.service.internal.AbstractServiceRegistryImpl.injectDependencies(AbstractServiceRegistryImpl.java:286) ~[hibernate-core-5.4.33.jar:5.4.33]
	at org.hibernate.service.internal.AbstractServiceRegistryImpl.initializeService(AbstractServiceRegistryImpl.java:243) ~[hibernate-core-5.4.33.jar:5.4.33]
	at org.hibernate.service.internal.AbstractServiceRegistryImpl.getService(AbstractServiceRegistryImpl.java:214) ~[hibernate-core-5.4.33.jar:5.4.33]
	at org.hibernate.boot.internal.InFlightMetadataCollectorImpl.<init>(InFlightMetadataCollectorImpl.java:176) ~[hibernate-core-5.4.33.jar:5.4.33]
	at org.hibernate.boot.model.process.spi.MetadataBuildingProcess.complete(MetadataBuildingProcess.java:127) ~[hibernate-core-5.4.33.jar:5.4.33]
	at org.hibernate.jpa.boot.internal.EntityManagerFactoryBuilderImpl.metadata(EntityManagerFactoryBuilderImpl.java:1224) ~[hibernate-core-5.4.33.jar:5.4.33]
	at org.hibernate.jpa.boot.internal.EntityManagerFactoryBuilderImpl.build(EntityManagerFactoryBuilderImpl.java:1255) ~[hibernate-core-5.4.33.jar:5.4.33]
	at org.springframework.orm.jpa.vendor.SpringHibernateJpaPersistenceProvider.createContainerEntityManagerFactory(SpringHibernateJpaPersistenceProvider.java:58) ~[spring-orm-5.3.15.jar:5.3.15]
	at org.springframework.orm.jpa.LocalContainerEntityManagerFactoryBean.createNativeEntityManagerFactory(LocalContainerEntityManagerFactoryBean.java:365) ~[spring-orm-5.3.15.jar:5.3.15]
	at org.springframework.orm.jpa.AbstractEntityManagerFactoryBean.buildNativeEntityManagerFactory(AbstractEntityManagerFactoryBean.java:409) ~[spring-orm-5.3.15.jar:5.3.15]
	at org.springframework.orm.jpa.AbstractEntityManagerFactoryBean.afterPropertiesSet(AbstractEntityManagerFactoryBean.java:396) ~[spring-orm-5.3.15.jar:5.3.15]
	at org.springframework.orm.jpa.LocalContainerEntityManagerFactoryBean.afterPropertiesSet(LocalContainerEntityManagerFactoryBean.java:341) ~[spring-orm-5.3.15.jar:5.3.15]
	at org.springframework.beans.factory.support.AbstractAutowireCapableBeanFactory.invokeInitMethods(AbstractAutowireCapableBeanFactory.java:1863) ~[spring-beans-5.3.15.jar:5.3.15]
	at org.springframework.beans.factory.support.AbstractAutowireCapableBeanFactory.initializeBean(AbstractAutowireCapableBeanFactory.java:1800) ~[spring-beans-5.3.15.jar:5.3.15]
	at org.springframework.beans.factory.support.AbstractAutowireCapableBeanFactory.doCreateBean(AbstractAutowireCapableBeanFactory.java:620) ~[spring-beans-5.3.15.jar:5.3.15]
	at org.springframework.beans.factory.support.AbstractAutowireCapableBeanFactory.createBean(AbstractAutowireCapableBeanFactory.java:542) ~[spring-beans-5.3.15.jar:5.3.15]
	at org.springframework.beans.factory.support.AbstractBeanFactory.lambda$doGetBean$0(AbstractBeanFactory.java:335) ~[spring-beans-5.3.15.jar:5.3.15]
	at org.springframework.beans.factory.support.DefaultSingletonBeanRegistry.getSingleton(DefaultSingletonBeanRegistry.java:234) ~[spring-beans-5.3.15.jar:5.3.15]
	at org.springframework.beans.factory.support.AbstractBeanFactory.doGetBean(AbstractBeanFactory.java:333) ~[spring-beans-5.3.15.jar:5.3.15]
	at org.springframework.beans.factory.support.AbstractBeanFactory.getBean(AbstractBeanFactory.java:208) ~[spring-beans-5.3.15.jar:5.3.15]
	at org.springframework.context.support.AbstractApplicationContext.getBean(AbstractApplicationContext.java:1154) ~[spring-context-5.3.15.jar:5.3.15]
	at org.springframework.context.support.AbstractApplicationContext.finishBeanFactoryInitialization(AbstractApplicationContext.java:908) ~[spring-context-5.3.15.jar:5.3.15]
	at org.springframework.context.support.AbstractApplicationContext.refresh(AbstractApplicationContext.java:583) ~[spring-context-5.3.15.jar:5.3.15]
	at org.springframework.boot.web.servlet.context.ServletWebServerApplicationContext.refresh(ServletWebServerApplicationContext.java:145) ~[spring-boot-2.5.9.jar:2.5.9]
	at org.springframework.boot.SpringApplication.refresh(SpringApplication.java:767) ~[spring-boot-2.5.9.jar:2.5.9]
	at org.springframework.boot.SpringApplication.refreshContext(SpringApplication.java:447) ~[spring-boot-2.5.9.jar:2.5.9]
	at org.springframework.boot.SpringApplication.run(SpringApplication.java:338) ~[spring-boot-2.5.9.jar:2.5.9]
	at org.springframework.boot.SpringApplication.run(SpringApplication.java:1356) ~[spring-boot-2.5.9.jar:2.5.9]
	at org.springframework.boot.SpringApplication.run(SpringApplication.java:1345) ~[spring-boot-2.5.9.jar:2.5.9]
	at com.example.demo.BackendFApplication.main(BackendFApplication.java:10) ~[classes/:na]

2026-04-29 08:27:50.775  INFO 6068 --- [main] org.hibernate.dialect.Dialect            : HHH000400: Using dialect: org.hibernate.dialect.PostgreSQLDialect
2026-04-29 08:27:51.431  INFO 6068 --- [main] com.zaxxer.hikari.HikariDataSource       : HikariPool-1 - Starting...
2026-04-29 08:27:52.578 ERROR 6068 --- [main] com.zaxxer.hikari.pool.HikariPool        : HikariPool-1 - Exception during pool initialization.

org.postgresql.util.PSQLException: FATAL: database "familias" does not exist
	at org.postgresql.core.v3.QueryExecutorImpl.receiveErrorResponse(QueryExecutorImpl.java:2565) ~[postgresql-42.2.24.jar:42.2.24]
	at org.postgresql.core.v3.QueryExecutorImpl.readStartupMessages(QueryExecutorImpl.java:2677) ~[postgresql-42.2.24.jar:42.2.24]
	at org.postgresql.core.v3.QueryExecutorImpl.<init>(QueryExecutorImpl.java:147) ~[postgresql-42.2.24.jar:42.2.24]
	at org.postgresql.core.v3.ConnectionFactoryImpl.openConnectionImpl(ConnectionFactoryImpl.java:273) ~[postgresql-42.2.24.jar:42.2.24]
	at org.postgresql.core.ConnectionFactory.openConnection(ConnectionFactory.java:51) ~[postgresql-42.2.24.jar:42.2.24]
	at org.postgresql.jdbc.PgConnection.<init>(PgConnection.java:225) ~[postgresql-42.2.24.jar:42.2.24]
	at org.postgresql.Driver.makeConnection(Driver.java:465) ~[postgresql-42.2.24.jar:42.2.24]
	at org.postgresql.Driver.connect(Driver.java:264) ~[postgresql-42.2.24.jar:42.2.24]
	at com.zaxxer.hikari.util.DriverDataSource.getConnection(DriverDataSource.java:138) ~[HikariCP-4.0.3.jar:na]
	at com.zaxxer.hikari.pool.PoolBase.newConnection(PoolBase.java:364) ~[HikariCP-4.0.3.jar:na]
	at com.zaxxer.hikari.pool.PoolBase.newPoolEntry(PoolBase.java:206) ~[HikariCP-4.0.3.jar:na]
	at com.zaxxer.hikari.pool.HikariPool.createPoolEntry(HikariPool.java:476) ~[HikariCP-4.0.3.jar:na]
	at com.zaxxer.hikari.pool.HikariPool.checkFailFast(HikariPool.java:561) ~[HikariCP-4.0.3.jar:na]
	at com.zaxxer.hikari.pool.HikariPool.<init>(HikariPool.java:115) ~[HikariCP-4.0.3.jar:na]
	at com.zaxxer.hikari.HikariDataSource.getConnection(HikariDataSource.java:112) ~[HikariCP-4.0.3.jar:na]
	at org.hibernate.engine.jdbc.connections.internal.DatasourceConnectionProviderImpl.getConnection(DatasourceConnectionProviderImpl.java:122) ~[hibernate-core-5.4.33.jar:5.4.33]
	at org.hibernate.engine.jdbc.env.internal.JdbcEnvironmentInitiator$ConnectionProviderJdbcConnectionAccess.obtainConnection(JdbcEnvironmentInitiator.java:180) ~[hibernate-core-5.4.33.jar:5.4.33]
	at org.hibernate.resource.transaction.backend.jdbc.internal.DdlTransactionIsolatorNonJtaImpl.getIsolatedConnection(DdlTransactionIsolatorNonJtaImpl.java:43) ~[hibernate-core-5.4.33.jar:5.4.33]
	at org.hibernate.tool.schema.internal.exec.ImprovedExtractionContextImpl.getJdbcConnection(ImprovedExtractionContextImpl.java:60) ~[hibernate-core-5.4.33.jar:5.4.33]
	at org.hibernate.tool.schema.extract.internal.SequenceInformationExtractorLegacyImpl.extractMetadata(SequenceInformationExtractorLegacyImpl.java:40) ~[hibernate-core-5.4.33.jar:5.4.33]
	at org.hibernate.tool.schema.extract.internal.DatabaseInformationImpl.initializeSequences(DatabaseInformationImpl.java:65) ~[hibernate-core-5.4.33.jar:5.4.33]
	at org.hibernate.tool.schema.extract.internal.DatabaseInformationImpl.<init>(DatabaseInformationImpl.java:59) ~[hibernate-core-5.4.33.jar:5.4.33]
	at org.hibernate.tool.schema.internal.Helper.buildDatabaseInformation(Helper.java:155) ~[hibernate-core-5.4.33.jar:5.4.33]
	at org.hibernate.tool.schema.internal.AbstractSchemaMigrator.doMigration(AbstractSchemaMigrator.java:96) ~[hibernate-core-5.4.33.jar:5.4.33]
	at org.hibernate.tool.schema.spi.SchemaManagementToolCoordinator.performDatabaseAction(SchemaManagementToolCoordinator.java:184) ~[hibernate-core-5.4.33.jar:5.4.33]
	at org.hibernate.tool.schema.spi.SchemaManagementToolCoordinator.process(SchemaManagementToolCoordinator.java:73) ~[hibernate-core-5.4.33.jar:5.4.33]
	at org.hibernate.internal.SessionFactoryImpl.<init>(SessionFactoryImpl.java:318) ~[hibernate-core-5.4.33.jar:5.4.33]
	at org.hibernate.boot.internal.SessionFactoryBuilderImpl.build(SessionFactoryBuilderImpl.java:468) ~[hibernate-core-5.4.33.jar:5.4.33]
	at org.hibernate.jpa.boot.internal.EntityManagerFactoryBuilderImpl.build(EntityManagerFactoryBuilderImpl.java:1259) ~[hibernate-core-5.4.33.jar:5.4.33]
	at org.springframework.orm.jpa.vendor.SpringHibernateJpaPersistenceProvider.createContainerEntityManagerFactory(SpringHibernateJpaPersistenceProvider.java:58) ~[spring-orm-5.3.15.jar:5.3.15]
	at org.springframework.orm.jpa.LocalContainerEntityManagerFactoryBean.createNativeEntityManagerFactory(LocalContainerEntityManagerFactoryBean.java:365) ~[spring-orm-5.3.15.jar:5.3.15]
	at org.springframework.orm.jpa.AbstractEntityManagerFactoryBean.buildNativeEntityManagerFactory(AbstractEntityManagerFactoryBean.java:409) ~[spring-orm-5.3.15.jar:5.3.15]
	at org.springframework.orm.jpa.AbstractEntityManagerFactoryBean.afterPropertiesSet(AbstractEntityManagerFactoryBean.java:396) ~[spring-orm-5.3.15.jar:5.3.15]
	at org.springframework.orm.jpa.LocalContainerEntityManagerFactoryBean.afterPropertiesSet(LocalContainerEntityManagerFactoryBean.java:341) ~[spring-orm-5.3.15.jar:5.3.15]
	at org.springframework.beans.factory.support.AbstractAutowireCapableBeanFactory.invokeInitMethods(AbstractAutowireCapableBeanFactory.java:1863) ~[spring-beans-5.3.15.jar:5.3.15]
	at org.springframework.beans.factory.support.AbstractAutowireCapableBeanFactory.initializeBean(AbstractAutowireCapableBeanFactory.java:1800) ~[spring-beans-5.3.15.jar:5.3.15]
	at org.springframework.beans.factory.support.AbstractAutowireCapableBeanFactory.doCreateBean(AbstractAutowireCapableBeanFactory.java:620) ~[spring-beans-5.3.15.jar:5.3.15]
	at org.springframework.beans.factory.support.AbstractAutowireCapableBeanFactory.createBean(AbstractAutowireCapableBeanFactory.java:542) ~[spring-beans-5.3.15.jar:5.3.15]
	at org.springframework.beans.factory.support.AbstractBeanFactory.lambda$doGetBean$0(AbstractBeanFactory.java:335) ~[spring-beans-5.3.15.jar:5.3.15]
	at org.springframework.beans.factory.support.DefaultSingletonBeanRegistry.getSingleton(DefaultSingletonBeanRegistry.java:234) ~[spring-beans-5.3.15.jar:5.3.15]
	at org.springframework.beans.factory.support.AbstractBeanFactory.doGetBean(AbstractBeanFactory.java:333) ~[spring-beans-5.3.15.jar:5.3.15]
	at org.springframework.beans.factory.support.AbstractBeanFactory.getBean(AbstractBeanFactory.java:208) ~[spring-beans-5.3.15.jar:5.3.15]
	at org.springframework.context.support.AbstractApplicationContext.getBean(AbstractApplicationContext.java:1154) ~[spring-context-5.3.15.jar:5.3.15]
	at org.springframework.context.support.AbstractApplicationContext.finishBeanFactoryInitialization(AbstractApplicationContext.java:908) ~[spring-context-5.3.15.jar:5.3.15]
	at org.springframework.context.support.AbstractApplicationContext.refresh(AbstractApplicationContext.java:583) ~[spring-context-5.3.15.jar:5.3.15]
	at org.springframework.boot.web.servlet.context.ServletWebServerApplicationContext.refresh(ServletWebServerApplicationContext.java:145) ~[spring-boot-2.5.9.jar:2.5.9]
	at org.springframework.boot.SpringApplication.refresh(SpringApplication.java:767) ~[spring-boot-2.5.9.jar:2.5.9]
	at org.springframework.boot.SpringApplication.refreshContext(SpringApplication.java:447) ~[spring-boot-2.5.9.jar:2.5.9]
	at org.springframework.boot.SpringApplication.run(SpringApplication.java:338) ~[spring-boot-2.5.9.jar:2.5.9]
	at org.springframework.boot.SpringApplication.run(SpringApplication.java:1356) ~[spring-boot-2.5.9.jar:2.5.9]
	at org.springframework.boot.SpringApplication.run(SpringApplication.java:1345) ~[spring-boot-2.5.9.jar:2.5.9]
	at com.example.demo.BackendFApplication.main(BackendFApplication.java:10) ~[classes/:na]

2026-04-29 08:27:52.580  WARN 6068 --- [main] o.h.engine.jdbc.spi.SqlExceptionHelper   : SQL Error: 0, SQLState: 3D000
2026-04-29 08:27:52.580 ERROR 6068 --- [main] o.h.engine.jdbc.spi.SqlExceptionHelper   : FATAL: database "familias" does not exist
2026-04-29 08:27:52.585 ERROR 6068 --- [main] j.LocalContainerEntityManagerFactoryBean : Failed to initialize JPA EntityManagerFactory: [PersistenceUnit: default] Unable to build Hibernate SessionFactory; nested exception is org.hibernate.exception.GenericJDBCException: Unable to open JDBC Connection for DDL execution
2026-04-29 08:27:52.586  WARN 6068 --- [main] ConfigServletWebServerApplicationContext : Exception encountered during context initialization - cancelling refresh attempt: org.springframework.beans.factory.BeanCreationException: Error creating bean with name 'entityManagerFactory' defined in class path resource [org/springframework/boot/autoconfigure/orm/jpa/HibernateJpaConfiguration.class]: Invocation of init method failed; nested exception is javax.persistence.PersistenceException: [PersistenceUnit: default] Unable to build Hibernate SessionFactory; nested exception is org.hibernate.exception.GenericJDBCException: Unable to open JDBC Connection for DDL execution
2026-04-29 08:27:52.587  INFO 6068 --- [main] o.apache.catalina.core.StandardService   : Stopping service [Tomcat]
2026-04-29 08:27:52.600  INFO 6068 --- [main] ConditionEvaluationReportLoggingListener : 

Error starting ApplicationContext. To display the conditions report re-run your application with 'debug' enabled.
2026-04-29 08:27:52.612 ERROR 6068 --- [main] o.s.boot.SpringApplication               : Application run failed

org.springframework.beans.factory.BeanCreationException: Error creating bean with name 'entityManagerFactory' defined in class path resource [org/springframework/boot/autoconfigure/orm/jpa/HibernateJpaConfiguration.class]: Invocation of init method failed; nested exception is javax.persistence.PersistenceException: [PersistenceUnit: default] Unable to build Hibernate SessionFactory; nested exception is org.hibernate.exception.GenericJDBCException: Unable to open JDBC Connection for DDL execution
	at org.springframework.beans.factory.support.AbstractAutowireCapableBeanFactory.initializeBean(AbstractAutowireCapableBeanFactory.java:1804) ~[spring-beans-5.3.15.jar:5.3.15]
	at org.springframework.beans.factory.support.AbstractAutowireCapableBeanFactory.doCreateBean(AbstractAutowireCapableBeanFactory.java:620) ~[spring-beans-5.3.15.jar:5.3.15]
	at org.springframework.beans.factory.support.AbstractAutowireCapableBeanFactory.createBean(AbstractAutowireCapableBeanFactory.java:542) ~[spring-beans-5.3.15.jar:5.3.15]
	at org.springframework.beans.factory.support.AbstractBeanFactory.lambda$doGetBean$0(AbstractBeanFactory.java:335) ~[spring-beans-5.3.15.jar:5.3.15]
	at org.springframework.beans.factory.support.DefaultSingletonBeanRegistry.getSingleton(DefaultSingletonBeanRegistry.java:234) ~[spring-beans-5.3.15.jar:5.3.15]
	at org.springframework.beans.factory.support.AbstractBeanFactory.doGetBean(AbstractBeanFactory.java:333) ~[spring-beans-5.3.15.jar:5.3.15]
	at org.springframework.beans.factory.support.AbstractBeanFactory.getBean(AbstractBeanFactory.java:208) ~[spring-beans-5.3.15.jar:5.3.15]
	at org.springframework.context.support.AbstractApplicationContext.getBean(AbstractApplicationContext.java:1154) ~[spring-context-5.3.15.jar:5.3.15]
	at org.springframework.context.support.AbstractApplicationContext.finishBeanFactoryInitialization(AbstractApplicationContext.java:908) ~[spring-context-5.3.15.jar:5.3.15]
	at org.springframework.context.support.AbstractApplicationContext.refresh(AbstractApplicationContext.java:583) ~[spring-context-5.3.15.jar:5.3.15]
	at org.springframework.boot.web.servlet.context.ServletWebServerApplicationContext.refresh(ServletWebServerApplicationContext.java:145) ~[spring-boot-2.5.9.jar:2.5.9]
	at org.springframework.boot.SpringApplication.refresh(SpringApplication.java:767) ~[spring-boot-2.5.9.jar:2.5.9]
	at org.springframework.boot.SpringApplication.refreshContext(SpringApplication.java:447) ~[spring-boot-2.5.9.jar:2.5.9]
	at org.springframework.boot.SpringApplication.run(SpringApplication.java:338) ~[spring-boot-2.5.9.jar:2.5.9]
	at org.springframework.boot.SpringApplication.run(SpringApplication.java:1356) ~[spring-boot-2.5.9.jar:2.5.9]
	at org.springframework.boot.SpringApplication.run(SpringApplication.java:1345) ~[spring-boot-2.5.9.jar:2.5.9]
	at com.example.demo.BackendFApplication.main(BackendFApplication.java:10) ~[classes/:na]
Caused by: javax.persistence.PersistenceException: [PersistenceUnit: default] Unable to build Hibernate SessionFactory; nested exception is org.hibernate.exception.GenericJDBCException: Unable to open JDBC Connection for DDL execution
	at org.springframework.orm.jpa.AbstractEntityManagerFactoryBean.buildNativeEntityManagerFactory(AbstractEntityManagerFactoryBean.java:421) ~[spring-orm-5.3.15.jar:5.3.15]
	at org.springframework.orm.jpa.AbstractEntityManagerFactoryBean.afterPropertiesSet(AbstractEntityManagerFactoryBean.java:396) ~[spring-orm-5.3.15.jar:5.3.15]
	at org.springframework.orm.jpa.LocalContainerEntityManagerFactoryBean.afterPropertiesSet(LocalContainerEntityManagerFactoryBean.java:341) ~[spring-orm-5.3.15.jar:5.3.15]
	at org.springframework.beans.factory.support.AbstractAutowireCapableBeanFactory.invokeInitMethods(AbstractAutowireCapableBeanFactory.java:1863) ~[spring-beans-5.3.15.jar:5.3.15]
	at org.springframework.beans.factory.support.AbstractAutowireCapableBeanFactory.initializeBean(AbstractAutowireCapableBeanFactory.java:1800) ~[spring-beans-5.3.15.jar:5.3.15]
	... 16 common frames omitted
Caused by: org.hibernate.exception.GenericJDBCException: Unable to open JDBC Connection for DDL execution
	at org.hibernate.exception.internal.StandardSQLExceptionConverter.convert(StandardSQLExceptionConverter.java:47) ~[hibernate-core-5.4.33.jar:5.4.33]
	at org.hibernate.engine.jdbc.spi.SqlExceptionHelper.convert(SqlExceptionHelper.java:113) ~[hibernate-core-5.4.33.jar:5.4.33]
	at org.hibernate.engine.jdbc.spi.SqlExceptionHelper.convert(SqlExceptionHelper.java:99) ~[hibernate-core-5.4.33.jar:5.4.33]
	at org.hibernate.resource.transaction.backend.jdbc.internal.DdlTransactionIsolatorNonJtaImpl.getIsolatedConnection(DdlTransactionIsolatorNonJtaImpl.java:69) ~[hibernate-core-5.4.33.jar:5.4.33]
	at org.hibernate.tool.schema.internal.exec.ImprovedExtractionContextImpl.getJdbcConnection(ImprovedExtractionContextImpl.java:60) ~[hibernate-core-5.4.33.jar:5.4.33]
	at org.hibernate.tool.schema.extract.internal.SequenceInformationExtractorLegacyImpl.extractMetadata(SequenceInformationExtractorLegacyImpl.java:40) ~[hibernate-core-5.4.33.jar:5.4.33]
	at org.hibernate.tool.schema.extract.internal.DatabaseInformationImpl.initializeSequences(DatabaseInformationImpl.java:65) ~[hibernate-core-5.4.33.jar:5.4.33]
	at org.hibernate.tool.schema.extract.internal.DatabaseInformationImpl.<init>(DatabaseInformationImpl.java:59) ~[hibernate-core-5.4.33.jar:5.4.33]
	at org.hibernate.tool.schema.internal.Helper.buildDatabaseInformation(Helper.java:155) ~[hibernate-core-5.4.33.jar:5.4.33]
	at org.hibernate.tool.schema.internal.AbstractSchemaMigrator.doMigration(AbstractSchemaMigrator.java:96) ~[hibernate-core-5.4.33.jar:5.4.33]
	at org.hibernate.tool.schema.spi.SchemaManagementToolCoordinator.performDatabaseAction(SchemaManagementToolCoordinator.java:184) ~[hibernate-core-5.4.33.jar:5.4.33]
	at org.hibernate.tool.schema.spi.SchemaManagementToolCoordinator.process(SchemaManagementToolCoordinator.java:73) ~[hibernate-core-5.4.33.jar:5.4.33]
	at org.hibernate.internal.SessionFactoryImpl.<init>(SessionFactoryImpl.java:318) ~[hibernate-core-5.4.33.jar:5.4.33]
	at org.hibernate.boot.internal.SessionFactoryBuilderImpl.build(SessionFactoryBuilderImpl.java:468) ~[hibernate-core-5.4.33.jar:5.4.33]
	at org.hibernate.jpa.boot.internal.EntityManagerFactoryBuilderImpl.build(EntityManagerFactoryBuilderImpl.java:1259) ~[hibernate-core-5.4.33.jar:5.4.33]
	at org.springframework.orm.jpa.vendor.SpringHibernateJpaPersistenceProvider.createContainerEntityManagerFactory(SpringHibernateJpaPersistenceProvider.java:58) ~[spring-orm-5.3.15.jar:5.3.15]
	at org.springframework.orm.jpa.LocalContainerEntityManagerFactoryBean.createNativeEntityManagerFactory(LocalContainerEntityManagerFactoryBean.java:365) ~[spring-orm-5.3.15.jar:5.3.15]
	at org.springframework.orm.jpa.AbstractEntityManagerFactoryBean.buildNativeEntityManagerFactory(AbstractEntityManagerFactoryBean.java:409) ~[spring-orm-5.3.15.jar:5.3.15]
	... 20 common frames omitted
Caused by: org.postgresql.util.PSQLException: FATAL: database "familias" does not exist
	at org.postgresql.core.v3.QueryExecutorImpl.receiveErrorResponse(QueryExecutorImpl.java:2565) ~[postgresql-42.2.24.jar:42.2.24]
	at org.postgresql.core.v3.QueryExecutorImpl.readStartupMessages(QueryExecutorImpl.java:2677) ~[postgresql-42.2.24.jar:42.2.24]
	at org.postgresql.core.v3.QueryExecutorImpl.<init>(QueryExecutorImpl.java:147) ~[postgresql-42.2.24.jar:42.2.24]
	at org.postgresql.core.v3.ConnectionFactoryImpl.openConnectionImpl(ConnectionFactoryImpl.java:273) ~[postgresql-42.2.24.jar:42.2.24]
	at org.postgresql.core.ConnectionFactory.openConnection(ConnectionFactory.java:51) ~[postgresql-42.2.24.jar:42.2.24]
	at org.postgresql.jdbc.PgConnection.<init>(PgConnection.java:225) ~[postgresql-42.2.24.jar:42.2.24]
	at org.postgresql.Driver.makeConnection(Driver.java:465) ~[postgresql-42.2.24.jar:42.2.24]
	at org.postgresql.Driver.connect(Driver.java:264) ~[postgresql-42.2.24.jar:42.2.24]
	at com.zaxxer.hikari.util.DriverDataSource.getConnection(DriverDataSource.java:138) ~[HikariCP-4.0.3.jar:na]
	at com.zaxxer.hikari.pool.PoolBase.newConnection(PoolBase.java:364) ~[HikariCP-4.0.3.jar:na]
	at com.zaxxer.hikari.pool.PoolBase.newPoolEntry(PoolBase.java:206) ~[HikariCP-4.0.3.jar:na]
	at com.zaxxer.hikari.pool.HikariPool.createPoolEntry(HikariPool.java:476) ~[HikariCP-4.0.3.jar:na]
	at com.zaxxer.hikari.pool.HikariPool.checkFailFast(HikariPool.java:561) ~[HikariCP-4.0.3.jar:na]
	at com.zaxxer.hikari.pool.HikariPool.<init>(HikariPool.java:115) ~[HikariCP-4.0.3.jar:na]
	at com.zaxxer.hikari.HikariDataSource.getConnection(HikariDataSource.java:112) ~[HikariCP-4.0.3.jar:na]
	at org.hibernate.engine.jdbc.connections.internal.DatasourceConnectionProviderImpl.getConnection(DatasourceConnectionProviderImpl.java:122) ~[hibernate-core-5.4.33.jar:5.4.33]
	at org.hibernate.engine.jdbc.env.internal.JdbcEnvironmentInitiator$ConnectionProviderJdbcConnectionAccess.obtainConnection(JdbcEnvironmentInitiator.java:180) ~[hibernate-core-5.4.33.jar:5.4.33]
	at org.hibernate.resource.transaction.backend.jdbc.internal.DdlTransactionIsolatorNonJtaImpl.getIsolatedConnection(DdlTransactionIsolatorNonJtaImpl.java:43) ~[hibernate-core-5.4.33.jar:5.4.33]
	... 34 common frames omitted

2026-04-29 08:30:18.061  INFO 3536 --- [main] com.example.demo.BackendFApplication     : Starting BackendFApplication using Java 17.0.4.1 on Windows10-2025 with PID 3536 (C:\Users\usuario\Desktop\wrk\ctrlfamilias\backend-f\target\classes started by usuario in C:\Users\usuario\Desktop\wrk\ctrlfamilias\backend-f)
2026-04-29 08:30:18.065  INFO 3536 --- [main] com.example.demo.BackendFApplication     : No active profile set, falling back to default profiles: default
2026-04-29 08:30:18.761  INFO 3536 --- [main] .s.d.r.c.RepositoryConfigurationDelegate : Bootstrapping Spring Data JPA repositories in DEFAULT mode.
2026-04-29 08:30:18.821  INFO 3536 --- [main] .s.d.r.c.RepositoryConfigurationDelegate : Finished Spring Data repository scanning in 32 ms. Found 2 JPA repository interfaces.
2026-04-29 08:30:19.315  INFO 3536 --- [main] o.s.b.w.embedded.tomcat.TomcatWebServer  : Tomcat initialized with port(s): 8080 (http)
2026-04-29 08:30:19.328  INFO 3536 --- [main] o.apache.catalina.core.StandardService   : Starting service [Tomcat]
2026-04-29 08:30:19.330  INFO 3536 --- [main] org.apache.catalina.core.StandardEngine  : Starting Servlet engine: [Apache Tomcat/9.0.56]
2026-04-29 08:30:19.414  INFO 3536 --- [main] o.a.c.c.C.[Tomcat].[localhost].[/]       : Initializing Spring embedded WebApplicationContext
2026-04-29 08:30:19.414  INFO 3536 --- [main] w.s.c.ServletWebServerApplicationContext : Root WebApplicationContext: initialization completed in 1275 ms
2026-04-29 08:30:19.608  INFO 3536 --- [main] o.hibernate.jpa.internal.util.LogHelper  : HHH000204: Processing PersistenceUnitInfo [name: default]
2026-04-29 08:30:19.666  INFO 3536 --- [main] org.hibernate.Version                    : HHH000412: Hibernate ORM core version 5.4.33
2026-04-29 08:30:19.822  INFO 3536 --- [main] o.hibernate.annotations.common.Version   : HCANN000001: Hibernate Commons Annotations {5.1.2.Final}
2026-04-29 08:30:19.936  INFO 3536 --- [main] com.zaxxer.hikari.HikariDataSource       : HikariPool-1 - Starting...
2026-04-29 08:30:20.126  INFO 3536 --- [main] com.zaxxer.hikari.HikariDataSource       : HikariPool-1 - Start completed.
2026-04-29 08:30:20.145  INFO 3536 --- [main] org.hibernate.dialect.Dialect            : HHH000400: Using dialect: org.hibernate.dialect.PostgreSQLDialect
2026-04-29 08:30:20.931  INFO 3536 --- [main] o.h.e.t.j.p.i.JtaPlatformInitiator       : HHH000490: Using JtaPlatform implementation: [org.hibernate.engine.transaction.jta.platform.internal.NoJtaPlatform]
2026-04-29 08:30:20.942  INFO 3536 --- [main] j.LocalContainerEntityManagerFactoryBean : Initialized JPA EntityManagerFactory for persistence unit 'default'
2026-04-29 08:30:21.215  WARN 3536 --- [main] JpaBaseConfiguration$JpaWebConfiguration : spring.jpa.open-in-view is enabled by default. Therefore, database queries may be performed during view rendering. Explicitly configure spring.jpa.open-in-view to disable this warning
2026-04-29 08:30:21.385  WARN 3536 --- [main] ConfigServletWebServerApplicationContext : Exception encountered during context initialization - cancelling refresh attempt: org.springframework.beans.factory.BeanCreationException: Error creating bean with name 'requestMappingHandlerMapping' defined in class path resource [org/springframework/boot/autoconfigure/web/servlet/WebMvcAutoConfiguration$EnableWebMvcConfiguration.class]: Invocation of init method failed; nested exception is java.lang.IllegalStateException: Ambiguous mapping. Cannot map 'personaController' method 
com.example.demo.controller.PersonaController#update(PersonaEntity, Long)
to {PUT [/api/v1/entities/personas/{id}]}: There is already 'familiaController' bean method
com.example.demo.controller.FamiliaController#update(FamiliaEntity, Long) mapped.
2026-04-29 08:30:21.386  INFO 3536 --- [main] j.LocalContainerEntityManagerFactoryBean : Closing JPA EntityManagerFactory for persistence unit 'default'
2026-04-29 08:30:21.389  INFO 3536 --- [main] com.zaxxer.hikari.HikariDataSource       : HikariPool-1 - Shutdown initiated...
2026-04-29 08:30:21.394  INFO 3536 --- [main] com.zaxxer.hikari.HikariDataSource       : HikariPool-1 - Shutdown completed.
2026-04-29 08:30:21.396  INFO 3536 --- [main] o.apache.catalina.core.StandardService   : Stopping service [Tomcat]
2026-04-29 08:30:21.421  INFO 3536 --- [main] ConditionEvaluationReportLoggingListener : 

Error starting ApplicationContext. To display the conditions report re-run your application with 'debug' enabled.
2026-04-29 08:30:21.443 ERROR 3536 --- [main] o.s.boot.SpringApplication               : Application run failed

org.springframework.beans.factory.BeanCreationException: Error creating bean with name 'requestMappingHandlerMapping' defined in class path resource [org/springframework/boot/autoconfigure/web/servlet/WebMvcAutoConfiguration$EnableWebMvcConfiguration.class]: Invocation of init method failed; nested exception is java.lang.IllegalStateException: Ambiguous mapping. Cannot map 'personaController' method 
com.example.demo.controller.PersonaController#update(PersonaEntity, Long)
to {PUT [/api/v1/entities/personas/{id}]}: There is already 'familiaController' bean method
com.example.demo.controller.FamiliaController#update(FamiliaEntity, Long) mapped.
	at org.springframework.beans.factory.support.AbstractAutowireCapableBeanFactory.initializeBean(AbstractAutowireCapableBeanFactory.java:1804) ~[spring-beans-5.3.15.jar:5.3.15]
	at org.springframework.beans.factory.support.AbstractAutowireCapableBeanFactory.doCreateBean(AbstractAutowireCapableBeanFactory.java:620) ~[spring-beans-5.3.15.jar:5.3.15]
	at org.springframework.beans.factory.support.AbstractAutowireCapableBeanFactory.createBean(AbstractAutowireCapableBeanFactory.java:542) ~[spring-beans-5.3.15.jar:5.3.15]
	at org.springframework.beans.factory.support.AbstractBeanFactory.lambda$doGetBean$0(AbstractBeanFactory.java:335) ~[spring-beans-5.3.15.jar:5.3.15]
	at org.springframework.beans.factory.support.DefaultSingletonBeanRegistry.getSingleton(DefaultSingletonBeanRegistry.java:234) ~[spring-beans-5.3.15.jar:5.3.15]
	at org.springframework.beans.factory.support.AbstractBeanFactory.doGetBean(AbstractBeanFactory.java:333) ~[spring-beans-5.3.15.jar:5.3.15]
	at org.springframework.beans.factory.support.AbstractBeanFactory.getBean(AbstractBeanFactory.java:208) ~[spring-beans-5.3.15.jar:5.3.15]
	at org.springframework.beans.factory.support.DefaultListableBeanFactory.preInstantiateSingletons(DefaultListableBeanFactory.java:953) ~[spring-beans-5.3.15.jar:5.3.15]
	at org.springframework.context.support.AbstractApplicationContext.finishBeanFactoryInitialization(AbstractApplicationContext.java:918) ~[spring-context-5.3.15.jar:5.3.15]
	at org.springframework.context.support.AbstractApplicationContext.refresh(AbstractApplicationContext.java:583) ~[spring-context-5.3.15.jar:5.3.15]
	at org.springframework.boot.web.servlet.context.ServletWebServerApplicationContext.refresh(ServletWebServerApplicationContext.java:145) ~[spring-boot-2.5.9.jar:2.5.9]
	at org.springframework.boot.SpringApplication.refresh(SpringApplication.java:767) ~[spring-boot-2.5.9.jar:2.5.9]
	at org.springframework.boot.SpringApplication.refreshContext(SpringApplication.java:447) ~[spring-boot-2.5.9.jar:2.5.9]
	at org.springframework.boot.SpringApplication.run(SpringApplication.java:338) ~[spring-boot-2.5.9.jar:2.5.9]
	at org.springframework.boot.SpringApplication.run(SpringApplication.java:1356) ~[spring-boot-2.5.9.jar:2.5.9]
	at org.springframework.boot.SpringApplication.run(SpringApplication.java:1345) ~[spring-boot-2.5.9.jar:2.5.9]
	at com.example.demo.BackendFApplication.main(BackendFApplication.java:10) ~[classes/:na]
Caused by: java.lang.IllegalStateException: Ambiguous mapping. Cannot map 'personaController' method 
com.example.demo.controller.PersonaController#update(PersonaEntity, Long)
to {PUT [/api/v1/entities/personas/{id}]}: There is already 'familiaController' bean method
com.example.demo.controller.FamiliaController#update(FamiliaEntity, Long) mapped.
	at org.springframework.web.servlet.handler.AbstractHandlerMethodMapping$MappingRegistry.validateMethodMapping(AbstractHandlerMethodMapping.java:669) ~[spring-webmvc-5.3.15.jar:5.3.15]
	at org.springframework.web.servlet.handler.AbstractHandlerMethodMapping$MappingRegistry.register(AbstractHandlerMethodMapping.java:635) ~[spring-webmvc-5.3.15.jar:5.3.15]
	at org.springframework.web.servlet.handler.AbstractHandlerMethodMapping.registerHandlerMethod(AbstractHandlerMethodMapping.java:332) ~[spring-webmvc-5.3.15.jar:5.3.15]
	at org.springframework.web.servlet.mvc.method.annotation.RequestMappingHandlerMapping.registerHandlerMethod(RequestMappingHandlerMapping.java:420) ~[spring-webmvc-5.3.15.jar:5.3.15]
	at org.springframework.web.servlet.mvc.method.annotation.RequestMappingHandlerMapping.registerHandlerMethod(RequestMappingHandlerMapping.java:76) ~[spring-webmvc-5.3.15.jar:5.3.15]
	at org.springframework.web.servlet.handler.AbstractHandlerMethodMapping.lambda$detectHandlerMethods$2(AbstractHandlerMethodMapping.java:299) ~[spring-webmvc-5.3.15.jar:5.3.15]
	at java.base/java.util.LinkedHashMap.forEach(LinkedHashMap.java:721) ~[na:na]
	at org.springframework.web.servlet.handler.AbstractHandlerMethodMapping.detectHandlerMethods(AbstractHandlerMethodMapping.java:297) ~[spring-webmvc-5.3.15.jar:5.3.15]
	at org.springframework.web.servlet.handler.AbstractHandlerMethodMapping.processCandidateBean(AbstractHandlerMethodMapping.java:266) ~[spring-webmvc-5.3.15.jar:5.3.15]
	at org.springframework.web.servlet.handler.AbstractHandlerMethodMapping.initHandlerMethods(AbstractHandlerMethodMapping.java:225) ~[spring-webmvc-5.3.15.jar:5.3.15]
	at org.springframework.web.servlet.handler.AbstractHandlerMethodMapping.afterPropertiesSet(AbstractHandlerMethodMapping.java:213) ~[spring-webmvc-5.3.15.jar:5.3.15]
	at org.springframework.web.servlet.mvc.method.annotation.RequestMappingHandlerMapping.afterPropertiesSet(RequestMappingHandlerMapping.java:205) ~[spring-webmvc-5.3.15.jar:5.3.15]
	at org.springframework.beans.factory.support.AbstractAutowireCapableBeanFactory.invokeInitMethods(AbstractAutowireCapableBeanFactory.java:1863) ~[spring-beans-5.3.15.jar:5.3.15]
	at org.springframework.beans.factory.support.AbstractAutowireCapableBeanFactory.initializeBean(AbstractAutowireCapableBeanFactory.java:1800) ~[spring-beans-5.3.15.jar:5.3.15]
	... 16 common frames omitted

2026-04-29 08:30:41.229  INFO 1976 --- [main] com.example.demo.BackendFApplication     : Starting BackendFApplication using Java 17.0.4.1 on Windows10-2025 with PID 1976 (C:\Users\usuario\Desktop\wrk\ctrlfamilias\backend-f\target\classes started by usuario in C:\Users\usuario\Desktop\wrk\ctrlfamilias\backend-f)
2026-04-29 08:30:41.238  INFO 1976 --- [main] com.example.demo.BackendFApplication     : No active profile set, falling back to default profiles: default
2026-04-29 08:30:41.980  INFO 1976 --- [main] .s.d.r.c.RepositoryConfigurationDelegate : Bootstrapping Spring Data JPA repositories in DEFAULT mode.
2026-04-29 08:30:42.043  INFO 1976 --- [main] .s.d.r.c.RepositoryConfigurationDelegate : Finished Spring Data repository scanning in 34 ms. Found 2 JPA repository interfaces.
2026-04-29 08:30:42.651  INFO 1976 --- [main] o.s.b.w.embedded.tomcat.TomcatWebServer  : Tomcat initialized with port(s): 8080 (http)
2026-04-29 08:30:42.665  INFO 1976 --- [main] o.apache.catalina.core.StandardService   : Starting service [Tomcat]
2026-04-29 08:30:42.665  INFO 1976 --- [main] org.apache.catalina.core.StandardEngine  : Starting Servlet engine: [Apache Tomcat/9.0.56]
2026-04-29 08:30:42.763  INFO 1976 --- [main] o.a.c.c.C.[Tomcat].[localhost].[/]       : Initializing Spring embedded WebApplicationContext
2026-04-29 08:30:42.764  INFO 1976 --- [main] w.s.c.ServletWebServerApplicationContext : Root WebApplicationContext: initialization completed in 1449 ms
2026-04-29 08:30:42.975  INFO 1976 --- [main] o.hibernate.jpa.internal.util.LogHelper  : HHH000204: Processing PersistenceUnitInfo [name: default]
2026-04-29 08:30:43.045  INFO 1976 --- [main] org.hibernate.Version                    : HHH000412: Hibernate ORM core version 5.4.33
2026-04-29 08:30:43.223  INFO 1976 --- [main] o.hibernate.annotations.common.Version   : HCANN000001: Hibernate Commons Annotations {5.1.2.Final}
2026-04-29 08:30:43.363  INFO 1976 --- [main] com.zaxxer.hikari.HikariDataSource       : HikariPool-1 - Starting...
2026-04-29 08:30:43.555  INFO 1976 --- [main] com.zaxxer.hikari.HikariDataSource       : HikariPool-1 - Start completed.
2026-04-29 08:30:43.586  INFO 1976 --- [main] org.hibernate.dialect.Dialect            : HHH000400: Using dialect: org.hibernate.dialect.PostgreSQLDialect
2026-04-29 08:30:44.428  INFO 1976 --- [main] o.h.e.t.j.p.i.JtaPlatformInitiator       : HHH000490: Using JtaPlatform implementation: [org.hibernate.engine.transaction.jta.platform.internal.NoJtaPlatform]
2026-04-29 08:30:44.440  INFO 1976 --- [main] j.LocalContainerEntityManagerFactoryBean : Initialized JPA EntityManagerFactory for persistence unit 'default'
2026-04-29 08:30:44.762  WARN 1976 --- [main] JpaBaseConfiguration$JpaWebConfiguration : spring.jpa.open-in-view is enabled by default. Therefore, database queries may be performed during view rendering. Explicitly configure spring.jpa.open-in-view to disable this warning
2026-04-29 08:30:44.985  WARN 1976 --- [main] ConfigServletWebServerApplicationContext : Exception encountered during context initialization - cancelling refresh attempt: org.springframework.beans.factory.BeanCreationException: Error creating bean with name 'requestMappingHandlerMapping' defined in class path resource [org/springframework/boot/autoconfigure/web/servlet/WebMvcAutoConfiguration$EnableWebMvcConfiguration.class]: Invocation of init method failed; nested exception is java.lang.IllegalStateException: Ambiguous mapping. Cannot map 'personaController' method 
com.example.demo.controller.PersonaController#update(PersonaEntity, Long)
to {PUT [/api/v1/entities/personas/{id}]}: There is already 'familiaController' bean method
com.example.demo.controller.FamiliaController#update(FamiliaEntity, Long) mapped.
2026-04-29 08:30:44.985  INFO 1976 --- [main] j.LocalContainerEntityManagerFactoryBean : Closing JPA EntityManagerFactory for persistence unit 'default'
2026-04-29 08:30:44.988  INFO 1976 --- [main] com.zaxxer.hikari.HikariDataSource       : HikariPool-1 - Shutdown initiated...
2026-04-29 08:30:44.994  INFO 1976 --- [main] com.zaxxer.hikari.HikariDataSource       : HikariPool-1 - Shutdown completed.
2026-04-29 08:30:44.998  INFO 1976 --- [main] o.apache.catalina.core.StandardService   : Stopping service [Tomcat]
2026-04-29 08:30:45.021  INFO 1976 --- [main] ConditionEvaluationReportLoggingListener : 

Error starting ApplicationContext. To display the conditions report re-run your application with 'debug' enabled.
2026-04-29 08:30:45.043 ERROR 1976 --- [main] o.s.boot.SpringApplication               : Application run failed

org.springframework.beans.factory.BeanCreationException: Error creating bean with name 'requestMappingHandlerMapping' defined in class path resource [org/springframework/boot/autoconfigure/web/servlet/WebMvcAutoConfiguration$EnableWebMvcConfiguration.class]: Invocation of init method failed; nested exception is java.lang.IllegalStateException: Ambiguous mapping. Cannot map 'personaController' method 
com.example.demo.controller.PersonaController#update(PersonaEntity, Long)
to {PUT [/api/v1/entities/personas/{id}]}: There is already 'familiaController' bean method
com.example.demo.controller.FamiliaController#update(FamiliaEntity, Long) mapped.
	at org.springframework.beans.factory.support.AbstractAutowireCapableBeanFactory.initializeBean(AbstractAutowireCapableBeanFactory.java:1804) ~[spring-beans-5.3.15.jar:5.3.15]
	at org.springframework.beans.factory.support.AbstractAutowireCapableBeanFactory.doCreateBean(AbstractAutowireCapableBeanFactory.java:620) ~[spring-beans-5.3.15.jar:5.3.15]
	at org.springframework.beans.factory.support.AbstractAutowireCapableBeanFactory.createBean(AbstractAutowireCapableBeanFactory.java:542) ~[spring-beans-5.3.15.jar:5.3.15]
	at org.springframework.beans.factory.support.AbstractBeanFactory.lambda$doGetBean$0(AbstractBeanFactory.java:335) ~[spring-beans-5.3.15.jar:5.3.15]
	at org.springframework.beans.factory.support.DefaultSingletonBeanRegistry.getSingleton(DefaultSingletonBeanRegistry.java:234) ~[spring-beans-5.3.15.jar:5.3.15]
	at org.springframework.beans.factory.support.AbstractBeanFactory.doGetBean(AbstractBeanFactory.java:333) ~[spring-beans-5.3.15.jar:5.3.15]
	at org.springframework.beans.factory.support.AbstractBeanFactory.getBean(AbstractBeanFactory.java:208) ~[spring-beans-5.3.15.jar:5.3.15]
	at org.springframework.beans.factory.support.DefaultListableBeanFactory.preInstantiateSingletons(DefaultListableBeanFactory.java:953) ~[spring-beans-5.3.15.jar:5.3.15]
	at org.springframework.context.support.AbstractApplicationContext.finishBeanFactoryInitialization(AbstractApplicationContext.java:918) ~[spring-context-5.3.15.jar:5.3.15]
	at org.springframework.context.support.AbstractApplicationContext.refresh(AbstractApplicationContext.java:583) ~[spring-context-5.3.15.jar:5.3.15]
	at org.springframework.boot.web.servlet.context.ServletWebServerApplicationContext.refresh(ServletWebServerApplicationContext.java:145) ~[spring-boot-2.5.9.jar:2.5.9]
	at org.springframework.boot.SpringApplication.refresh(SpringApplication.java:767) ~[spring-boot-2.5.9.jar:2.5.9]
	at org.springframework.boot.SpringApplication.refreshContext(SpringApplication.java:447) ~[spring-boot-2.5.9.jar:2.5.9]
	at org.springframework.boot.SpringApplication.run(SpringApplication.java:338) ~[spring-boot-2.5.9.jar:2.5.9]
	at org.springframework.boot.SpringApplication.run(SpringApplication.java:1356) ~[spring-boot-2.5.9.jar:2.5.9]
	at org.springframework.boot.SpringApplication.run(SpringApplication.java:1345) ~[spring-boot-2.5.9.jar:2.5.9]
	at com.example.demo.BackendFApplication.main(BackendFApplication.java:10) ~[classes/:na]
Caused by: java.lang.IllegalStateException: Ambiguous mapping. Cannot map 'personaController' method 
com.example.demo.controller.PersonaController#update(PersonaEntity, Long)
to {PUT [/api/v1/entities/personas/{id}]}: There is already 'familiaController' bean method
com.example.demo.controller.FamiliaController#update(FamiliaEntity, Long) mapped.
	at org.springframework.web.servlet.handler.AbstractHandlerMethodMapping$MappingRegistry.validateMethodMapping(AbstractHandlerMethodMapping.java:669) ~[spring-webmvc-5.3.15.jar:5.3.15]
	at org.springframework.web.servlet.handler.AbstractHandlerMethodMapping$MappingRegistry.register(AbstractHandlerMethodMapping.java:635) ~[spring-webmvc-5.3.15.jar:5.3.15]
	at org.springframework.web.servlet.handler.AbstractHandlerMethodMapping.registerHandlerMethod(AbstractHandlerMethodMapping.java:332) ~[spring-webmvc-5.3.15.jar:5.3.15]
	at org.springframework.web.servlet.mvc.method.annotation.RequestMappingHandlerMapping.registerHandlerMethod(RequestMappingHandlerMapping.java:420) ~[spring-webmvc-5.3.15.jar:5.3.15]
	at org.springframework.web.servlet.mvc.method.annotation.RequestMappingHandlerMapping.registerHandlerMethod(RequestMappingHandlerMapping.java:76) ~[spring-webmvc-5.3.15.jar:5.3.15]
	at org.springframework.web.servlet.handler.AbstractHandlerMethodMapping.lambda$detectHandlerMethods$2(AbstractHandlerMethodMapping.java:299) ~[spring-webmvc-5.3.15.jar:5.3.15]
	at java.base/java.util.LinkedHashMap.forEach(LinkedHashMap.java:721) ~[na:na]
	at org.springframework.web.servlet.handler.AbstractHandlerMethodMapping.detectHandlerMethods(AbstractHandlerMethodMapping.java:297) ~[spring-webmvc-5.3.15.jar:5.3.15]
	at org.springframework.web.servlet.handler.AbstractHandlerMethodMapping.processCandidateBean(AbstractHandlerMethodMapping.java:266) ~[spring-webmvc-5.3.15.jar:5.3.15]
	at org.springframework.web.servlet.handler.AbstractHandlerMethodMapping.initHandlerMethods(AbstractHandlerMethodMapping.java:225) ~[spring-webmvc-5.3.15.jar:5.3.15]
	at org.springframework.web.servlet.handler.AbstractHandlerMethodMapping.afterPropertiesSet(AbstractHandlerMethodMapping.java:213) ~[spring-webmvc-5.3.15.jar:5.3.15]
	at org.springframework.web.servlet.mvc.method.annotation.RequestMappingHandlerMapping.afterPropertiesSet(RequestMappingHandlerMapping.java:205) ~[spring-webmvc-5.3.15.jar:5.3.15]
	at org.springframework.beans.factory.support.AbstractAutowireCapableBeanFactory.invokeInitMethods(AbstractAutowireCapableBeanFactory.java:1863) ~[spring-beans-5.3.15.jar:5.3.15]
	at org.springframework.beans.factory.support.AbstractAutowireCapableBeanFactory.initializeBean(AbstractAutowireCapableBeanFactory.java:1800) ~[spring-beans-5.3.15.jar:5.3.15]
	... 16 common frames omitted

2026-04-29 08:32:15.466  INFO 9916 --- [main] com.example.demo.BackendFApplication     : Starting BackendFApplication using Java 17.0.4.1 on Windows10-2025 with PID 9916 (C:\Users\usuario\Desktop\wrk\ctrlfamilias\backend-f\target\classes started by usuario in C:\Users\usuario\Desktop\wrk\ctrlfamilias\backend-f)
2026-04-29 08:32:15.468  INFO 9916 --- [main] com.example.demo.BackendFApplication     : No active profile set, falling back to default profiles: default
2026-04-29 08:32:15.807  INFO 9916 --- [main] .s.d.r.c.RepositoryConfigurationDelegate : Bootstrapping Spring Data JPA repositories in DEFAULT mode.
2026-04-29 08:32:15.835  INFO 9916 --- [main] .s.d.r.c.RepositoryConfigurationDelegate : Finished Spring Data repository scanning in 33 ms. Found 2 JPA repository interfaces.
2026-04-29 08:32:16.073  INFO 9916 --- [main] o.s.b.w.embedded.tomcat.TomcatWebServer  : Tomcat initialized with port(s): 8080 (http)
2026-04-29 08:32:16.078  INFO 9916 --- [main] o.apache.catalina.core.StandardService   : Starting service [Tomcat]
2026-04-29 08:32:16.078  INFO 9916 --- [main] org.apache.catalina.core.StandardEngine  : Starting Servlet engine: [Apache Tomcat/9.0.56]
2026-04-29 08:32:16.117  INFO 9916 --- [main] o.a.c.c.C.[Tomcat].[localhost].[/]       : Initializing Spring embedded WebApplicationContext
2026-04-29 08:32:16.118  INFO 9916 --- [main] w.s.c.ServletWebServerApplicationContext : Root WebApplicationContext: initialization completed in 604 ms
2026-04-29 08:32:16.213  INFO 9916 --- [main] o.hibernate.jpa.internal.util.LogHelper  : HHH000204: Processing PersistenceUnitInfo [name: default]
2026-04-29 08:32:16.239  INFO 9916 --- [main] org.hibernate.Version                    : HHH000412: Hibernate ORM core version 5.4.33
2026-04-29 08:32:16.314  INFO 9916 --- [main] o.hibernate.annotations.common.Version   : HCANN000001: Hibernate Commons Annotations {5.1.2.Final}
2026-04-29 08:32:16.373  INFO 9916 --- [main] com.zaxxer.hikari.HikariDataSource       : HikariPool-1 - Starting...
2026-04-29 08:32:16.470  INFO 9916 --- [main] com.zaxxer.hikari.HikariDataSource       : HikariPool-1 - Start completed.
2026-04-29 08:32:16.480  INFO 9916 --- [main] org.hibernate.dialect.Dialect            : HHH000400: Using dialect: org.hibernate.dialect.PostgreSQLDialect
2026-04-29 08:32:16.856  INFO 9916 --- [main] o.h.e.t.j.p.i.JtaPlatformInitiator       : HHH000490: Using JtaPlatform implementation: [org.hibernate.engine.transaction.jta.platform.internal.NoJtaPlatform]
2026-04-29 08:32:16.862  INFO 9916 --- [main] j.LocalContainerEntityManagerFactoryBean : Initialized JPA EntityManagerFactory for persistence unit 'default'
2026-04-29 08:32:16.997  WARN 9916 --- [main] JpaBaseConfiguration$JpaWebConfiguration : spring.jpa.open-in-view is enabled by default. Therefore, database queries may be performed during view rendering. Explicitly configure spring.jpa.open-in-view to disable this warning
2026-04-29 08:32:17.088  WARN 9916 --- [main] ConfigServletWebServerApplicationContext : Exception encountered during context initialization - cancelling refresh attempt: org.springframework.beans.factory.BeanCreationException: Error creating bean with name 'requestMappingHandlerMapping' defined in class path resource [org/springframework/boot/autoconfigure/web/servlet/WebMvcAutoConfiguration$EnableWebMvcConfiguration.class]: Invocation of init method failed; nested exception is java.lang.IllegalStateException: Ambiguous mapping. Cannot map 'personaController' method 
com.example.demo.controller.PersonaController#update(PersonaEntity, Long)
to {PUT [/api/v1/entities/personas/{id}]}: There is already 'familiaController' bean method
com.example.demo.controller.FamiliaController#update(FamiliaEntity, Long) mapped.
2026-04-29 08:32:17.088  INFO 9916 --- [main] j.LocalContainerEntityManagerFactoryBean : Closing JPA EntityManagerFactory for persistence unit 'default'
2026-04-29 08:32:17.089  INFO 9916 --- [main] com.zaxxer.hikari.HikariDataSource       : HikariPool-1 - Shutdown initiated...
2026-04-29 08:32:17.091  INFO 9916 --- [main] com.zaxxer.hikari.HikariDataSource       : HikariPool-1 - Shutdown completed.
2026-04-29 08:32:17.092  INFO 9916 --- [main] o.apache.catalina.core.StandardService   : Stopping service [Tomcat]
2026-04-29 08:32:17.101  INFO 9916 --- [main] ConditionEvaluationReportLoggingListener : 

Error starting ApplicationContext. To display the conditions report re-run your application with 'debug' enabled.
2026-04-29 08:32:17.110 ERROR 9916 --- [main] o.s.boot.SpringApplication               : Application run failed

org.springframework.beans.factory.BeanCreationException: Error creating bean with name 'requestMappingHandlerMapping' defined in class path resource [org/springframework/boot/autoconfigure/web/servlet/WebMvcAutoConfiguration$EnableWebMvcConfiguration.class]: Invocation of init method failed; nested exception is java.lang.IllegalStateException: Ambiguous mapping. Cannot map 'personaController' method 
com.example.demo.controller.PersonaController#update(PersonaEntity, Long)
to {PUT [/api/v1/entities/personas/{id}]}: There is already 'familiaController' bean method
com.example.demo.controller.FamiliaController#update(FamiliaEntity, Long) mapped.
	at org.springframework.beans.factory.support.AbstractAutowireCapableBeanFactory.initializeBean(AbstractAutowireCapableBeanFactory.java:1804) ~[spring-beans-5.3.15.jar:5.3.15]
	at org.springframework.beans.factory.support.AbstractAutowireCapableBeanFactory.doCreateBean(AbstractAutowireCapableBeanFactory.java:620) ~[spring-beans-5.3.15.jar:5.3.15]
	at org.springframework.beans.factory.support.AbstractAutowireCapableBeanFactory.createBean(AbstractAutowireCapableBeanFactory.java:542) ~[spring-beans-5.3.15.jar:5.3.15]
	at org.springframework.beans.factory.support.AbstractBeanFactory.lambda$doGetBean$0(AbstractBeanFactory.java:335) ~[spring-beans-5.3.15.jar:5.3.15]
	at org.springframework.beans.factory.support.DefaultSingletonBeanRegistry.getSingleton(DefaultSingletonBeanRegistry.java:234) ~[spring-beans-5.3.15.jar:5.3.15]
	at org.springframework.beans.factory.support.AbstractBeanFactory.doGetBean(AbstractBeanFactory.java:333) ~[spring-beans-5.3.15.jar:5.3.15]
	at org.springframework.beans.factory.support.AbstractBeanFactory.getBean(AbstractBeanFactory.java:208) ~[spring-beans-5.3.15.jar:5.3.15]
	at org.springframework.beans.factory.support.DefaultListableBeanFactory.preInstantiateSingletons(DefaultListableBeanFactory.java:953) ~[spring-beans-5.3.15.jar:5.3.15]
	at org.springframework.context.support.AbstractApplicationContext.finishBeanFactoryInitialization(AbstractApplicationContext.java:918) ~[spring-context-5.3.15.jar:5.3.15]
	at org.springframework.context.support.AbstractApplicationContext.refresh(AbstractApplicationContext.java:583) ~[spring-context-5.3.15.jar:5.3.15]
	at org.springframework.boot.web.servlet.context.ServletWebServerApplicationContext.refresh(ServletWebServerApplicationContext.java:145) ~[spring-boot-2.5.9.jar:2.5.9]
	at org.springframework.boot.SpringApplication.refresh(SpringApplication.java:767) ~[spring-boot-2.5.9.jar:2.5.9]
	at org.springframework.boot.SpringApplication.refreshContext(SpringApplication.java:447) ~[spring-boot-2.5.9.jar:2.5.9]
	at org.springframework.boot.SpringApplication.run(SpringApplication.java:338) ~[spring-boot-2.5.9.jar:2.5.9]
	at org.springframework.boot.SpringApplication.run(SpringApplication.java:1356) ~[spring-boot-2.5.9.jar:2.5.9]
	at org.springframework.boot.SpringApplication.run(SpringApplication.java:1345) ~[spring-boot-2.5.9.jar:2.5.9]
	at com.example.demo.BackendFApplication.main(BackendFApplication.java:10) ~[classes/:na]
Caused by: java.lang.IllegalStateException: Ambiguous mapping. Cannot map 'personaController' method 
com.example.demo.controller.PersonaController#update(PersonaEntity, Long)
to {PUT [/api/v1/entities/personas/{id}]}: There is already 'familiaController' bean method
com.example.demo.controller.FamiliaController#update(FamiliaEntity, Long) mapped.
	at org.springframework.web.servlet.handler.AbstractHandlerMethodMapping$MappingRegistry.validateMethodMapping(AbstractHandlerMethodMapping.java:669) ~[spring-webmvc-5.3.15.jar:5.3.15]
	at org.springframework.web.servlet.handler.AbstractHandlerMethodMapping$MappingRegistry.register(AbstractHandlerMethodMapping.java:635) ~[spring-webmvc-5.3.15.jar:5.3.15]
	at org.springframework.web.servlet.handler.AbstractHandlerMethodMapping.registerHandlerMethod(AbstractHandlerMethodMapping.java:332) ~[spring-webmvc-5.3.15.jar:5.3.15]
	at org.springframework.web.servlet.mvc.method.annotation.RequestMappingHandlerMapping.registerHandlerMethod(RequestMappingHandlerMapping.java:420) ~[spring-webmvc-5.3.15.jar:5.3.15]
	at org.springframework.web.servlet.mvc.method.annotation.RequestMappingHandlerMapping.registerHandlerMethod(RequestMappingHandlerMapping.java:76) ~[spring-webmvc-5.3.15.jar:5.3.15]
	at org.springframework.web.servlet.handler.AbstractHandlerMethodMapping.lambda$detectHandlerMethods$2(AbstractHandlerMethodMapping.java:299) ~[spring-webmvc-5.3.15.jar:5.3.15]
	at java.base/java.util.LinkedHashMap.forEach(LinkedHashMap.java:721) ~[na:na]
	at org.springframework.web.servlet.handler.AbstractHandlerMethodMapping.detectHandlerMethods(AbstractHandlerMethodMapping.java:297) ~[spring-webmvc-5.3.15.jar:5.3.15]
	at org.springframework.web.servlet.handler.AbstractHandlerMethodMapping.processCandidateBean(AbstractHandlerMethodMapping.java:266) ~[spring-webmvc-5.3.15.jar:5.3.15]
	at org.springframework.web.servlet.handler.AbstractHandlerMethodMapping.initHandlerMethods(AbstractHandlerMethodMapping.java:225) ~[spring-webmvc-5.3.15.jar:5.3.15]
	at org.springframework.web.servlet.handler.AbstractHandlerMethodMapping.afterPropertiesSet(AbstractHandlerMethodMapping.java:213) ~[spring-webmvc-5.3.15.jar:5.3.15]
	at org.springframework.web.servlet.mvc.method.annotation.RequestMappingHandlerMapping.afterPropertiesSet(RequestMappingHandlerMapping.java:205) ~[spring-webmvc-5.3.15.jar:5.3.15]
	at org.springframework.beans.factory.support.AbstractAutowireCapableBeanFactory.invokeInitMethods(AbstractAutowireCapableBeanFactory.java:1863) ~[spring-beans-5.3.15.jar:5.3.15]
	at org.springframework.beans.factory.support.AbstractAutowireCapableBeanFactory.initializeBean(AbstractAutowireCapableBeanFactory.java:1800) ~[spring-beans-5.3.15.jar:5.3.15]
	... 16 common frames omitted

2026-05-12 17:09:29.557  INFO 17564 --- [main] com.example.demo.BackendFApplication     : Starting BackendFApplication using Java 17.0.12 on MYN4M31SK41N with PID 17564 (C:\Users\pedro\OneDrive\Escritorio\Test2\ICIFG003-EQ02\backend-f\target\classes started by pedro in C:\Users\pedro\OneDrive\Escritorio\Test2\ICIFG003-EQ02\backend-f)
2026-05-12 17:09:29.560  INFO 17564 --- [main] com.example.demo.BackendFApplication     : No active profile set, falling back to default profiles: default
2026-05-12 17:09:29.975  INFO 17564 --- [main] .s.d.r.c.RepositoryConfigurationDelegate : Bootstrapping Spring Data JPA repositories in DEFAULT mode.
2026-05-12 17:09:30.020  INFO 17564 --- [main] .s.d.r.c.RepositoryConfigurationDelegate : Finished Spring Data repository scanning in 38 ms. Found 2 JPA repository interfaces.
2026-05-12 17:09:30.436  INFO 17564 --- [main] o.s.b.w.embedded.tomcat.TomcatWebServer  : Tomcat initialized with port(s): 8882 (http)
2026-05-12 17:09:30.445  INFO 17564 --- [main] o.apache.catalina.core.StandardService   : Starting service [Tomcat]
2026-05-12 17:09:30.446  INFO 17564 --- [main] org.apache.catalina.core.StandardEngine  : Starting Servlet engine: [Apache Tomcat/9.0.56]
2026-05-12 17:09:30.507  INFO 17564 --- [main] o.a.c.c.C.[Tomcat].[localhost].[/]       : Initializing Spring embedded WebApplicationContext
2026-05-12 17:09:30.507  INFO 17564 --- [main] w.s.c.ServletWebServerApplicationContext : Root WebApplicationContext: initialization completed in 913 ms
2026-05-12 17:09:30.631  INFO 17564 --- [main] o.hibernate.jpa.internal.util.LogHelper  : HHH000204: Processing PersistenceUnitInfo [name: default]
2026-05-12 17:09:30.669  INFO 17564 --- [main] org.hibernate.Version                    : HHH000412: Hibernate ORM core version 5.4.33
2026-05-12 17:09:30.772  INFO 17564 --- [main] o.hibernate.annotations.common.Version   : HCANN000001: Hibernate Commons Annotations {5.1.2.Final}
2026-05-12 17:09:30.848  INFO 17564 --- [main] com.zaxxer.hikari.HikariDataSource       : HikariPool-1 - Starting...
2026-05-12 17:09:31.989 ERROR 17564 --- [main] com.zaxxer.hikari.pool.HikariPool        : HikariPool-1 - Exception during pool initialization.

org.postgresql.util.PSQLException: FATAL: la autentificación password falló para el usuario «postgres» (pgjdbc: autodetected server-encoding to be ISO-8859-1, if the message is not readable, please check database logs and/or host, port, dbname, user, password, pg_hba.conf)
	at org.postgresql.core.v3.ConnectionFactoryImpl.doAuthentication(ConnectionFactoryImpl.java:613) ~[postgresql-42.2.24.jar:42.2.24]
	at org.postgresql.core.v3.ConnectionFactoryImpl.tryConnect(ConnectionFactoryImpl.java:161) ~[postgresql-42.2.24.jar:42.2.24]
	at org.postgresql.core.v3.ConnectionFactoryImpl.openConnectionImpl(ConnectionFactoryImpl.java:213) ~[postgresql-42.2.24.jar:42.2.24]
	at org.postgresql.core.ConnectionFactory.openConnection(ConnectionFactory.java:51) ~[postgresql-42.2.24.jar:42.2.24]
	at org.postgresql.jdbc.PgConnection.<init>(PgConnection.java:225) ~[postgresql-42.2.24.jar:42.2.24]
	at org.postgresql.Driver.makeConnection(Driver.java:465) ~[postgresql-42.2.24.jar:42.2.24]
	at org.postgresql.Driver.connect(Driver.java:264) ~[postgresql-42.2.24.jar:42.2.24]
	at com.zaxxer.hikari.util.DriverDataSource.getConnection(DriverDataSource.java:138) ~[HikariCP-4.0.3.jar:na]
	at com.zaxxer.hikari.pool.PoolBase.newConnection(PoolBase.java:364) ~[HikariCP-4.0.3.jar:na]
	at com.zaxxer.hikari.pool.PoolBase.newPoolEntry(PoolBase.java:206) ~[HikariCP-4.0.3.jar:na]
	at com.zaxxer.hikari.pool.HikariPool.createPoolEntry(HikariPool.java:476) ~[HikariCP-4.0.3.jar:na]
	at com.zaxxer.hikari.pool.HikariPool.checkFailFast(HikariPool.java:561) ~[HikariCP-4.0.3.jar:na]
	at com.zaxxer.hikari.pool.HikariPool.<init>(HikariPool.java:115) ~[HikariCP-4.0.3.jar:na]
	at com.zaxxer.hikari.HikariDataSource.getConnection(HikariDataSource.java:112) ~[HikariCP-4.0.3.jar:na]
	at org.hibernate.engine.jdbc.connections.internal.DatasourceConnectionProviderImpl.getConnection(DatasourceConnectionProviderImpl.java:122) ~[hibernate-core-5.4.33.jar:5.4.33]
	at org.hibernate.engine.jdbc.env.internal.JdbcEnvironmentInitiator$ConnectionProviderJdbcConnectionAccess.obtainConnection(JdbcEnvironmentInitiator.java:180) ~[hibernate-core-5.4.33.jar:5.4.33]
	at org.hibernate.engine.jdbc.env.internal.JdbcEnvironmentInitiator.initiateService(JdbcEnvironmentInitiator.java:68) ~[hibernate-core-5.4.33.jar:5.4.33]
	at org.hibernate.engine.jdbc.env.internal.JdbcEnvironmentInitiator.initiateService(JdbcEnvironmentInitiator.java:35) ~[hibernate-core-5.4.33.jar:5.4.33]
	at org.hibernate.boot.registry.internal.StandardServiceRegistryImpl.initiateService(StandardServiceRegistryImpl.java:101) ~[hibernate-core-5.4.33.jar:5.4.33]
	at org.hibernate.service.internal.AbstractServiceRegistryImpl.createService(AbstractServiceRegistryImpl.java:263) ~[hibernate-core-5.4.33.jar:5.4.33]
	at org.hibernate.service.internal.AbstractServiceRegistryImpl.initializeService(AbstractServiceRegistryImpl.java:237) ~[hibernate-core-5.4.33.jar:5.4.33]
	at org.hibernate.service.internal.AbstractServiceRegistryImpl.getService(AbstractServiceRegistryImpl.java:214) ~[hibernate-core-5.4.33.jar:5.4.33]
	at org.hibernate.id.factory.internal.DefaultIdentifierGeneratorFactory.injectServices(DefaultIdentifierGeneratorFactory.java:152) ~[hibernate-core-5.4.33.jar:5.4.33]
	at org.hibernate.service.internal.AbstractServiceRegistryImpl.injectDependencies(AbstractServiceRegistryImpl.java:286) ~[hibernate-core-5.4.33.jar:5.4.33]
	at org.hibernate.service.internal.AbstractServiceRegistryImpl.initializeService(AbstractServiceRegistryImpl.java:243) ~[hibernate-core-5.4.33.jar:5.4.33]
	at org.hibernate.service.internal.AbstractServiceRegistryImpl.getService(AbstractServiceRegistryImpl.java:214) ~[hibernate-core-5.4.33.jar:5.4.33]
	at org.hibernate.boot.internal.InFlightMetadataCollectorImpl.<init>(InFlightMetadataCollectorImpl.java:176) ~[hibernate-core-5.4.33.jar:5.4.33]
	at org.hibernate.boot.model.process.spi.MetadataBuildingProcess.complete(MetadataBuildingProcess.java:127) ~[hibernate-core-5.4.33.jar:5.4.33]
	at org.hibernate.jpa.boot.internal.EntityManagerFactoryBuilderImpl.metadata(EntityManagerFactoryBuilderImpl.java:1224) ~[hibernate-core-5.4.33.jar:5.4.33]
	at org.hibernate.jpa.boot.internal.EntityManagerFactoryBuilderImpl.build(EntityManagerFactoryBuilderImpl.java:1255) ~[hibernate-core-5.4.33.jar:5.4.33]
	at org.springframework.orm.jpa.vendor.SpringHibernateJpaPersistenceProvider.createContainerEntityManagerFactory(SpringHibernateJpaPersistenceProvider.java:58) ~[spring-orm-5.3.15.jar:5.3.15]
	at org.springframework.orm.jpa.LocalContainerEntityManagerFactoryBean.createNativeEntityManagerFactory(LocalContainerEntityManagerFactoryBean.java:365) ~[spring-orm-5.3.15.jar:5.3.15]
	at org.springframework.orm.jpa.AbstractEntityManagerFactoryBean.buildNativeEntityManagerFactory(AbstractEntityManagerFactoryBean.java:409) ~[spring-orm-5.3.15.jar:5.3.15]
	at org.springframework.orm.jpa.AbstractEntityManagerFactoryBean.afterPropertiesSet(AbstractEntityManagerFactoryBean.java:396) ~[spring-orm-5.3.15.jar:5.3.15]
	at org.springframework.orm.jpa.LocalContainerEntityManagerFactoryBean.afterPropertiesSet(LocalContainerEntityManagerFactoryBean.java:341) ~[spring-orm-5.3.15.jar:5.3.15]
	at org.springframework.beans.factory.support.AbstractAutowireCapableBeanFactory.invokeInitMethods(AbstractAutowireCapableBeanFactory.java:1863) ~[spring-beans-5.3.15.jar:5.3.15]
	at org.springframework.beans.factory.support.AbstractAutowireCapableBeanFactory.initializeBean(AbstractAutowireCapableBeanFactory.java:1800) ~[spring-beans-5.3.15.jar:5.3.15]
	at org.springframework.beans.factory.support.AbstractAutowireCapableBeanFactory.doCreateBean(AbstractAutowireCapableBeanFactory.java:620) ~[spring-beans-5.3.15.jar:5.3.15]
	at org.springframework.beans.factory.support.AbstractAutowireCapableBeanFactory.createBean(AbstractAutowireCapableBeanFactory.java:542) ~[spring-beans-5.3.15.jar:5.3.15]
	at org.springframework.beans.factory.support.AbstractBeanFactory.lambda$doGetBean$0(AbstractBeanFactory.java:335) ~[spring-beans-5.3.15.jar:5.3.15]
	at org.springframework.beans.factory.support.DefaultSingletonBeanRegistry.getSingleton(DefaultSingletonBeanRegistry.java:234) ~[spring-beans-5.3.15.jar:5.3.15]
	at org.springframework.beans.factory.support.AbstractBeanFactory.doGetBean(AbstractBeanFactory.java:333) ~[spring-beans-5.3.15.jar:5.3.15]
	at org.springframework.beans.factory.support.AbstractBeanFactory.getBean(AbstractBeanFactory.java:208) ~[spring-beans-5.3.15.jar:5.3.15]
	at org.springframework.context.support.AbstractApplicationContext.getBean(AbstractApplicationContext.java:1154) ~[spring-context-5.3.15.jar:5.3.15]
	at org.springframework.context.support.AbstractApplicationContext.finishBeanFactoryInitialization(AbstractApplicationContext.java:908) ~[spring-context-5.3.15.jar:5.3.15]
	at org.springframework.context.support.AbstractApplicationContext.refresh(AbstractApplicationContext.java:583) ~[spring-context-5.3.15.jar:5.3.15]
	at org.springframework.boot.web.servlet.context.ServletWebServerApplicationContext.refresh(ServletWebServerApplicationContext.java:145) ~[spring-boot-2.5.9.jar:2.5.9]
	at org.springframework.boot.SpringApplication.refresh(SpringApplication.java:767) ~[spring-boot-2.5.9.jar:2.5.9]
	at org.springframework.boot.SpringApplication.refreshContext(SpringApplication.java:447) ~[spring-boot-2.5.9.jar:2.5.9]
	at org.springframework.boot.SpringApplication.run(SpringApplication.java:338) ~[spring-boot-2.5.9.jar:2.5.9]
	at org.springframework.boot.SpringApplication.run(SpringApplication.java:1356) ~[spring-boot-2.5.9.jar:2.5.9]
	at org.springframework.boot.SpringApplication.run(SpringApplication.java:1345) ~[spring-boot-2.5.9.jar:2.5.9]
	at com.example.demo.BackendFApplication.main(BackendFApplication.java:10) ~[classes/:na]

2026-05-12 17:09:31.991  WARN 17564 --- [main] o.h.e.j.e.i.JdbcEnvironmentInitiator     : HHH000342: Could not obtain connection to query metadata

org.postgresql.util.PSQLException: FATAL: la autentificación password falló para el usuario «postgres» (pgjdbc: autodetected server-encoding to be ISO-8859-1, if the message is not readable, please check database logs and/or host, port, dbname, user, password, pg_hba.conf)
	at org.postgresql.core.v3.ConnectionFactoryImpl.doAuthentication(ConnectionFactoryImpl.java:613) ~[postgresql-42.2.24.jar:42.2.24]
	at org.postgresql.core.v3.ConnectionFactoryImpl.tryConnect(ConnectionFactoryImpl.java:161) ~[postgresql-42.2.24.jar:42.2.24]
	at org.postgresql.core.v3.ConnectionFactoryImpl.openConnectionImpl(ConnectionFactoryImpl.java:213) ~[postgresql-42.2.24.jar:42.2.24]
	at org.postgresql.core.ConnectionFactory.openConnection(ConnectionFactory.java:51) ~[postgresql-42.2.24.jar:42.2.24]
	at org.postgresql.jdbc.PgConnection.<init>(PgConnection.java:225) ~[postgresql-42.2.24.jar:42.2.24]
	at org.postgresql.Driver.makeConnection(Driver.java:465) ~[postgresql-42.2.24.jar:42.2.24]
	at org.postgresql.Driver.connect(Driver.java:264) ~[postgresql-42.2.24.jar:42.2.24]
	at com.zaxxer.hikari.util.DriverDataSource.getConnection(DriverDataSource.java:138) ~[HikariCP-4.0.3.jar:na]
	at com.zaxxer.hikari.pool.PoolBase.newConnection(PoolBase.java:364) ~[HikariCP-4.0.3.jar:na]
	at com.zaxxer.hikari.pool.PoolBase.newPoolEntry(PoolBase.java:206) ~[HikariCP-4.0.3.jar:na]
	at com.zaxxer.hikari.pool.HikariPool.createPoolEntry(HikariPool.java:476) ~[HikariCP-4.0.3.jar:na]
	at com.zaxxer.hikari.pool.HikariPool.checkFailFast(HikariPool.java:561) ~[HikariCP-4.0.3.jar:na]
	at com.zaxxer.hikari.pool.HikariPool.<init>(HikariPool.java:115) ~[HikariCP-4.0.3.jar:na]
	at com.zaxxer.hikari.HikariDataSource.getConnection(HikariDataSource.java:112) ~[HikariCP-4.0.3.jar:na]
	at org.hibernate.engine.jdbc.connections.internal.DatasourceConnectionProviderImpl.getConnection(DatasourceConnectionProviderImpl.java:122) ~[hibernate-core-5.4.33.jar:5.4.33]
	at org.hibernate.engine.jdbc.env.internal.JdbcEnvironmentInitiator$ConnectionProviderJdbcConnectionAccess.obtainConnection(JdbcEnvironmentInitiator.java:180) ~[hibernate-core-5.4.33.jar:5.4.33]
	at org.hibernate.engine.jdbc.env.internal.JdbcEnvironmentInitiator.initiateService(JdbcEnvironmentInitiator.java:68) ~[hibernate-core-5.4.33.jar:5.4.33]
	at org.hibernate.engine.jdbc.env.internal.JdbcEnvironmentInitiator.initiateService(JdbcEnvironmentInitiator.java:35) ~[hibernate-core-5.4.33.jar:5.4.33]
	at org.hibernate.boot.registry.internal.StandardServiceRegistryImpl.initiateService(StandardServiceRegistryImpl.java:101) ~[hibernate-core-5.4.33.jar:5.4.33]
	at org.hibernate.service.internal.AbstractServiceRegistryImpl.createService(AbstractServiceRegistryImpl.java:263) ~[hibernate-core-5.4.33.jar:5.4.33]
	at org.hibernate.service.internal.AbstractServiceRegistryImpl.initializeService(AbstractServiceRegistryImpl.java:237) ~[hibernate-core-5.4.33.jar:5.4.33]
	at org.hibernate.service.internal.AbstractServiceRegistryImpl.getService(AbstractServiceRegistryImpl.java:214) ~[hibernate-core-5.4.33.jar:5.4.33]
	at org.hibernate.id.factory.internal.DefaultIdentifierGeneratorFactory.injectServices(DefaultIdentifierGeneratorFactory.java:152) ~[hibernate-core-5.4.33.jar:5.4.33]
	at org.hibernate.service.internal.AbstractServiceRegistryImpl.injectDependencies(AbstractServiceRegistryImpl.java:286) ~[hibernate-core-5.4.33.jar:5.4.33]
	at org.hibernate.service.internal.AbstractServiceRegistryImpl.initializeService(AbstractServiceRegistryImpl.java:243) ~[hibernate-core-5.4.33.jar:5.4.33]
	at org.hibernate.service.internal.AbstractServiceRegistryImpl.getService(AbstractServiceRegistryImpl.java:214) ~[hibernate-core-5.4.33.jar:5.4.33]
	at org.hibernate.boot.internal.InFlightMetadataCollectorImpl.<init>(InFlightMetadataCollectorImpl.java:176) ~[hibernate-core-5.4.33.jar:5.4.33]
	at org.hibernate.boot.model.process.spi.MetadataBuildingProcess.complete(MetadataBuildingProcess.java:127) ~[hibernate-core-5.4.33.jar:5.4.33]
	at org.hibernate.jpa.boot.internal.EntityManagerFactoryBuilderImpl.metadata(EntityManagerFactoryBuilderImpl.java:1224) ~[hibernate-core-5.4.33.jar:5.4.33]
	at org.hibernate.jpa.boot.internal.EntityManagerFactoryBuilderImpl.build(EntityManagerFactoryBuilderImpl.java:1255) ~[hibernate-core-5.4.33.jar:5.4.33]
	at org.springframework.orm.jpa.vendor.SpringHibernateJpaPersistenceProvider.createContainerEntityManagerFactory(SpringHibernateJpaPersistenceProvider.java:58) ~[spring-orm-5.3.15.jar:5.3.15]
	at org.springframework.orm.jpa.LocalContainerEntityManagerFactoryBean.createNativeEntityManagerFactory(LocalContainerEntityManagerFactoryBean.java:365) ~[spring-orm-5.3.15.jar:5.3.15]
	at org.springframework.orm.jpa.AbstractEntityManagerFactoryBean.buildNativeEntityManagerFactory(AbstractEntityManagerFactoryBean.java:409) ~[spring-orm-5.3.15.jar:5.3.15]
	at org.springframework.orm.jpa.AbstractEntityManagerFactoryBean.afterPropertiesSet(AbstractEntityManagerFactoryBean.java:396) ~[spring-orm-5.3.15.jar:5.3.15]
	at org.springframework.orm.jpa.LocalContainerEntityManagerFactoryBean.afterPropertiesSet(LocalContainerEntityManagerFactoryBean.java:341) ~[spring-orm-5.3.15.jar:5.3.15]
	at org.springframework.beans.factory.support.AbstractAutowireCapableBeanFactory.invokeInitMethods(AbstractAutowireCapableBeanFactory.java:1863) ~[spring-beans-5.3.15.jar:5.3.15]
	at org.springframework.beans.factory.support.AbstractAutowireCapableBeanFactory.initializeBean(AbstractAutowireCapableBeanFactory.java:1800) ~[spring-beans-5.3.15.jar:5.3.15]
	at org.springframework.beans.factory.support.AbstractAutowireCapableBeanFactory.doCreateBean(AbstractAutowireCapableBeanFactory.java:620) ~[spring-beans-5.3.15.jar:5.3.15]
	at org.springframework.beans.factory.support.AbstractAutowireCapableBeanFactory.createBean(AbstractAutowireCapableBeanFactory.java:542) ~[spring-beans-5.3.15.jar:5.3.15]
	at org.springframework.beans.factory.support.AbstractBeanFactory.lambda$doGetBean$0(AbstractBeanFactory.java:335) ~[spring-beans-5.3.15.jar:5.3.15]
	at org.springframework.beans.factory.support.DefaultSingletonBeanRegistry.getSingleton(DefaultSingletonBeanRegistry.java:234) ~[spring-beans-5.3.15.jar:5.3.15]
	at org.springframework.beans.factory.support.AbstractBeanFactory.doGetBean(AbstractBeanFactory.java:333) ~[spring-beans-5.3.15.jar:5.3.15]
	at org.springframework.beans.factory.support.AbstractBeanFactory.getBean(AbstractBeanFactory.java:208) ~[spring-beans-5.3.15.jar:5.3.15]
	at org.springframework.context.support.AbstractApplicationContext.getBean(AbstractApplicationContext.java:1154) ~[spring-context-5.3.15.jar:5.3.15]
	at org.springframework.context.support.AbstractApplicationContext.finishBeanFactoryInitialization(AbstractApplicationContext.java:908) ~[spring-context-5.3.15.jar:5.3.15]
	at org.springframework.context.support.AbstractApplicationContext.refresh(AbstractApplicationContext.java:583) ~[spring-context-5.3.15.jar:5.3.15]
	at org.springframework.boot.web.servlet.context.ServletWebServerApplicationContext.refresh(ServletWebServerApplicationContext.java:145) ~[spring-boot-2.5.9.jar:2.5.9]
	at org.springframework.boot.SpringApplication.refresh(SpringApplication.java:767) ~[spring-boot-2.5.9.jar:2.5.9]
	at org.springframework.boot.SpringApplication.refreshContext(SpringApplication.java:447) ~[spring-boot-2.5.9.jar:2.5.9]
	at org.springframework.boot.SpringApplication.run(SpringApplication.java:338) ~[spring-boot-2.5.9.jar:2.5.9]
	at org.springframework.boot.SpringApplication.run(SpringApplication.java:1356) ~[spring-boot-2.5.9.jar:2.5.9]
	at org.springframework.boot.SpringApplication.run(SpringApplication.java:1345) ~[spring-boot-2.5.9.jar:2.5.9]
	at com.example.demo.BackendFApplication.main(BackendFApplication.java:10) ~[classes/:na]

2026-05-12 17:09:32.001  INFO 17564 --- [main] org.hibernate.dialect.Dialect            : HHH000400: Using dialect: org.hibernate.dialect.PostgreSQLDialect
2026-05-12 17:09:32.384  INFO 17564 --- [main] com.zaxxer.hikari.HikariDataSource       : HikariPool-1 - Starting...
2026-05-12 17:09:33.433 ERROR 17564 --- [main] com.zaxxer.hikari.pool.HikariPool        : HikariPool-1 - Exception during pool initialization.

org.postgresql.util.PSQLException: FATAL: la autentificación password falló para el usuario «postgres» (pgjdbc: autodetected server-encoding to be ISO-8859-1, if the message is not readable, please check database logs and/or host, port, dbname, user, password, pg_hba.conf)
	at org.postgresql.core.v3.ConnectionFactoryImpl.doAuthentication(ConnectionFactoryImpl.java:613) ~[postgresql-42.2.24.jar:42.2.24]
	at org.postgresql.core.v3.ConnectionFactoryImpl.tryConnect(ConnectionFactoryImpl.java:161) ~[postgresql-42.2.24.jar:42.2.24]
	at org.postgresql.core.v3.ConnectionFactoryImpl.openConnectionImpl(ConnectionFactoryImpl.java:213) ~[postgresql-42.2.24.jar:42.2.24]
	at org.postgresql.core.ConnectionFactory.openConnection(ConnectionFactory.java:51) ~[postgresql-42.2.24.jar:42.2.24]
	at org.postgresql.jdbc.PgConnection.<init>(PgConnection.java:225) ~[postgresql-42.2.24.jar:42.2.24]
	at org.postgresql.Driver.makeConnection(Driver.java:465) ~[postgresql-42.2.24.jar:42.2.24]
	at org.postgresql.Driver.connect(Driver.java:264) ~[postgresql-42.2.24.jar:42.2.24]
	at com.zaxxer.hikari.util.DriverDataSource.getConnection(DriverDataSource.java:138) ~[HikariCP-4.0.3.jar:na]
	at com.zaxxer.hikari.pool.PoolBase.newConnection(PoolBase.java:364) ~[HikariCP-4.0.3.jar:na]
	at com.zaxxer.hikari.pool.PoolBase.newPoolEntry(PoolBase.java:206) ~[HikariCP-4.0.3.jar:na]
	at com.zaxxer.hikari.pool.HikariPool.createPoolEntry(HikariPool.java:476) ~[HikariCP-4.0.3.jar:na]
	at com.zaxxer.hikari.pool.HikariPool.checkFailFast(HikariPool.java:561) ~[HikariCP-4.0.3.jar:na]
	at com.zaxxer.hikari.pool.HikariPool.<init>(HikariPool.java:115) ~[HikariCP-4.0.3.jar:na]
	at com.zaxxer.hikari.HikariDataSource.getConnection(HikariDataSource.java:112) ~[HikariCP-4.0.3.jar:na]
	at org.hibernate.engine.jdbc.connections.internal.DatasourceConnectionProviderImpl.getConnection(DatasourceConnectionProviderImpl.java:122) ~[hibernate-core-5.4.33.jar:5.4.33]
	at org.hibernate.engine.jdbc.env.internal.JdbcEnvironmentInitiator$ConnectionProviderJdbcConnectionAccess.obtainConnection(JdbcEnvironmentInitiator.java:180) ~[hibernate-core-5.4.33.jar:5.4.33]
	at org.hibernate.resource.transaction.backend.jdbc.internal.DdlTransactionIsolatorNonJtaImpl.getIsolatedConnection(DdlTransactionIsolatorNonJtaImpl.java:43) ~[hibernate-core-5.4.33.jar:5.4.33]
	at org.hibernate.tool.schema.internal.exec.ImprovedExtractionContextImpl.getJdbcConnection(ImprovedExtractionContextImpl.java:60) ~[hibernate-core-5.4.33.jar:5.4.33]
	at org.hibernate.tool.schema.extract.internal.SequenceInformationExtractorLegacyImpl.extractMetadata(SequenceInformationExtractorLegacyImpl.java:40) ~[hibernate-core-5.4.33.jar:5.4.33]
	at org.hibernate.tool.schema.extract.internal.DatabaseInformationImpl.initializeSequences(DatabaseInformationImpl.java:65) ~[hibernate-core-5.4.33.jar:5.4.33]
	at org.hibernate.tool.schema.extract.internal.DatabaseInformationImpl.<init>(DatabaseInformationImpl.java:59) ~[hibernate-core-5.4.33.jar:5.4.33]
	at org.hibernate.tool.schema.internal.Helper.buildDatabaseInformation(Helper.java:155) ~[hibernate-core-5.4.33.jar:5.4.33]
	at org.hibernate.tool.schema.internal.AbstractSchemaMigrator.doMigration(AbstractSchemaMigrator.java:96) ~[hibernate-core-5.4.33.jar:5.4.33]
	at org.hibernate.tool.schema.spi.SchemaManagementToolCoordinator.performDatabaseAction(SchemaManagementToolCoordinator.java:184) ~[hibernate-core-5.4.33.jar:5.4.33]
	at org.hibernate.tool.schema.spi.SchemaManagementToolCoordinator.process(SchemaManagementToolCoordinator.java:73) ~[hibernate-core-5.4.33.jar:5.4.33]
	at org.hibernate.internal.SessionFactoryImpl.<init>(SessionFactoryImpl.java:318) ~[hibernate-core-5.4.33.jar:5.4.33]
	at org.hibernate.boot.internal.SessionFactoryBuilderImpl.build(SessionFactoryBuilderImpl.java:468) ~[hibernate-core-5.4.33.jar:5.4.33]
	at org.hibernate.jpa.boot.internal.EntityManagerFactoryBuilderImpl.build(EntityManagerFactoryBuilderImpl.java:1259) ~[hibernate-core-5.4.33.jar:5.4.33]
	at org.springframework.orm.jpa.vendor.SpringHibernateJpaPersistenceProvider.createContainerEntityManagerFactory(SpringHibernateJpaPersistenceProvider.java:58) ~[spring-orm-5.3.15.jar:5.3.15]
	at org.springframework.orm.jpa.LocalContainerEntityManagerFactoryBean.createNativeEntityManagerFactory(LocalContainerEntityManagerFactoryBean.java:365) ~[spring-orm-5.3.15.jar:5.3.15]
	at org.springframework.orm.jpa.AbstractEntityManagerFactoryBean.buildNativeEntityManagerFactory(AbstractEntityManagerFactoryBean.java:409) ~[spring-orm-5.3.15.jar:5.3.15]
	at org.springframework.orm.jpa.AbstractEntityManagerFactoryBean.afterPropertiesSet(AbstractEntityManagerFactoryBean.java:396) ~[spring-orm-5.3.15.jar:5.3.15]
	at org.springframework.orm.jpa.LocalContainerEntityManagerFactoryBean.afterPropertiesSet(LocalContainerEntityManagerFactoryBean.java:341) ~[spring-orm-5.3.15.jar:5.3.15]
	at org.springframework.beans.factory.support.AbstractAutowireCapableBeanFactory.invokeInitMethods(AbstractAutowireCapableBeanFactory.java:1863) ~[spring-beans-5.3.15.jar:5.3.15]
	at org.springframework.beans.factory.support.AbstractAutowireCapableBeanFactory.initializeBean(AbstractAutowireCapableBeanFactory.java:1800) ~[spring-beans-5.3.15.jar:5.3.15]
	at org.springframework.beans.factory.support.AbstractAutowireCapableBeanFactory.doCreateBean(AbstractAutowireCapableBeanFactory.java:620) ~[spring-beans-5.3.15.jar:5.3.15]
	at org.springframework.beans.factory.support.AbstractAutowireCapableBeanFactory.createBean(AbstractAutowireCapableBeanFactory.java:542) ~[spring-beans-5.3.15.jar:5.3.15]
	at org.springframework.beans.factory.support.AbstractBeanFactory.lambda$doGetBean$0(AbstractBeanFactory.java:335) ~[spring-beans-5.3.15.jar:5.3.15]
	at org.springframework.beans.factory.support.DefaultSingletonBeanRegistry.getSingleton(DefaultSingletonBeanRegistry.java:234) ~[spring-beans-5.3.15.jar:5.3.15]
	at org.springframework.beans.factory.support.AbstractBeanFactory.doGetBean(AbstractBeanFactory.java:333) ~[spring-beans-5.3.15.jar:5.3.15]
	at org.springframework.beans.factory.support.AbstractBeanFactory.getBean(AbstractBeanFactory.java:208) ~[spring-beans-5.3.15.jar:5.3.15]
	at org.springframework.context.support.AbstractApplicationContext.getBean(AbstractApplicationContext.java:1154) ~[spring-context-5.3.15.jar:5.3.15]
	at org.springframework.context.support.AbstractApplicationContext.finishBeanFactoryInitialization(AbstractApplicationContext.java:908) ~[spring-context-5.3.15.jar:5.3.15]
	at org.springframework.context.support.AbstractApplicationContext.refresh(AbstractApplicationContext.java:583) ~[spring-context-5.3.15.jar:5.3.15]
	at org.springframework.boot.web.servlet.context.ServletWebServerApplicationContext.refresh(ServletWebServerApplicationContext.java:145) ~[spring-boot-2.5.9.jar:2.5.9]
	at org.springframework.boot.SpringApplication.refresh(SpringApplication.java:767) ~[spring-boot-2.5.9.jar:2.5.9]
	at org.springframework.boot.SpringApplication.refreshContext(SpringApplication.java:447) ~[spring-boot-2.5.9.jar:2.5.9]
	at org.springframework.boot.SpringApplication.run(SpringApplication.java:338) ~[spring-boot-2.5.9.jar:2.5.9]
	at org.springframework.boot.SpringApplication.run(SpringApplication.java:1356) ~[spring-boot-2.5.9.jar:2.5.9]
	at org.springframework.boot.SpringApplication.run(SpringApplication.java:1345) ~[spring-boot-2.5.9.jar:2.5.9]
	at com.example.demo.BackendFApplication.main(BackendFApplication.java:10) ~[classes/:na]

2026-05-12 17:09:33.436  WARN 17564 --- [main] o.h.engine.jdbc.spi.SqlExceptionHelper   : SQL Error: 0, SQLState: 28P01
2026-05-12 17:09:33.436 ERROR 17564 --- [main] o.h.engine.jdbc.spi.SqlExceptionHelper   : FATAL: la autentificación password falló para el usuario «postgres» (pgjdbc: autodetected server-encoding to be ISO-8859-1, if the message is not readable, please check database logs and/or host, port, dbname, user, password, pg_hba.conf)
2026-05-12 17:09:33.440 ERROR 17564 --- [main] j.LocalContainerEntityManagerFactoryBean : Failed to initialize JPA EntityManagerFactory: [PersistenceUnit: default] Unable to build Hibernate SessionFactory; nested exception is org.hibernate.exception.GenericJDBCException: Unable to open JDBC Connection for DDL execution
2026-05-12 17:09:33.440  WARN 17564 --- [main] ConfigServletWebServerApplicationContext : Exception encountered during context initialization - cancelling refresh attempt: org.springframework.beans.factory.BeanCreationException: Error creating bean with name 'entityManagerFactory' defined in class path resource [org/springframework/boot/autoconfigure/orm/jpa/HibernateJpaConfiguration.class]: Invocation of init method failed; nested exception is javax.persistence.PersistenceException: [PersistenceUnit: default] Unable to build Hibernate SessionFactory; nested exception is org.hibernate.exception.GenericJDBCException: Unable to open JDBC Connection for DDL execution
2026-05-12 17:09:33.442  INFO 17564 --- [main] o.apache.catalina.core.StandardService   : Stopping service [Tomcat]
2026-05-12 17:09:33.449  INFO 17564 --- [main] ConditionEvaluationReportLoggingListener : 

Error starting ApplicationContext. To display the conditions report re-run your application with 'debug' enabled.
2026-05-12 17:09:33.461 ERROR 17564 --- [main] o.s.boot.SpringApplication               : Application run failed

org.springframework.beans.factory.BeanCreationException: Error creating bean with name 'entityManagerFactory' defined in class path resource [org/springframework/boot/autoconfigure/orm/jpa/HibernateJpaConfiguration.class]: Invocation of init method failed; nested exception is javax.persistence.PersistenceException: [PersistenceUnit: default] Unable to build Hibernate SessionFactory; nested exception is org.hibernate.exception.GenericJDBCException: Unable to open JDBC Connection for DDL execution
	at org.springframework.beans.factory.support.AbstractAutowireCapableBeanFactory.initializeBean(AbstractAutowireCapableBeanFactory.java:1804) ~[spring-beans-5.3.15.jar:5.3.15]
	at org.springframework.beans.factory.support.AbstractAutowireCapableBeanFactory.doCreateBean(AbstractAutowireCapableBeanFactory.java:620) ~[spring-beans-5.3.15.jar:5.3.15]
	at org.springframework.beans.factory.support.AbstractAutowireCapableBeanFactory.createBean(AbstractAutowireCapableBeanFactory.java:542) ~[spring-beans-5.3.15.jar:5.3.15]
	at org.springframework.beans.factory.support.AbstractBeanFactory.lambda$doGetBean$0(AbstractBeanFactory.java:335) ~[spring-beans-5.3.15.jar:5.3.15]
	at org.springframework.beans.factory.support.DefaultSingletonBeanRegistry.getSingleton(DefaultSingletonBeanRegistry.java:234) ~[spring-beans-5.3.15.jar:5.3.15]
	at org.springframework.beans.factory.support.AbstractBeanFactory.doGetBean(AbstractBeanFactory.java:333) ~[spring-beans-5.3.15.jar:5.3.15]
	at org.springframework.beans.factory.support.AbstractBeanFactory.getBean(AbstractBeanFactory.java:208) ~[spring-beans-5.3.15.jar:5.3.15]
	at org.springframework.context.support.AbstractApplicationContext.getBean(AbstractApplicationContext.java:1154) ~[spring-context-5.3.15.jar:5.3.15]
	at org.springframework.context.support.AbstractApplicationContext.finishBeanFactoryInitialization(AbstractApplicationContext.java:908) ~[spring-context-5.3.15.jar:5.3.15]
	at org.springframework.context.support.AbstractApplicationContext.refresh(AbstractApplicationContext.java:583) ~[spring-context-5.3.15.jar:5.3.15]
	at org.springframework.boot.web.servlet.context.ServletWebServerApplicationContext.refresh(ServletWebServerApplicationContext.java:145) ~[spring-boot-2.5.9.jar:2.5.9]
	at org.springframework.boot.SpringApplication.refresh(SpringApplication.java:767) ~[spring-boot-2.5.9.jar:2.5.9]
	at org.springframework.boot.SpringApplication.refreshContext(SpringApplication.java:447) ~[spring-boot-2.5.9.jar:2.5.9]
	at org.springframework.boot.SpringApplication.run(SpringApplication.java:338) ~[spring-boot-2.5.9.jar:2.5.9]
	at org.springframework.boot.SpringApplication.run(SpringApplication.java:1356) ~[spring-boot-2.5.9.jar:2.5.9]
	at org.springframework.boot.SpringApplication.run(SpringApplication.java:1345) ~[spring-boot-2.5.9.jar:2.5.9]
	at com.example.demo.BackendFApplication.main(BackendFApplication.java:10) ~[classes/:na]
Caused by: javax.persistence.PersistenceException: [PersistenceUnit: default] Unable to build Hibernate SessionFactory; nested exception is org.hibernate.exception.GenericJDBCException: Unable to open JDBC Connection for DDL execution
	at org.springframework.orm.jpa.AbstractEntityManagerFactoryBean.buildNativeEntityManagerFactory(AbstractEntityManagerFactoryBean.java:421) ~[spring-orm-5.3.15.jar:5.3.15]
	at org.springframework.orm.jpa.AbstractEntityManagerFactoryBean.afterPropertiesSet(AbstractEntityManagerFactoryBean.java:396) ~[spring-orm-5.3.15.jar:5.3.15]
	at org.springframework.orm.jpa.LocalContainerEntityManagerFactoryBean.afterPropertiesSet(LocalContainerEntityManagerFactoryBean.java:341) ~[spring-orm-5.3.15.jar:5.3.15]
	at org.springframework.beans.factory.support.AbstractAutowireCapableBeanFactory.invokeInitMethods(AbstractAutowireCapableBeanFactory.java:1863) ~[spring-beans-5.3.15.jar:5.3.15]
	at org.springframework.beans.factory.support.AbstractAutowireCapableBeanFactory.initializeBean(AbstractAutowireCapableBeanFactory.java:1800) ~[spring-beans-5.3.15.jar:5.3.15]
	... 16 common frames omitted
Caused by: org.hibernate.exception.GenericJDBCException: Unable to open JDBC Connection for DDL execution
	at org.hibernate.exception.internal.StandardSQLExceptionConverter.convert(StandardSQLExceptionConverter.java:47) ~[hibernate-core-5.4.33.jar:5.4.33]
	at org.hibernate.engine.jdbc.spi.SqlExceptionHelper.convert(SqlExceptionHelper.java:113) ~[hibernate-core-5.4.33.jar:5.4.33]
	at org.hibernate.engine.jdbc.spi.SqlExceptionHelper.convert(SqlExceptionHelper.java:99) ~[hibernate-core-5.4.33.jar:5.4.33]
	at org.hibernate.resource.transaction.backend.jdbc.internal.DdlTransactionIsolatorNonJtaImpl.getIsolatedConnection(DdlTransactionIsolatorNonJtaImpl.java:69) ~[hibernate-core-5.4.33.jar:5.4.33]
	at org.hibernate.tool.schema.internal.exec.ImprovedExtractionContextImpl.getJdbcConnection(ImprovedExtractionContextImpl.java:60) ~[hibernate-core-5.4.33.jar:5.4.33]
	at org.hibernate.tool.schema.extract.internal.SequenceInformationExtractorLegacyImpl.extractMetadata(SequenceInformationExtractorLegacyImpl.java:40) ~[hibernate-core-5.4.33.jar:5.4.33]
	at org.hibernate.tool.schema.extract.internal.DatabaseInformationImpl.initializeSequences(DatabaseInformationImpl.java:65) ~[hibernate-core-5.4.33.jar:5.4.33]
	at org.hibernate.tool.schema.extract.internal.DatabaseInformationImpl.<init>(DatabaseInformationImpl.java:59) ~[hibernate-core-5.4.33.jar:5.4.33]
	at org.hibernate.tool.schema.internal.Helper.buildDatabaseInformation(Helper.java:155) ~[hibernate-core-5.4.33.jar:5.4.33]
	at org.hibernate.tool.schema.internal.AbstractSchemaMigrator.doMigration(AbstractSchemaMigrator.java:96) ~[hibernate-core-5.4.33.jar:5.4.33]
	at org.hibernate.tool.schema.spi.SchemaManagementToolCoordinator.performDatabaseAction(SchemaManagementToolCoordinator.java:184) ~[hibernate-core-5.4.33.jar:5.4.33]
	at org.hibernate.tool.schema.spi.SchemaManagementToolCoordinator.process(SchemaManagementToolCoordinator.java:73) ~[hibernate-core-5.4.33.jar:5.4.33]
	at org.hibernate.internal.SessionFactoryImpl.<init>(SessionFactoryImpl.java:318) ~[hibernate-core-5.4.33.jar:5.4.33]
	at org.hibernate.boot.internal.SessionFactoryBuilderImpl.build(SessionFactoryBuilderImpl.java:468) ~[hibernate-core-5.4.33.jar:5.4.33]
	at org.hibernate.jpa.boot.internal.EntityManagerFactoryBuilderImpl.build(EntityManagerFactoryBuilderImpl.java:1259) ~[hibernate-core-5.4.33.jar:5.4.33]
	at org.springframework.orm.jpa.vendor.SpringHibernateJpaPersistenceProvider.createContainerEntityManagerFactory(SpringHibernateJpaPersistenceProvider.java:58) ~[spring-orm-5.3.15.jar:5.3.15]
	at org.springframework.orm.jpa.LocalContainerEntityManagerFactoryBean.createNativeEntityManagerFactory(LocalContainerEntityManagerFactoryBean.java:365) ~[spring-orm-5.3.15.jar:5.3.15]
	at org.springframework.orm.jpa.AbstractEntityManagerFactoryBean.buildNativeEntityManagerFactory(AbstractEntityManagerFactoryBean.java:409) ~[spring-orm-5.3.15.jar:5.3.15]
	... 20 common frames omitted
Caused by: org.postgresql.util.PSQLException: FATAL: la autentificación password falló para el usuario «postgres» (pgjdbc: autodetected server-encoding to be ISO-8859-1, if the message is not readable, please check database logs and/or host, port, dbname, user, password, pg_hba.conf)
	at org.postgresql.core.v3.ConnectionFactoryImpl.doAuthentication(ConnectionFactoryImpl.java:613) ~[postgresql-42.2.24.jar:42.2.24]
	at org.postgresql.core.v3.ConnectionFactoryImpl.tryConnect(ConnectionFactoryImpl.java:161) ~[postgresql-42.2.24.jar:42.2.24]
	at org.postgresql.core.v3.ConnectionFactoryImpl.openConnectionImpl(ConnectionFactoryImpl.java:213) ~[postgresql-42.2.24.jar:42.2.24]
	at org.postgresql.core.ConnectionFactory.openConnection(ConnectionFactory.java:51) ~[postgresql-42.2.24.jar:42.2.24]
	at org.postgresql.jdbc.PgConnection.<init>(PgConnection.java:225) ~[postgresql-42.2.24.jar:42.2.24]
	at org.postgresql.Driver.makeConnection(Driver.java:465) ~[postgresql-42.2.24.jar:42.2.24]
	at org.postgresql.Driver.connect(Driver.java:264) ~[postgresql-42.2.24.jar:42.2.24]
	at com.zaxxer.hikari.util.DriverDataSource.getConnection(DriverDataSource.java:138) ~[HikariCP-4.0.3.jar:na]
	at com.zaxxer.hikari.pool.PoolBase.newConnection(PoolBase.java:364) ~[HikariCP-4.0.3.jar:na]
	at com.zaxxer.hikari.pool.PoolBase.newPoolEntry(PoolBase.java:206) ~[HikariCP-4.0.3.jar:na]
	at com.zaxxer.hikari.pool.HikariPool.createPoolEntry(HikariPool.java:476) ~[HikariCP-4.0.3.jar:na]
	at com.zaxxer.hikari.pool.HikariPool.checkFailFast(HikariPool.java:561) ~[HikariCP-4.0.3.jar:na]
	at com.zaxxer.hikari.pool.HikariPool.<init>(HikariPool.java:115) ~[HikariCP-4.0.3.jar:na]
	at com.zaxxer.hikari.HikariDataSource.getConnection(HikariDataSource.java:112) ~[HikariCP-4.0.3.jar:na]
	at org.hibernate.engine.jdbc.connections.internal.DatasourceConnectionProviderImpl.getConnection(DatasourceConnectionProviderImpl.java:122) ~[hibernate-core-5.4.33.jar:5.4.33]
	at org.hibernate.engine.jdbc.env.internal.JdbcEnvironmentInitiator$ConnectionProviderJdbcConnectionAccess.obtainConnection(JdbcEnvironmentInitiator.java:180) ~[hibernate-core-5.4.33.jar:5.4.33]
	at org.hibernate.resource.transaction.backend.jdbc.internal.DdlTransactionIsolatorNonJtaImpl.getIsolatedConnection(DdlTransactionIsolatorNonJtaImpl.java:43) ~[hibernate-core-5.4.33.jar:5.4.33]
	... 34 common frames omitted

2026-05-12 17:10:06.353  INFO 24492 --- [main] com.example.demo.BackendFApplication     : Starting BackendFApplication using Java 17.0.12 on MYN4M31SK41N with PID 24492 (C:\Users\pedro\OneDrive\Escritorio\Test2\ICIFG003-EQ02\backend-f\target\classes started by pedro in C:\Users\pedro\OneDrive\Escritorio\Test2\ICIFG003-EQ02\backend-f)
2026-05-12 17:10:06.356  INFO 24492 --- [main] com.example.demo.BackendFApplication     : No active profile set, falling back to default profiles: default
2026-05-12 17:10:06.834  INFO 24492 --- [main] .s.d.r.c.RepositoryConfigurationDelegate : Bootstrapping Spring Data JPA repositories in DEFAULT mode.
2026-05-12 17:10:06.884  INFO 24492 --- [main] .s.d.r.c.RepositoryConfigurationDelegate : Finished Spring Data repository scanning in 43 ms. Found 2 JPA repository interfaces.
2026-05-12 17:10:07.364  INFO 24492 --- [main] o.s.b.w.embedded.tomcat.TomcatWebServer  : Tomcat initialized with port(s): 8882 (http)
2026-05-12 17:10:07.374  INFO 24492 --- [main] o.apache.catalina.core.StandardService   : Starting service [Tomcat]
2026-05-12 17:10:07.374  INFO 24492 --- [main] org.apache.catalina.core.StandardEngine  : Starting Servlet engine: [Apache Tomcat/9.0.56]
2026-05-12 17:10:07.446  INFO 24492 --- [main] o.a.c.c.C.[Tomcat].[localhost].[/]       : Initializing Spring embedded WebApplicationContext
2026-05-12 17:10:07.446  INFO 24492 --- [main] w.s.c.ServletWebServerApplicationContext : Root WebApplicationContext: initialization completed in 1048 ms
2026-05-12 17:10:07.586  INFO 24492 --- [main] o.hibernate.jpa.internal.util.LogHelper  : HHH000204: Processing PersistenceUnitInfo [name: default]
2026-05-12 17:10:07.633  INFO 24492 --- [main] org.hibernate.Version                    : HHH000412: Hibernate ORM core version 5.4.33
2026-05-12 17:10:07.737  INFO 24492 --- [main] o.hibernate.annotations.common.Version   : HCANN000001: Hibernate Commons Annotations {5.1.2.Final}
2026-05-12 17:10:07.820  INFO 24492 --- [main] com.zaxxer.hikari.HikariDataSource       : HikariPool-1 - Starting...
2026-05-12 17:10:08.957 ERROR 24492 --- [main] com.zaxxer.hikari.pool.HikariPool        : HikariPool-1 - Exception during pool initialization.

org.postgresql.util.PSQLException: FATAL: la autentificación password falló para el usuario «postgres» (pgjdbc: autodetected server-encoding to be ISO-8859-1, if the message is not readable, please check database logs and/or host, port, dbname, user, password, pg_hba.conf)
	at org.postgresql.core.v3.ConnectionFactoryImpl.doAuthentication(ConnectionFactoryImpl.java:613) ~[postgresql-42.2.24.jar:42.2.24]
	at org.postgresql.core.v3.ConnectionFactoryImpl.tryConnect(ConnectionFactoryImpl.java:161) ~[postgresql-42.2.24.jar:42.2.24]
	at org.postgresql.core.v3.ConnectionFactoryImpl.openConnectionImpl(ConnectionFactoryImpl.java:213) ~[postgresql-42.2.24.jar:42.2.24]
	at org.postgresql.core.ConnectionFactory.openConnection(ConnectionFactory.java:51) ~[postgresql-42.2.24.jar:42.2.24]
	at org.postgresql.jdbc.PgConnection.<init>(PgConnection.java:225) ~[postgresql-42.2.24.jar:42.2.24]
	at org.postgresql.Driver.makeConnection(Driver.java:465) ~[postgresql-42.2.24.jar:42.2.24]
	at org.postgresql.Driver.connect(Driver.java:264) ~[postgresql-42.2.24.jar:42.2.24]
	at com.zaxxer.hikari.util.DriverDataSource.getConnection(DriverDataSource.java:138) ~[HikariCP-4.0.3.jar:na]
	at com.zaxxer.hikari.pool.PoolBase.newConnection(PoolBase.java:364) ~[HikariCP-4.0.3.jar:na]
	at com.zaxxer.hikari.pool.PoolBase.newPoolEntry(PoolBase.java:206) ~[HikariCP-4.0.3.jar:na]
	at com.zaxxer.hikari.pool.HikariPool.createPoolEntry(HikariPool.java:476) ~[HikariCP-4.0.3.jar:na]
	at com.zaxxer.hikari.pool.HikariPool.checkFailFast(HikariPool.java:561) ~[HikariCP-4.0.3.jar:na]
	at com.zaxxer.hikari.pool.HikariPool.<init>(HikariPool.java:115) ~[HikariCP-4.0.3.jar:na]
	at com.zaxxer.hikari.HikariDataSource.getConnection(HikariDataSource.java:112) ~[HikariCP-4.0.3.jar:na]
	at org.hibernate.engine.jdbc.connections.internal.DatasourceConnectionProviderImpl.getConnection(DatasourceConnectionProviderImpl.java:122) ~[hibernate-core-5.4.33.jar:5.4.33]
	at org.hibernate.engine.jdbc.env.internal.JdbcEnvironmentInitiator$ConnectionProviderJdbcConnectionAccess.obtainConnection(JdbcEnvironmentInitiator.java:180) ~[hibernate-core-5.4.33.jar:5.4.33]
	at org.hibernate.engine.jdbc.env.internal.JdbcEnvironmentInitiator.initiateService(JdbcEnvironmentInitiator.java:68) ~[hibernate-core-5.4.33.jar:5.4.33]
	at org.hibernate.engine.jdbc.env.internal.JdbcEnvironmentInitiator.initiateService(JdbcEnvironmentInitiator.java:35) ~[hibernate-core-5.4.33.jar:5.4.33]
	at org.hibernate.boot.registry.internal.StandardServiceRegistryImpl.initiateService(StandardServiceRegistryImpl.java:101) ~[hibernate-core-5.4.33.jar:5.4.33]
	at org.hibernate.service.internal.AbstractServiceRegistryImpl.createService(AbstractServiceRegistryImpl.java:263) ~[hibernate-core-5.4.33.jar:5.4.33]
	at org.hibernate.service.internal.AbstractServiceRegistryImpl.initializeService(AbstractServiceRegistryImpl.java:237) ~[hibernate-core-5.4.33.jar:5.4.33]
	at org.hibernate.service.internal.AbstractServiceRegistryImpl.getService(AbstractServiceRegistryImpl.java:214) ~[hibernate-core-5.4.33.jar:5.4.33]
	at org.hibernate.id.factory.internal.DefaultIdentifierGeneratorFactory.injectServices(DefaultIdentifierGeneratorFactory.java:152) ~[hibernate-core-5.4.33.jar:5.4.33]
	at org.hibernate.service.internal.AbstractServiceRegistryImpl.injectDependencies(AbstractServiceRegistryImpl.java:286) ~[hibernate-core-5.4.33.jar:5.4.33]
	at org.hibernate.service.internal.AbstractServiceRegistryImpl.initializeService(AbstractServiceRegistryImpl.java:243) ~[hibernate-core-5.4.33.jar:5.4.33]
	at org.hibernate.service.internal.AbstractServiceRegistryImpl.getService(AbstractServiceRegistryImpl.java:214) ~[hibernate-core-5.4.33.jar:5.4.33]
	at org.hibernate.boot.internal.InFlightMetadataCollectorImpl.<init>(InFlightMetadataCollectorImpl.java:176) ~[hibernate-core-5.4.33.jar:5.4.33]
	at org.hibernate.boot.model.process.spi.MetadataBuildingProcess.complete(MetadataBuildingProcess.java:127) ~[hibernate-core-5.4.33.jar:5.4.33]
	at org.hibernate.jpa.boot.internal.EntityManagerFactoryBuilderImpl.metadata(EntityManagerFactoryBuilderImpl.java:1224) ~[hibernate-core-5.4.33.jar:5.4.33]
	at org.hibernate.jpa.boot.internal.EntityManagerFactoryBuilderImpl.build(EntityManagerFactoryBuilderImpl.java:1255) ~[hibernate-core-5.4.33.jar:5.4.33]
	at org.springframework.orm.jpa.vendor.SpringHibernateJpaPersistenceProvider.createContainerEntityManagerFactory(SpringHibernateJpaPersistenceProvider.java:58) ~[spring-orm-5.3.15.jar:5.3.15]
	at org.springframework.orm.jpa.LocalContainerEntityManagerFactoryBean.createNativeEntityManagerFactory(LocalContainerEntityManagerFactoryBean.java:365) ~[spring-orm-5.3.15.jar:5.3.15]
	at org.springframework.orm.jpa.AbstractEntityManagerFactoryBean.buildNativeEntityManagerFactory(AbstractEntityManagerFactoryBean.java:409) ~[spring-orm-5.3.15.jar:5.3.15]
	at org.springframework.orm.jpa.AbstractEntityManagerFactoryBean.afterPropertiesSet(AbstractEntityManagerFactoryBean.java:396) ~[spring-orm-5.3.15.jar:5.3.15]
	at org.springframework.orm.jpa.LocalContainerEntityManagerFactoryBean.afterPropertiesSet(LocalContainerEntityManagerFactoryBean.java:341) ~[spring-orm-5.3.15.jar:5.3.15]
	at org.springframework.beans.factory.support.AbstractAutowireCapableBeanFactory.invokeInitMethods(AbstractAutowireCapableBeanFactory.java:1863) ~[spring-beans-5.3.15.jar:5.3.15]
	at org.springframework.beans.factory.support.AbstractAutowireCapableBeanFactory.initializeBean(AbstractAutowireCapableBeanFactory.java:1800) ~[spring-beans-5.3.15.jar:5.3.15]
	at org.springframework.beans.factory.support.AbstractAutowireCapableBeanFactory.doCreateBean(AbstractAutowireCapableBeanFactory.java:620) ~[spring-beans-5.3.15.jar:5.3.15]
	at org.springframework.beans.factory.support.AbstractAutowireCapableBeanFactory.createBean(AbstractAutowireCapableBeanFactory.java:542) ~[spring-beans-5.3.15.jar:5.3.15]
	at org.springframework.beans.factory.support.AbstractBeanFactory.lambda$doGetBean$0(AbstractBeanFactory.java:335) ~[spring-beans-5.3.15.jar:5.3.15]
	at org.springframework.beans.factory.support.DefaultSingletonBeanRegistry.getSingleton(DefaultSingletonBeanRegistry.java:234) ~[spring-beans-5.3.15.jar:5.3.15]
	at org.springframework.beans.factory.support.AbstractBeanFactory.doGetBean(AbstractBeanFactory.java:333) ~[spring-beans-5.3.15.jar:5.3.15]
	at org.springframework.beans.factory.support.AbstractBeanFactory.getBean(AbstractBeanFactory.java:208) ~[spring-beans-5.3.15.jar:5.3.15]
	at org.springframework.context.support.AbstractApplicationContext.getBean(AbstractApplicationContext.java:1154) ~[spring-context-5.3.15.jar:5.3.15]
	at org.springframework.context.support.AbstractApplicationContext.finishBeanFactoryInitialization(AbstractApplicationContext.java:908) ~[spring-context-5.3.15.jar:5.3.15]
	at org.springframework.context.support.AbstractApplicationContext.refresh(AbstractApplicationContext.java:583) ~[spring-context-5.3.15.jar:5.3.15]
	at org.springframework.boot.web.servlet.context.ServletWebServerApplicationContext.refresh(ServletWebServerApplicationContext.java:145) ~[spring-boot-2.5.9.jar:2.5.9]
	at org.springframework.boot.SpringApplication.refresh(SpringApplication.java:767) ~[spring-boot-2.5.9.jar:2.5.9]
	at org.springframework.boot.SpringApplication.refreshContext(SpringApplication.java:447) ~[spring-boot-2.5.9.jar:2.5.9]
	at org.springframework.boot.SpringApplication.run(SpringApplication.java:338) ~[spring-boot-2.5.9.jar:2.5.9]
	at org.springframework.boot.SpringApplication.run(SpringApplication.java:1356) ~[spring-boot-2.5.9.jar:2.5.9]
	at org.springframework.boot.SpringApplication.run(SpringApplication.java:1345) ~[spring-boot-2.5.9.jar:2.5.9]
	at com.example.demo.BackendFApplication.main(BackendFApplication.java:10) ~[classes/:na]

2026-05-12 17:10:08.965  WARN 24492 --- [main] o.h.e.j.e.i.JdbcEnvironmentInitiator     : HHH000342: Could not obtain connection to query metadata

org.postgresql.util.PSQLException: FATAL: la autentificación password falló para el usuario «postgres» (pgjdbc: autodetected server-encoding to be ISO-8859-1, if the message is not readable, please check database logs and/or host, port, dbname, user, password, pg_hba.conf)
	at org.postgresql.core.v3.ConnectionFactoryImpl.doAuthentication(ConnectionFactoryImpl.java:613) ~[postgresql-42.2.24.jar:42.2.24]
	at org.postgresql.core.v3.ConnectionFactoryImpl.tryConnect(ConnectionFactoryImpl.java:161) ~[postgresql-42.2.24.jar:42.2.24]
	at org.postgresql.core.v3.ConnectionFactoryImpl.openConnectionImpl(ConnectionFactoryImpl.java:213) ~[postgresql-42.2.24.jar:42.2.24]
	at org.postgresql.core.ConnectionFactory.openConnection(ConnectionFactory.java:51) ~[postgresql-42.2.24.jar:42.2.24]
	at org.postgresql.jdbc.PgConnection.<init>(PgConnection.java:225) ~[postgresql-42.2.24.jar:42.2.24]
	at org.postgresql.Driver.makeConnection(Driver.java:465) ~[postgresql-42.2.24.jar:42.2.24]
	at org.postgresql.Driver.connect(Driver.java:264) ~[postgresql-42.2.24.jar:42.2.24]
	at com.zaxxer.hikari.util.DriverDataSource.getConnection(DriverDataSource.java:138) ~[HikariCP-4.0.3.jar:na]
	at com.zaxxer.hikari.pool.PoolBase.newConnection(PoolBase.java:364) ~[HikariCP-4.0.3.jar:na]
	at com.zaxxer.hikari.pool.PoolBase.newPoolEntry(PoolBase.java:206) ~[HikariCP-4.0.3.jar:na]
	at com.zaxxer.hikari.pool.HikariPool.createPoolEntry(HikariPool.java:476) ~[HikariCP-4.0.3.jar:na]
	at com.zaxxer.hikari.pool.HikariPool.checkFailFast(HikariPool.java:561) ~[HikariCP-4.0.3.jar:na]
	at com.zaxxer.hikari.pool.HikariPool.<init>(HikariPool.java:115) ~[HikariCP-4.0.3.jar:na]
	at com.zaxxer.hikari.HikariDataSource.getConnection(HikariDataSource.java:112) ~[HikariCP-4.0.3.jar:na]
	at org.hibernate.engine.jdbc.connections.internal.DatasourceConnectionProviderImpl.getConnection(DatasourceConnectionProviderImpl.java:122) ~[hibernate-core-5.4.33.jar:5.4.33]
	at org.hibernate.engine.jdbc.env.internal.JdbcEnvironmentInitiator$ConnectionProviderJdbcConnectionAccess.obtainConnection(JdbcEnvironmentInitiator.java:180) ~[hibernate-core-5.4.33.jar:5.4.33]
	at org.hibernate.engine.jdbc.env.internal.JdbcEnvironmentInitiator.initiateService(JdbcEnvironmentInitiator.java:68) ~[hibernate-core-5.4.33.jar:5.4.33]
	at org.hibernate.engine.jdbc.env.internal.JdbcEnvironmentInitiator.initiateService(JdbcEnvironmentInitiator.java:35) ~[hibernate-core-5.4.33.jar:5.4.33]
	at org.hibernate.boot.registry.internal.StandardServiceRegistryImpl.initiateService(StandardServiceRegistryImpl.java:101) ~[hibernate-core-5.4.33.jar:5.4.33]
	at org.hibernate.service.internal.AbstractServiceRegistryImpl.createService(AbstractServiceRegistryImpl.java:263) ~[hibernate-core-5.4.33.jar:5.4.33]
	at org.hibernate.service.internal.AbstractServiceRegistryImpl.initializeService(AbstractServiceRegistryImpl.java:237) ~[hibernate-core-5.4.33.jar:5.4.33]
	at org.hibernate.service.internal.AbstractServiceRegistryImpl.getService(AbstractServiceRegistryImpl.java:214) ~[hibernate-core-5.4.33.jar:5.4.33]
	at org.hibernate.id.factory.internal.DefaultIdentifierGeneratorFactory.injectServices(DefaultIdentifierGeneratorFactory.java:152) ~[hibernate-core-5.4.33.jar:5.4.33]
	at org.hibernate.service.internal.AbstractServiceRegistryImpl.injectDependencies(AbstractServiceRegistryImpl.java:286) ~[hibernate-core-5.4.33.jar:5.4.33]
	at org.hibernate.service.internal.AbstractServiceRegistryImpl.initializeService(AbstractServiceRegistryImpl.java:243) ~[hibernate-core-5.4.33.jar:5.4.33]
	at org.hibernate.service.internal.AbstractServiceRegistryImpl.getService(AbstractServiceRegistryImpl.java:214) ~[hibernate-core-5.4.33.jar:5.4.33]
	at org.hibernate.boot.internal.InFlightMetadataCollectorImpl.<init>(InFlightMetadataCollectorImpl.java:176) ~[hibernate-core-5.4.33.jar:5.4.33]
	at org.hibernate.boot.model.process.spi.MetadataBuildingProcess.complete(MetadataBuildingProcess.java:127) ~[hibernate-core-5.4.33.jar:5.4.33]
	at org.hibernate.jpa.boot.internal.EntityManagerFactoryBuilderImpl.metadata(EntityManagerFactoryBuilderImpl.java:1224) ~[hibernate-core-5.4.33.jar:5.4.33]
	at org.hibernate.jpa.boot.internal.EntityManagerFactoryBuilderImpl.build(EntityManagerFactoryBuilderImpl.java:1255) ~[hibernate-core-5.4.33.jar:5.4.33]
	at org.springframework.orm.jpa.vendor.SpringHibernateJpaPersistenceProvider.createContainerEntityManagerFactory(SpringHibernateJpaPersistenceProvider.java:58) ~[spring-orm-5.3.15.jar:5.3.15]
	at org.springframework.orm.jpa.LocalContainerEntityManagerFactoryBean.createNativeEntityManagerFactory(LocalContainerEntityManagerFactoryBean.java:365) ~[spring-orm-5.3.15.jar:5.3.15]
	at org.springframework.orm.jpa.AbstractEntityManagerFactoryBean.buildNativeEntityManagerFactory(AbstractEntityManagerFactoryBean.java:409) ~[spring-orm-5.3.15.jar:5.3.15]
	at org.springframework.orm.jpa.AbstractEntityManagerFactoryBean.afterPropertiesSet(AbstractEntityManagerFactoryBean.java:396) ~[spring-orm-5.3.15.jar:5.3.15]
	at org.springframework.orm.jpa.LocalContainerEntityManagerFactoryBean.afterPropertiesSet(LocalContainerEntityManagerFactoryBean.java:341) ~[spring-orm-5.3.15.jar:5.3.15]
	at org.springframework.beans.factory.support.AbstractAutowireCapableBeanFactory.invokeInitMethods(AbstractAutowireCapableBeanFactory.java:1863) ~[spring-beans-5.3.15.jar:5.3.15]
	at org.springframework.beans.factory.support.AbstractAutowireCapableBeanFactory.initializeBean(AbstractAutowireCapableBeanFactory.java:1800) ~[spring-beans-5.3.15.jar:5.3.15]
	at org.springframework.beans.factory.support.AbstractAutowireCapableBeanFactory.doCreateBean(AbstractAutowireCapableBeanFactory.java:620) ~[spring-beans-5.3.15.jar:5.3.15]
	at org.springframework.beans.factory.support.AbstractAutowireCapableBeanFactory.createBean(AbstractAutowireCapableBeanFactory.java:542) ~[spring-beans-5.3.15.jar:5.3.15]
	at org.springframework.beans.factory.support.AbstractBeanFactory.lambda$doGetBean$0(AbstractBeanFactory.java:335) ~[spring-beans-5.3.15.jar:5.3.15]
	at org.springframework.beans.factory.support.DefaultSingletonBeanRegistry.getSingleton(DefaultSingletonBeanRegistry.java:234) ~[spring-beans-5.3.15.jar:5.3.15]
	at org.springframework.beans.factory.support.AbstractBeanFactory.doGetBean(AbstractBeanFactory.java:333) ~[spring-beans-5.3.15.jar:5.3.15]
	at org.springframework.beans.factory.support.AbstractBeanFactory.getBean(AbstractBeanFactory.java:208) ~[spring-beans-5.3.15.jar:5.3.15]
	at org.springframework.context.support.AbstractApplicationContext.getBean(AbstractApplicationContext.java:1154) ~[spring-context-5.3.15.jar:5.3.15]
	at org.springframework.context.support.AbstractApplicationContext.finishBeanFactoryInitialization(AbstractApplicationContext.java:908) ~[spring-context-5.3.15.jar:5.3.15]
	at org.springframework.context.support.AbstractApplicationContext.refresh(AbstractApplicationContext.java:583) ~[spring-context-5.3.15.jar:5.3.15]
	at org.springframework.boot.web.servlet.context.ServletWebServerApplicationContext.refresh(ServletWebServerApplicationContext.java:145) ~[spring-boot-2.5.9.jar:2.5.9]
	at org.springframework.boot.SpringApplication.refresh(SpringApplication.java:767) ~[spring-boot-2.5.9.jar:2.5.9]
	at org.springframework.boot.SpringApplication.refreshContext(SpringApplication.java:447) ~[spring-boot-2.5.9.jar:2.5.9]
	at org.springframework.boot.SpringApplication.run(SpringApplication.java:338) ~[spring-boot-2.5.9.jar:2.5.9]
	at org.springframework.boot.SpringApplication.run(SpringApplication.java:1356) ~[spring-boot-2.5.9.jar:2.5.9]
	at org.springframework.boot.SpringApplication.run(SpringApplication.java:1345) ~[spring-boot-2.5.9.jar:2.5.9]
	at com.example.demo.BackendFApplication.main(BackendFApplication.java:10) ~[classes/:na]

2026-05-12 17:10:08.977  INFO 24492 --- [main] org.hibernate.dialect.Dialect            : HHH000400: Using dialect: org.hibernate.dialect.PostgreSQLDialect
2026-05-12 17:10:09.420  INFO 24492 --- [main] com.zaxxer.hikari.HikariDataSource       : HikariPool-1 - Starting...
2026-05-12 17:10:10.467 ERROR 24492 --- [main] com.zaxxer.hikari.pool.HikariPool        : HikariPool-1 - Exception during pool initialization.

org.postgresql.util.PSQLException: FATAL: la autentificación password falló para el usuario «postgres» (pgjdbc: autodetected server-encoding to be ISO-8859-1, if the message is not readable, please check database logs and/or host, port, dbname, user, password, pg_hba.conf)
	at org.postgresql.core.v3.ConnectionFactoryImpl.doAuthentication(ConnectionFactoryImpl.java:613) ~[postgresql-42.2.24.jar:42.2.24]
	at org.postgresql.core.v3.ConnectionFactoryImpl.tryConnect(ConnectionFactoryImpl.java:161) ~[postgresql-42.2.24.jar:42.2.24]
	at org.postgresql.core.v3.ConnectionFactoryImpl.openConnectionImpl(ConnectionFactoryImpl.java:213) ~[postgresql-42.2.24.jar:42.2.24]
	at org.postgresql.core.ConnectionFactory.openConnection(ConnectionFactory.java:51) ~[postgresql-42.2.24.jar:42.2.24]
	at org.postgresql.jdbc.PgConnection.<init>(PgConnection.java:225) ~[postgresql-42.2.24.jar:42.2.24]
	at org.postgresql.Driver.makeConnection(Driver.java:465) ~[postgresql-42.2.24.jar:42.2.24]
	at org.postgresql.Driver.connect(Driver.java:264) ~[postgresql-42.2.24.jar:42.2.24]
	at com.zaxxer.hikari.util.DriverDataSource.getConnection(DriverDataSource.java:138) ~[HikariCP-4.0.3.jar:na]
	at com.zaxxer.hikari.pool.PoolBase.newConnection(PoolBase.java:364) ~[HikariCP-4.0.3.jar:na]
	at com.zaxxer.hikari.pool.PoolBase.newPoolEntry(PoolBase.java:206) ~[HikariCP-4.0.3.jar:na]
	at com.zaxxer.hikari.pool.HikariPool.createPoolEntry(HikariPool.java:476) ~[HikariCP-4.0.3.jar:na]
	at com.zaxxer.hikari.pool.HikariPool.checkFailFast(HikariPool.java:561) ~[HikariCP-4.0.3.jar:na]
	at com.zaxxer.hikari.pool.HikariPool.<init>(HikariPool.java:115) ~[HikariCP-4.0.3.jar:na]
	at com.zaxxer.hikari.HikariDataSource.getConnection(HikariDataSource.java:112) ~[HikariCP-4.0.3.jar:na]
	at org.hibernate.engine.jdbc.connections.internal.DatasourceConnectionProviderImpl.getConnection(DatasourceConnectionProviderImpl.java:122) ~[hibernate-core-5.4.33.jar:5.4.33]
	at org.hibernate.engine.jdbc.env.internal.JdbcEnvironmentInitiator$ConnectionProviderJdbcConnectionAccess.obtainConnection(JdbcEnvironmentInitiator.java:180) ~[hibernate-core-5.4.33.jar:5.4.33]
	at org.hibernate.resource.transaction.backend.jdbc.internal.DdlTransactionIsolatorNonJtaImpl.getIsolatedConnection(DdlTransactionIsolatorNonJtaImpl.java:43) ~[hibernate-core-5.4.33.jar:5.4.33]
	at org.hibernate.tool.schema.internal.exec.ImprovedExtractionContextImpl.getJdbcConnection(ImprovedExtractionContextImpl.java:60) ~[hibernate-core-5.4.33.jar:5.4.33]
	at org.hibernate.tool.schema.extract.internal.SequenceInformationExtractorLegacyImpl.extractMetadata(SequenceInformationExtractorLegacyImpl.java:40) ~[hibernate-core-5.4.33.jar:5.4.33]
	at org.hibernate.tool.schema.extract.internal.DatabaseInformationImpl.initializeSequences(DatabaseInformationImpl.java:65) ~[hibernate-core-5.4.33.jar:5.4.33]
	at org.hibernate.tool.schema.extract.internal.DatabaseInformationImpl.<init>(DatabaseInformationImpl.java:59) ~[hibernate-core-5.4.33.jar:5.4.33]
	at org.hibernate.tool.schema.internal.Helper.buildDatabaseInformation(Helper.java:155) ~[hibernate-core-5.4.33.jar:5.4.33]
	at org.hibernate.tool.schema.internal.AbstractSchemaMigrator.doMigration(AbstractSchemaMigrator.java:96) ~[hibernate-core-5.4.33.jar:5.4.33]
	at org.hibernate.tool.schema.spi.SchemaManagementToolCoordinator.performDatabaseAction(SchemaManagementToolCoordinator.java:184) ~[hibernate-core-5.4.33.jar:5.4.33]
	at org.hibernate.tool.schema.spi.SchemaManagementToolCoordinator.process(SchemaManagementToolCoordinator.java:73) ~[hibernate-core-5.4.33.jar:5.4.33]
	at org.hibernate.internal.SessionFactoryImpl.<init>(SessionFactoryImpl.java:318) ~[hibernate-core-5.4.33.jar:5.4.33]
	at org.hibernate.boot.internal.SessionFactoryBuilderImpl.build(SessionFactoryBuilderImpl.java:468) ~[hibernate-core-5.4.33.jar:5.4.33]
	at org.hibernate.jpa.boot.internal.EntityManagerFactoryBuilderImpl.build(EntityManagerFactoryBuilderImpl.java:1259) ~[hibernate-core-5.4.33.jar:5.4.33]
	at org.springframework.orm.jpa.vendor.SpringHibernateJpaPersistenceProvider.createContainerEntityManagerFactory(SpringHibernateJpaPersistenceProvider.java:58) ~[spring-orm-5.3.15.jar:5.3.15]
	at org.springframework.orm.jpa.LocalContainerEntityManagerFactoryBean.createNativeEntityManagerFactory(LocalContainerEntityManagerFactoryBean.java:365) ~[spring-orm-5.3.15.jar:5.3.15]
	at org.springframework.orm.jpa.AbstractEntityManagerFactoryBean.buildNativeEntityManagerFactory(AbstractEntityManagerFactoryBean.java:409) ~[spring-orm-5.3.15.jar:5.3.15]
	at org.springframework.orm.jpa.AbstractEntityManagerFactoryBean.afterPropertiesSet(AbstractEntityManagerFactoryBean.java:396) ~[spring-orm-5.3.15.jar:5.3.15]
	at org.springframework.orm.jpa.LocalContainerEntityManagerFactoryBean.afterPropertiesSet(LocalContainerEntityManagerFactoryBean.java:341) ~[spring-orm-5.3.15.jar:5.3.15]
	at org.springframework.beans.factory.support.AbstractAutowireCapableBeanFactory.invokeInitMethods(AbstractAutowireCapableBeanFactory.java:1863) ~[spring-beans-5.3.15.jar:5.3.15]
	at org.springframework.beans.factory.support.AbstractAutowireCapableBeanFactory.initializeBean(AbstractAutowireCapableBeanFactory.java:1800) ~[spring-beans-5.3.15.jar:5.3.15]
	at org.springframework.beans.factory.support.AbstractAutowireCapableBeanFactory.doCreateBean(AbstractAutowireCapableBeanFactory.java:620) ~[spring-beans-5.3.15.jar:5.3.15]
	at org.springframework.beans.factory.support.AbstractAutowireCapableBeanFactory.createBean(AbstractAutowireCapableBeanFactory.java:542) ~[spring-beans-5.3.15.jar:5.3.15]
	at org.springframework.beans.factory.support.AbstractBeanFactory.lambda$doGetBean$0(AbstractBeanFactory.java:335) ~[spring-beans-5.3.15.jar:5.3.15]
	at org.springframework.beans.factory.support.DefaultSingletonBeanRegistry.getSingleton(DefaultSingletonBeanRegistry.java:234) ~[spring-beans-5.3.15.jar:5.3.15]
	at org.springframework.beans.factory.support.AbstractBeanFactory.doGetBean(AbstractBeanFactory.java:333) ~[spring-beans-5.3.15.jar:5.3.15]
	at org.springframework.beans.factory.support.AbstractBeanFactory.getBean(AbstractBeanFactory.java:208) ~[spring-beans-5.3.15.jar:5.3.15]
	at org.springframework.context.support.AbstractApplicationContext.getBean(AbstractApplicationContext.java:1154) ~[spring-context-5.3.15.jar:5.3.15]
	at org.springframework.context.support.AbstractApplicationContext.finishBeanFactoryInitialization(AbstractApplicationContext.java:908) ~[spring-context-5.3.15.jar:5.3.15]
	at org.springframework.context.support.AbstractApplicationContext.refresh(AbstractApplicationContext.java:583) ~[spring-context-5.3.15.jar:5.3.15]
	at org.springframework.boot.web.servlet.context.ServletWebServerApplicationContext.refresh(ServletWebServerApplicationContext.java:145) ~[spring-boot-2.5.9.jar:2.5.9]
	at org.springframework.boot.SpringApplication.refresh(SpringApplication.java:767) ~[spring-boot-2.5.9.jar:2.5.9]
	at org.springframework.boot.SpringApplication.refreshContext(SpringApplication.java:447) ~[spring-boot-2.5.9.jar:2.5.9]
	at org.springframework.boot.SpringApplication.run(SpringApplication.java:338) ~[spring-boot-2.5.9.jar:2.5.9]
	at org.springframework.boot.SpringApplication.run(SpringApplication.java:1356) ~[spring-boot-2.5.9.jar:2.5.9]
	at org.springframework.boot.SpringApplication.run(SpringApplication.java:1345) ~[spring-boot-2.5.9.jar:2.5.9]
	at com.example.demo.BackendFApplication.main(BackendFApplication.java:10) ~[classes/:na]

2026-05-12 17:10:10.470  WARN 24492 --- [main] o.h.engine.jdbc.spi.SqlExceptionHelper   : SQL Error: 0, SQLState: 28P01
2026-05-12 17:10:10.470 ERROR 24492 --- [main] o.h.engine.jdbc.spi.SqlExceptionHelper   : FATAL: la autentificación password falló para el usuario «postgres» (pgjdbc: autodetected server-encoding to be ISO-8859-1, if the message is not readable, please check database logs and/or host, port, dbname, user, password, pg_hba.conf)
2026-05-12 17:10:10.475 ERROR 24492 --- [main] j.LocalContainerEntityManagerFactoryBean : Failed to initialize JPA EntityManagerFactory: [PersistenceUnit: default] Unable to build Hibernate SessionFactory; nested exception is org.hibernate.exception.GenericJDBCException: Unable to open JDBC Connection for DDL execution
2026-05-12 17:10:10.475  WARN 24492 --- [main] ConfigServletWebServerApplicationContext : Exception encountered during context initialization - cancelling refresh attempt: org.springframework.beans.factory.BeanCreationException: Error creating bean with name 'entityManagerFactory' defined in class path resource [org/springframework/boot/autoconfigure/orm/jpa/HibernateJpaConfiguration.class]: Invocation of init method failed; nested exception is javax.persistence.PersistenceException: [PersistenceUnit: default] Unable to build Hibernate SessionFactory; nested exception is org.hibernate.exception.GenericJDBCException: Unable to open JDBC Connection for DDL execution
2026-05-12 17:10:10.477  INFO 24492 --- [main] o.apache.catalina.core.StandardService   : Stopping service [Tomcat]
2026-05-12 17:10:10.485  INFO 24492 --- [main] ConditionEvaluationReportLoggingListener : 

Error starting ApplicationContext. To display the conditions report re-run your application with 'debug' enabled.
2026-05-12 17:10:10.497 ERROR 24492 --- [main] o.s.boot.SpringApplication               : Application run failed

org.springframework.beans.factory.BeanCreationException: Error creating bean with name 'entityManagerFactory' defined in class path resource [org/springframework/boot/autoconfigure/orm/jpa/HibernateJpaConfiguration.class]: Invocation of init method failed; nested exception is javax.persistence.PersistenceException: [PersistenceUnit: default] Unable to build Hibernate SessionFactory; nested exception is org.hibernate.exception.GenericJDBCException: Unable to open JDBC Connection for DDL execution
	at org.springframework.beans.factory.support.AbstractAutowireCapableBeanFactory.initializeBean(AbstractAutowireCapableBeanFactory.java:1804) ~[spring-beans-5.3.15.jar:5.3.15]
	at org.springframework.beans.factory.support.AbstractAutowireCapableBeanFactory.doCreateBean(AbstractAutowireCapableBeanFactory.java:620) ~[spring-beans-5.3.15.jar:5.3.15]
	at org.springframework.beans.factory.support.AbstractAutowireCapableBeanFactory.createBean(AbstractAutowireCapableBeanFactory.java:542) ~[spring-beans-5.3.15.jar:5.3.15]
	at org.springframework.beans.factory.support.AbstractBeanFactory.lambda$doGetBean$0(AbstractBeanFactory.java:335) ~[spring-beans-5.3.15.jar:5.3.15]
	at org.springframework.beans.factory.support.DefaultSingletonBeanRegistry.getSingleton(DefaultSingletonBeanRegistry.java:234) ~[spring-beans-5.3.15.jar:5.3.15]
	at org.springframework.beans.factory.support.AbstractBeanFactory.doGetBean(AbstractBeanFactory.java:333) ~[spring-beans-5.3.15.jar:5.3.15]
	at org.springframework.beans.factory.support.AbstractBeanFactory.getBean(AbstractBeanFactory.java:208) ~[spring-beans-5.3.15.jar:5.3.15]
	at org.springframework.context.support.AbstractApplicationContext.getBean(AbstractApplicationContext.java:1154) ~[spring-context-5.3.15.jar:5.3.15]
	at org.springframework.context.support.AbstractApplicationContext.finishBeanFactoryInitialization(AbstractApplicationContext.java:908) ~[spring-context-5.3.15.jar:5.3.15]
	at org.springframework.context.support.AbstractApplicationContext.refresh(AbstractApplicationContext.java:583) ~[spring-context-5.3.15.jar:5.3.15]
	at org.springframework.boot.web.servlet.context.ServletWebServerApplicationContext.refresh(ServletWebServerApplicationContext.java:145) ~[spring-boot-2.5.9.jar:2.5.9]
	at org.springframework.boot.SpringApplication.refresh(SpringApplication.java:767) ~[spring-boot-2.5.9.jar:2.5.9]
	at org.springframework.boot.SpringApplication.refreshContext(SpringApplication.java:447) ~[spring-boot-2.5.9.jar:2.5.9]
	at org.springframework.boot.SpringApplication.run(SpringApplication.java:338) ~[spring-boot-2.5.9.jar:2.5.9]
	at org.springframework.boot.SpringApplication.run(SpringApplication.java:1356) ~[spring-boot-2.5.9.jar:2.5.9]
	at org.springframework.boot.SpringApplication.run(SpringApplication.java:1345) ~[spring-boot-2.5.9.jar:2.5.9]
	at com.example.demo.BackendFApplication.main(BackendFApplication.java:10) ~[classes/:na]
Caused by: javax.persistence.PersistenceException: [PersistenceUnit: default] Unable to build Hibernate SessionFactory; nested exception is org.hibernate.exception.GenericJDBCException: Unable to open JDBC Connection for DDL execution
	at org.springframework.orm.jpa.AbstractEntityManagerFactoryBean.buildNativeEntityManagerFactory(AbstractEntityManagerFactoryBean.java:421) ~[spring-orm-5.3.15.jar:5.3.15]
	at org.springframework.orm.jpa.AbstractEntityManagerFactoryBean.afterPropertiesSet(AbstractEntityManagerFactoryBean.java:396) ~[spring-orm-5.3.15.jar:5.3.15]
	at org.springframework.orm.jpa.LocalContainerEntityManagerFactoryBean.afterPropertiesSet(LocalContainerEntityManagerFactoryBean.java:341) ~[spring-orm-5.3.15.jar:5.3.15]
	at org.springframework.beans.factory.support.AbstractAutowireCapableBeanFactory.invokeInitMethods(AbstractAutowireCapableBeanFactory.java:1863) ~[spring-beans-5.3.15.jar:5.3.15]
	at org.springframework.beans.factory.support.AbstractAutowireCapableBeanFactory.initializeBean(AbstractAutowireCapableBeanFactory.java:1800) ~[spring-beans-5.3.15.jar:5.3.15]
	... 16 common frames omitted
Caused by: org.hibernate.exception.GenericJDBCException: Unable to open JDBC Connection for DDL execution
	at org.hibernate.exception.internal.StandardSQLExceptionConverter.convert(StandardSQLExceptionConverter.java:47) ~[hibernate-core-5.4.33.jar:5.4.33]
	at org.hibernate.engine.jdbc.spi.SqlExceptionHelper.convert(SqlExceptionHelper.java:113) ~[hibernate-core-5.4.33.jar:5.4.33]
	at org.hibernate.engine.jdbc.spi.SqlExceptionHelper.convert(SqlExceptionHelper.java:99) ~[hibernate-core-5.4.33.jar:5.4.33]
	at org.hibernate.resource.transaction.backend.jdbc.internal.DdlTransactionIsolatorNonJtaImpl.getIsolatedConnection(DdlTransactionIsolatorNonJtaImpl.java:69) ~[hibernate-core-5.4.33.jar:5.4.33]
	at org.hibernate.tool.schema.internal.exec.ImprovedExtractionContextImpl.getJdbcConnection(ImprovedExtractionContextImpl.java:60) ~[hibernate-core-5.4.33.jar:5.4.33]
	at org.hibernate.tool.schema.extract.internal.SequenceInformationExtractorLegacyImpl.extractMetadata(SequenceInformationExtractorLegacyImpl.java:40) ~[hibernate-core-5.4.33.jar:5.4.33]
	at org.hibernate.tool.schema.extract.internal.DatabaseInformationImpl.initializeSequences(DatabaseInformationImpl.java:65) ~[hibernate-core-5.4.33.jar:5.4.33]
	at org.hibernate.tool.schema.extract.internal.DatabaseInformationImpl.<init>(DatabaseInformationImpl.java:59) ~[hibernate-core-5.4.33.jar:5.4.33]
	at org.hibernate.tool.schema.internal.Helper.buildDatabaseInformation(Helper.java:155) ~[hibernate-core-5.4.33.jar:5.4.33]
	at org.hibernate.tool.schema.internal.AbstractSchemaMigrator.doMigration(AbstractSchemaMigrator.java:96) ~[hibernate-core-5.4.33.jar:5.4.33]
	at org.hibernate.tool.schema.spi.SchemaManagementToolCoordinator.performDatabaseAction(SchemaManagementToolCoordinator.java:184) ~[hibernate-core-5.4.33.jar:5.4.33]
	at org.hibernate.tool.schema.spi.SchemaManagementToolCoordinator.process(SchemaManagementToolCoordinator.java:73) ~[hibernate-core-5.4.33.jar:5.4.33]
	at org.hibernate.internal.SessionFactoryImpl.<init>(SessionFactoryImpl.java:318) ~[hibernate-core-5.4.33.jar:5.4.33]
	at org.hibernate.boot.internal.SessionFactoryBuilderImpl.build(SessionFactoryBuilderImpl.java:468) ~[hibernate-core-5.4.33.jar:5.4.33]
	at org.hibernate.jpa.boot.internal.EntityManagerFactoryBuilderImpl.build(EntityManagerFactoryBuilderImpl.java:1259) ~[hibernate-core-5.4.33.jar:5.4.33]
	at org.springframework.orm.jpa.vendor.SpringHibernateJpaPersistenceProvider.createContainerEntityManagerFactory(SpringHibernateJpaPersistenceProvider.java:58) ~[spring-orm-5.3.15.jar:5.3.15]
	at org.springframework.orm.jpa.LocalContainerEntityManagerFactoryBean.createNativeEntityManagerFactory(LocalContainerEntityManagerFactoryBean.java:365) ~[spring-orm-5.3.15.jar:5.3.15]
	at org.springframework.orm.jpa.AbstractEntityManagerFactoryBean.buildNativeEntityManagerFactory(AbstractEntityManagerFactoryBean.java:409) ~[spring-orm-5.3.15.jar:5.3.15]
	... 20 common frames omitted
Caused by: org.postgresql.util.PSQLException: FATAL: la autentificación password falló para el usuario «postgres» (pgjdbc: autodetected server-encoding to be ISO-8859-1, if the message is not readable, please check database logs and/or host, port, dbname, user, password, pg_hba.conf)
	at org.postgresql.core.v3.ConnectionFactoryImpl.doAuthentication(ConnectionFactoryImpl.java:613) ~[postgresql-42.2.24.jar:42.2.24]
	at org.postgresql.core.v3.ConnectionFactoryImpl.tryConnect(ConnectionFactoryImpl.java:161) ~[postgresql-42.2.24.jar:42.2.24]
	at org.postgresql.core.v3.ConnectionFactoryImpl.openConnectionImpl(ConnectionFactoryImpl.java:213) ~[postgresql-42.2.24.jar:42.2.24]
	at org.postgresql.core.ConnectionFactory.openConnection(ConnectionFactory.java:51) ~[postgresql-42.2.24.jar:42.2.24]
	at org.postgresql.jdbc.PgConnection.<init>(PgConnection.java:225) ~[postgresql-42.2.24.jar:42.2.24]
	at org.postgresql.Driver.makeConnection(Driver.java:465) ~[postgresql-42.2.24.jar:42.2.24]
	at org.postgresql.Driver.connect(Driver.java:264) ~[postgresql-42.2.24.jar:42.2.24]
	at com.zaxxer.hikari.util.DriverDataSource.getConnection(DriverDataSource.java:138) ~[HikariCP-4.0.3.jar:na]
	at com.zaxxer.hikari.pool.PoolBase.newConnection(PoolBase.java:364) ~[HikariCP-4.0.3.jar:na]
	at com.zaxxer.hikari.pool.PoolBase.newPoolEntry(PoolBase.java:206) ~[HikariCP-4.0.3.jar:na]
	at com.zaxxer.hikari.pool.HikariPool.createPoolEntry(HikariPool.java:476) ~[HikariCP-4.0.3.jar:na]
	at com.zaxxer.hikari.pool.HikariPool.checkFailFast(HikariPool.java:561) ~[HikariCP-4.0.3.jar:na]
	at com.zaxxer.hikari.pool.HikariPool.<init>(HikariPool.java:115) ~[HikariCP-4.0.3.jar:na]
	at com.zaxxer.hikari.HikariDataSource.getConnection(HikariDataSource.java:112) ~[HikariCP-4.0.3.jar:na]
	at org.hibernate.engine.jdbc.connections.internal.DatasourceConnectionProviderImpl.getConnection(DatasourceConnectionProviderImpl.java:122) ~[hibernate-core-5.4.33.jar:5.4.33]
	at org.hibernate.engine.jdbc.env.internal.JdbcEnvironmentInitiator$ConnectionProviderJdbcConnectionAccess.obtainConnection(JdbcEnvironmentInitiator.java:180) ~[hibernate-core-5.4.33.jar:5.4.33]
	at org.hibernate.resource.transaction.backend.jdbc.internal.DdlTransactionIsolatorNonJtaImpl.getIsolatedConnection(DdlTransactionIsolatorNonJtaImpl.java:43) ~[hibernate-core-5.4.33.jar:5.4.33]
	... 34 common frames omitted

2026-05-12 17:11:55.903  INFO 9728 --- [main] com.example.demo.BackendFApplication     : Starting BackendFApplication using Java 17.0.12 on MYN4M31SK41N with PID 9728 (C:\Users\pedro\OneDrive\Escritorio\Test2\ICIFG003-EQ02\backend-f\target\classes started by pedro in C:\Users\pedro\OneDrive\Escritorio\Test2\ICIFG003-EQ02\backend-f)
2026-05-12 17:11:55.905  INFO 9728 --- [main] com.example.demo.BackendFApplication     : No active profile set, falling back to default profiles: default
2026-05-12 17:11:56.411  INFO 9728 --- [main] .s.d.r.c.RepositoryConfigurationDelegate : Bootstrapping Spring Data JPA repositories in DEFAULT mode.
2026-05-12 17:11:56.456  INFO 9728 --- [main] .s.d.r.c.RepositoryConfigurationDelegate : Finished Spring Data repository scanning in 38 ms. Found 2 JPA repository interfaces.
2026-05-12 17:11:56.894  INFO 9728 --- [main] o.s.b.w.embedded.tomcat.TomcatWebServer  : Tomcat initialized with port(s): 8882 (http)
2026-05-12 17:11:56.904  INFO 9728 --- [main] o.apache.catalina.core.StandardService   : Starting service [Tomcat]
2026-05-12 17:11:56.905  INFO 9728 --- [main] org.apache.catalina.core.StandardEngine  : Starting Servlet engine: [Apache Tomcat/9.0.56]
2026-05-12 17:11:56.972  INFO 9728 --- [main] o.a.c.c.C.[Tomcat].[localhost].[/]       : Initializing Spring embedded WebApplicationContext
2026-05-12 17:11:56.972  INFO 9728 --- [main] w.s.c.ServletWebServerApplicationContext : Root WebApplicationContext: initialization completed in 1032 ms
2026-05-12 17:11:57.099  INFO 9728 --- [main] o.hibernate.jpa.internal.util.LogHelper  : HHH000204: Processing PersistenceUnitInfo [name: default]
2026-05-12 17:11:57.146  INFO 9728 --- [main] org.hibernate.Version                    : HHH000412: Hibernate ORM core version 5.4.33
2026-05-12 17:11:57.247  INFO 9728 --- [main] o.hibernate.annotations.common.Version   : HCANN000001: Hibernate Commons Annotations {5.1.2.Final}
2026-05-12 17:11:57.326  INFO 9728 --- [main] com.zaxxer.hikari.HikariDataSource       : HikariPool-1 - Starting...
2026-05-12 17:11:58.460 ERROR 9728 --- [main] com.zaxxer.hikari.pool.HikariPool        : HikariPool-1 - Exception during pool initialization.

org.postgresql.util.PSQLException: FATAL: la autentificación password falló para el usuario «postgres» (pgjdbc: autodetected server-encoding to be ISO-8859-1, if the message is not readable, please check database logs and/or host, port, dbname, user, password, pg_hba.conf)
	at org.postgresql.core.v3.ConnectionFactoryImpl.doAuthentication(ConnectionFactoryImpl.java:613) ~[postgresql-42.2.24.jar:42.2.24]
	at org.postgresql.core.v3.ConnectionFactoryImpl.tryConnect(ConnectionFactoryImpl.java:161) ~[postgresql-42.2.24.jar:42.2.24]
	at org.postgresql.core.v3.ConnectionFactoryImpl.openConnectionImpl(ConnectionFactoryImpl.java:213) ~[postgresql-42.2.24.jar:42.2.24]
	at org.postgresql.core.ConnectionFactory.openConnection(ConnectionFactory.java:51) ~[postgresql-42.2.24.jar:42.2.24]
	at org.postgresql.jdbc.PgConnection.<init>(PgConnection.java:225) ~[postgresql-42.2.24.jar:42.2.24]
	at org.postgresql.Driver.makeConnection(Driver.java:465) ~[postgresql-42.2.24.jar:42.2.24]
	at org.postgresql.Driver.connect(Driver.java:264) ~[postgresql-42.2.24.jar:42.2.24]
	at com.zaxxer.hikari.util.DriverDataSource.getConnection(DriverDataSource.java:138) ~[HikariCP-4.0.3.jar:na]
	at com.zaxxer.hikari.pool.PoolBase.newConnection(PoolBase.java:364) ~[HikariCP-4.0.3.jar:na]
	at com.zaxxer.hikari.pool.PoolBase.newPoolEntry(PoolBase.java:206) ~[HikariCP-4.0.3.jar:na]
	at com.zaxxer.hikari.pool.HikariPool.createPoolEntry(HikariPool.java:476) ~[HikariCP-4.0.3.jar:na]
	at com.zaxxer.hikari.pool.HikariPool.checkFailFast(HikariPool.java:561) ~[HikariCP-4.0.3.jar:na]
	at com.zaxxer.hikari.pool.HikariPool.<init>(HikariPool.java:115) ~[HikariCP-4.0.3.jar:na]
	at com.zaxxer.hikari.HikariDataSource.getConnection(HikariDataSource.java:112) ~[HikariCP-4.0.3.jar:na]
	at org.hibernate.engine.jdbc.connections.internal.DatasourceConnectionProviderImpl.getConnection(DatasourceConnectionProviderImpl.java:122) ~[hibernate-core-5.4.33.jar:5.4.33]
	at org.hibernate.engine.jdbc.env.internal.JdbcEnvironmentInitiator$ConnectionProviderJdbcConnectionAccess.obtainConnection(JdbcEnvironmentInitiator.java:180) ~[hibernate-core-5.4.33.jar:5.4.33]
	at org.hibernate.engine.jdbc.env.internal.JdbcEnvironmentInitiator.initiateService(JdbcEnvironmentInitiator.java:68) ~[hibernate-core-5.4.33.jar:5.4.33]
	at org.hibernate.engine.jdbc.env.internal.JdbcEnvironmentInitiator.initiateService(JdbcEnvironmentInitiator.java:35) ~[hibernate-core-5.4.33.jar:5.4.33]
	at org.hibernate.boot.registry.internal.StandardServiceRegistryImpl.initiateService(StandardServiceRegistryImpl.java:101) ~[hibernate-core-5.4.33.jar:5.4.33]
	at org.hibernate.service.internal.AbstractServiceRegistryImpl.createService(AbstractServiceRegistryImpl.java:263) ~[hibernate-core-5.4.33.jar:5.4.33]
	at org.hibernate.service.internal.AbstractServiceRegistryImpl.initializeService(AbstractServiceRegistryImpl.java:237) ~[hibernate-core-5.4.33.jar:5.4.33]
	at org.hibernate.service.internal.AbstractServiceRegistryImpl.getService(AbstractServiceRegistryImpl.java:214) ~[hibernate-core-5.4.33.jar:5.4.33]
	at org.hibernate.id.factory.internal.DefaultIdentifierGeneratorFactory.injectServices(DefaultIdentifierGeneratorFactory.java:152) ~[hibernate-core-5.4.33.jar:5.4.33]
	at org.hibernate.service.internal.AbstractServiceRegistryImpl.injectDependencies(AbstractServiceRegistryImpl.java:286) ~[hibernate-core-5.4.33.jar:5.4.33]
	at org.hibernate.service.internal.AbstractServiceRegistryImpl.initializeService(AbstractServiceRegistryImpl.java:243) ~[hibernate-core-5.4.33.jar:5.4.33]
	at org.hibernate.service.internal.AbstractServiceRegistryImpl.getService(AbstractServiceRegistryImpl.java:214) ~[hibernate-core-5.4.33.jar:5.4.33]
	at org.hibernate.boot.internal.InFlightMetadataCollectorImpl.<init>(InFlightMetadataCollectorImpl.java:176) ~[hibernate-core-5.4.33.jar:5.4.33]
	at org.hibernate.boot.model.process.spi.MetadataBuildingProcess.complete(MetadataBuildingProcess.java:127) ~[hibernate-core-5.4.33.jar:5.4.33]
	at org.hibernate.jpa.boot.internal.EntityManagerFactoryBuilderImpl.metadata(EntityManagerFactoryBuilderImpl.java:1224) ~[hibernate-core-5.4.33.jar:5.4.33]
	at org.hibernate.jpa.boot.internal.EntityManagerFactoryBuilderImpl.build(EntityManagerFactoryBuilderImpl.java:1255) ~[hibernate-core-5.4.33.jar:5.4.33]
	at org.springframework.orm.jpa.vendor.SpringHibernateJpaPersistenceProvider.createContainerEntityManagerFactory(SpringHibernateJpaPersistenceProvider.java:58) ~[spring-orm-5.3.15.jar:5.3.15]
	at org.springframework.orm.jpa.LocalContainerEntityManagerFactoryBean.createNativeEntityManagerFactory(LocalContainerEntityManagerFactoryBean.java:365) ~[spring-orm-5.3.15.jar:5.3.15]
	at org.springframework.orm.jpa.AbstractEntityManagerFactoryBean.buildNativeEntityManagerFactory(AbstractEntityManagerFactoryBean.java:409) ~[spring-orm-5.3.15.jar:5.3.15]
	at org.springframework.orm.jpa.AbstractEntityManagerFactoryBean.afterPropertiesSet(AbstractEntityManagerFactoryBean.java:396) ~[spring-orm-5.3.15.jar:5.3.15]
	at org.springframework.orm.jpa.LocalContainerEntityManagerFactoryBean.afterPropertiesSet(LocalContainerEntityManagerFactoryBean.java:341) ~[spring-orm-5.3.15.jar:5.3.15]
	at org.springframework.beans.factory.support.AbstractAutowireCapableBeanFactory.invokeInitMethods(AbstractAutowireCapableBeanFactory.java:1863) ~[spring-beans-5.3.15.jar:5.3.15]
	at org.springframework.beans.factory.support.AbstractAutowireCapableBeanFactory.initializeBean(AbstractAutowireCapableBeanFactory.java:1800) ~[spring-beans-5.3.15.jar:5.3.15]
	at org.springframework.beans.factory.support.AbstractAutowireCapableBeanFactory.doCreateBean(AbstractAutowireCapableBeanFactory.java:620) ~[spring-beans-5.3.15.jar:5.3.15]
	at org.springframework.beans.factory.support.AbstractAutowireCapableBeanFactory.createBean(AbstractAutowireCapableBeanFactory.java:542) ~[spring-beans-5.3.15.jar:5.3.15]
	at org.springframework.beans.factory.support.AbstractBeanFactory.lambda$doGetBean$0(AbstractBeanFactory.java:335) ~[spring-beans-5.3.15.jar:5.3.15]
	at org.springframework.beans.factory.support.DefaultSingletonBeanRegistry.getSingleton(DefaultSingletonBeanRegistry.java:234) ~[spring-beans-5.3.15.jar:5.3.15]
	at org.springframework.beans.factory.support.AbstractBeanFactory.doGetBean(AbstractBeanFactory.java:333) ~[spring-beans-5.3.15.jar:5.3.15]
	at org.springframework.beans.factory.support.AbstractBeanFactory.getBean(AbstractBeanFactory.java:208) ~[spring-beans-5.3.15.jar:5.3.15]
	at org.springframework.context.support.AbstractApplicationContext.getBean(AbstractApplicationContext.java:1154) ~[spring-context-5.3.15.jar:5.3.15]
	at org.springframework.context.support.AbstractApplicationContext.finishBeanFactoryInitialization(AbstractApplicationContext.java:908) ~[spring-context-5.3.15.jar:5.3.15]
	at org.springframework.context.support.AbstractApplicationContext.refresh(AbstractApplicationContext.java:583) ~[spring-context-5.3.15.jar:5.3.15]
	at org.springframework.boot.web.servlet.context.ServletWebServerApplicationContext.refresh(ServletWebServerApplicationContext.java:145) ~[spring-boot-2.5.9.jar:2.5.9]
	at org.springframework.boot.SpringApplication.refresh(SpringApplication.java:767) ~[spring-boot-2.5.9.jar:2.5.9]
	at org.springframework.boot.SpringApplication.refreshContext(SpringApplication.java:447) ~[spring-boot-2.5.9.jar:2.5.9]
	at org.springframework.boot.SpringApplication.run(SpringApplication.java:338) ~[spring-boot-2.5.9.jar:2.5.9]
	at org.springframework.boot.SpringApplication.run(SpringApplication.java:1356) ~[spring-boot-2.5.9.jar:2.5.9]
	at org.springframework.boot.SpringApplication.run(SpringApplication.java:1345) ~[spring-boot-2.5.9.jar:2.5.9]
	at com.example.demo.BackendFApplication.main(BackendFApplication.java:10) ~[classes/:na]

2026-05-12 17:11:58.462  WARN 9728 --- [main] o.h.e.j.e.i.JdbcEnvironmentInitiator     : HHH000342: Could not obtain connection to query metadata

org.postgresql.util.PSQLException: FATAL: la autentificación password falló para el usuario «postgres» (pgjdbc: autodetected server-encoding to be ISO-8859-1, if the message is not readable, please check database logs and/or host, port, dbname, user, password, pg_hba.conf)
	at org.postgresql.core.v3.ConnectionFactoryImpl.doAuthentication(ConnectionFactoryImpl.java:613) ~[postgresql-42.2.24.jar:42.2.24]
	at org.postgresql.core.v3.ConnectionFactoryImpl.tryConnect(ConnectionFactoryImpl.java:161) ~[postgresql-42.2.24.jar:42.2.24]
	at org.postgresql.core.v3.ConnectionFactoryImpl.openConnectionImpl(ConnectionFactoryImpl.java:213) ~[postgresql-42.2.24.jar:42.2.24]
	at org.postgresql.core.ConnectionFactory.openConnection(ConnectionFactory.java:51) ~[postgresql-42.2.24.jar:42.2.24]
	at org.postgresql.jdbc.PgConnection.<init>(PgConnection.java:225) ~[postgresql-42.2.24.jar:42.2.24]
	at org.postgresql.Driver.makeConnection(Driver.java:465) ~[postgresql-42.2.24.jar:42.2.24]
	at org.postgresql.Driver.connect(Driver.java:264) ~[postgresql-42.2.24.jar:42.2.24]
	at com.zaxxer.hikari.util.DriverDataSource.getConnection(DriverDataSource.java:138) ~[HikariCP-4.0.3.jar:na]
	at com.zaxxer.hikari.pool.PoolBase.newConnection(PoolBase.java:364) ~[HikariCP-4.0.3.jar:na]
	at com.zaxxer.hikari.pool.PoolBase.newPoolEntry(PoolBase.java:206) ~[HikariCP-4.0.3.jar:na]
	at com.zaxxer.hikari.pool.HikariPool.createPoolEntry(HikariPool.java:476) ~[HikariCP-4.0.3.jar:na]
	at com.zaxxer.hikari.pool.HikariPool.checkFailFast(HikariPool.java:561) ~[HikariCP-4.0.3.jar:na]
	at com.zaxxer.hikari.pool.HikariPool.<init>(HikariPool.java:115) ~[HikariCP-4.0.3.jar:na]
	at com.zaxxer.hikari.HikariDataSource.getConnection(HikariDataSource.java:112) ~[HikariCP-4.0.3.jar:na]
	at org.hibernate.engine.jdbc.connections.internal.DatasourceConnectionProviderImpl.getConnection(DatasourceConnectionProviderImpl.java:122) ~[hibernate-core-5.4.33.jar:5.4.33]
	at org.hibernate.engine.jdbc.env.internal.JdbcEnvironmentInitiator$ConnectionProviderJdbcConnectionAccess.obtainConnection(JdbcEnvironmentInitiator.java:180) ~[hibernate-core-5.4.33.jar:5.4.33]
	at org.hibernate.engine.jdbc.env.internal.JdbcEnvironmentInitiator.initiateService(JdbcEnvironmentInitiator.java:68) ~[hibernate-core-5.4.33.jar:5.4.33]
	at org.hibernate.engine.jdbc.env.internal.JdbcEnvironmentInitiator.initiateService(JdbcEnvironmentInitiator.java:35) ~[hibernate-core-5.4.33.jar:5.4.33]
	at org.hibernate.boot.registry.internal.StandardServiceRegistryImpl.initiateService(StandardServiceRegistryImpl.java:101) ~[hibernate-core-5.4.33.jar:5.4.33]
	at org.hibernate.service.internal.AbstractServiceRegistryImpl.createService(AbstractServiceRegistryImpl.java:263) ~[hibernate-core-5.4.33.jar:5.4.33]
	at org.hibernate.service.internal.AbstractServiceRegistryImpl.initializeService(AbstractServiceRegistryImpl.java:237) ~[hibernate-core-5.4.33.jar:5.4.33]
	at org.hibernate.service.internal.AbstractServiceRegistryImpl.getService(AbstractServiceRegistryImpl.java:214) ~[hibernate-core-5.4.33.jar:5.4.33]
	at org.hibernate.id.factory.internal.DefaultIdentifierGeneratorFactory.injectServices(DefaultIdentifierGeneratorFactory.java:152) ~[hibernate-core-5.4.33.jar:5.4.33]
	at org.hibernate.service.internal.AbstractServiceRegistryImpl.injectDependencies(AbstractServiceRegistryImpl.java:286) ~[hibernate-core-5.4.33.jar:5.4.33]
	at org.hibernate.service.internal.AbstractServiceRegistryImpl.initializeService(AbstractServiceRegistryImpl.java:243) ~[hibernate-core-5.4.33.jar:5.4.33]
	at org.hibernate.service.internal.AbstractServiceRegistryImpl.getService(AbstractServiceRegistryImpl.java:214) ~[hibernate-core-5.4.33.jar:5.4.33]
	at org.hibernate.boot.internal.InFlightMetadataCollectorImpl.<init>(InFlightMetadataCollectorImpl.java:176) ~[hibernate-core-5.4.33.jar:5.4.33]
	at org.hibernate.boot.model.process.spi.MetadataBuildingProcess.complete(MetadataBuildingProcess.java:127) ~[hibernate-core-5.4.33.jar:5.4.33]
	at org.hibernate.jpa.boot.internal.EntityManagerFactoryBuilderImpl.metadata(EntityManagerFactoryBuilderImpl.java:1224) ~[hibernate-core-5.4.33.jar:5.4.33]
	at org.hibernate.jpa.boot.internal.EntityManagerFactoryBuilderImpl.build(EntityManagerFactoryBuilderImpl.java:1255) ~[hibernate-core-5.4.33.jar:5.4.33]
	at org.springframework.orm.jpa.vendor.SpringHibernateJpaPersistenceProvider.createContainerEntityManagerFactory(SpringHibernateJpaPersistenceProvider.java:58) ~[spring-orm-5.3.15.jar:5.3.15]
	at org.springframework.orm.jpa.LocalContainerEntityManagerFactoryBean.createNativeEntityManagerFactory(LocalContainerEntityManagerFactoryBean.java:365) ~[spring-orm-5.3.15.jar:5.3.15]
	at org.springframework.orm.jpa.AbstractEntityManagerFactoryBean.buildNativeEntityManagerFactory(AbstractEntityManagerFactoryBean.java:409) ~[spring-orm-5.3.15.jar:5.3.15]
	at org.springframework.orm.jpa.AbstractEntityManagerFactoryBean.afterPropertiesSet(AbstractEntityManagerFactoryBean.java:396) ~[spring-orm-5.3.15.jar:5.3.15]
	at org.springframework.orm.jpa.LocalContainerEntityManagerFactoryBean.afterPropertiesSet(LocalContainerEntityManagerFactoryBean.java:341) ~[spring-orm-5.3.15.jar:5.3.15]
	at org.springframework.beans.factory.support.AbstractAutowireCapableBeanFactory.invokeInitMethods(AbstractAutowireCapableBeanFactory.java:1863) ~[spring-beans-5.3.15.jar:5.3.15]
	at org.springframework.beans.factory.support.AbstractAutowireCapableBeanFactory.initializeBean(AbstractAutowireCapableBeanFactory.java:1800) ~[spring-beans-5.3.15.jar:5.3.15]
	at org.springframework.beans.factory.support.AbstractAutowireCapableBeanFactory.doCreateBean(AbstractAutowireCapableBeanFactory.java:620) ~[spring-beans-5.3.15.jar:5.3.15]
	at org.springframework.beans.factory.support.AbstractAutowireCapableBeanFactory.createBean(AbstractAutowireCapableBeanFactory.java:542) ~[spring-beans-5.3.15.jar:5.3.15]
	at org.springframework.beans.factory.support.AbstractBeanFactory.lambda$doGetBean$0(AbstractBeanFactory.java:335) ~[spring-beans-5.3.15.jar:5.3.15]
	at org.springframework.beans.factory.support.DefaultSingletonBeanRegistry.getSingleton(DefaultSingletonBeanRegistry.java:234) ~[spring-beans-5.3.15.jar:5.3.15]
	at org.springframework.beans.factory.support.AbstractBeanFactory.doGetBean(AbstractBeanFactory.java:333) ~[spring-beans-5.3.15.jar:5.3.15]
	at org.springframework.beans.factory.support.AbstractBeanFactory.getBean(AbstractBeanFactory.java:208) ~[spring-beans-5.3.15.jar:5.3.15]
	at org.springframework.context.support.AbstractApplicationContext.getBean(AbstractApplicationContext.java:1154) ~[spring-context-5.3.15.jar:5.3.15]
	at org.springframework.context.support.AbstractApplicationContext.finishBeanFactoryInitialization(AbstractApplicationContext.java:908) ~[spring-context-5.3.15.jar:5.3.15]
	at org.springframework.context.support.AbstractApplicationContext.refresh(AbstractApplicationContext.java:583) ~[spring-context-5.3.15.jar:5.3.15]
	at org.springframework.boot.web.servlet.context.ServletWebServerApplicationContext.refresh(ServletWebServerApplicationContext.java:145) ~[spring-boot-2.5.9.jar:2.5.9]
	at org.springframework.boot.SpringApplication.refresh(SpringApplication.java:767) ~[spring-boot-2.5.9.jar:2.5.9]
	at org.springframework.boot.SpringApplication.refreshContext(SpringApplication.java:447) ~[spring-boot-2.5.9.jar:2.5.9]
	at org.springframework.boot.SpringApplication.run(SpringApplication.java:338) ~[spring-boot-2.5.9.jar:2.5.9]
	at org.springframework.boot.SpringApplication.run(SpringApplication.java:1356) ~[spring-boot-2.5.9.jar:2.5.9]
	at org.springframework.boot.SpringApplication.run(SpringApplication.java:1345) ~[spring-boot-2.5.9.jar:2.5.9]
	at com.example.demo.BackendFApplication.main(BackendFApplication.java:10) ~[classes/:na]

2026-05-12 17:11:58.474  INFO 9728 --- [main] org.hibernate.dialect.Dialect            : HHH000400: Using dialect: org.hibernate.dialect.PostgreSQLDialect
2026-05-12 17:11:58.881  INFO 9728 --- [main] com.zaxxer.hikari.HikariDataSource       : HikariPool-1 - Starting...
2026-05-12 17:11:59.919 ERROR 9728 --- [main] com.zaxxer.hikari.pool.HikariPool        : HikariPool-1 - Exception during pool initialization.

org.postgresql.util.PSQLException: FATAL: la autentificación password falló para el usuario «postgres» (pgjdbc: autodetected server-encoding to be ISO-8859-1, if the message is not readable, please check database logs and/or host, port, dbname, user, password, pg_hba.conf)
	at org.postgresql.core.v3.ConnectionFactoryImpl.doAuthentication(ConnectionFactoryImpl.java:613) ~[postgresql-42.2.24.jar:42.2.24]
	at org.postgresql.core.v3.ConnectionFactoryImpl.tryConnect(ConnectionFactoryImpl.java:161) ~[postgresql-42.2.24.jar:42.2.24]
	at org.postgresql.core.v3.ConnectionFactoryImpl.openConnectionImpl(ConnectionFactoryImpl.java:213) ~[postgresql-42.2.24.jar:42.2.24]
	at org.postgresql.core.ConnectionFactory.openConnection(ConnectionFactory.java:51) ~[postgresql-42.2.24.jar:42.2.24]
	at org.postgresql.jdbc.PgConnection.<init>(PgConnection.java:225) ~[postgresql-42.2.24.jar:42.2.24]
	at org.postgresql.Driver.makeConnection(Driver.java:465) ~[postgresql-42.2.24.jar:42.2.24]
	at org.postgresql.Driver.connect(Driver.java:264) ~[postgresql-42.2.24.jar:42.2.24]
	at com.zaxxer.hikari.util.DriverDataSource.getConnection(DriverDataSource.java:138) ~[HikariCP-4.0.3.jar:na]
	at com.zaxxer.hikari.pool.PoolBase.newConnection(PoolBase.java:364) ~[HikariCP-4.0.3.jar:na]
	at com.zaxxer.hikari.pool.PoolBase.newPoolEntry(PoolBase.java:206) ~[HikariCP-4.0.3.jar:na]
	at com.zaxxer.hikari.pool.HikariPool.createPoolEntry(HikariPool.java:476) ~[HikariCP-4.0.3.jar:na]
	at com.zaxxer.hikari.pool.HikariPool.checkFailFast(HikariPool.java:561) ~[HikariCP-4.0.3.jar:na]
	at com.zaxxer.hikari.pool.HikariPool.<init>(HikariPool.java:115) ~[HikariCP-4.0.3.jar:na]
	at com.zaxxer.hikari.HikariDataSource.getConnection(HikariDataSource.java:112) ~[HikariCP-4.0.3.jar:na]
	at org.hibernate.engine.jdbc.connections.internal.DatasourceConnectionProviderImpl.getConnection(DatasourceConnectionProviderImpl.java:122) ~[hibernate-core-5.4.33.jar:5.4.33]
	at org.hibernate.engine.jdbc.env.internal.JdbcEnvironmentInitiator$ConnectionProviderJdbcConnectionAccess.obtainConnection(JdbcEnvironmentInitiator.java:180) ~[hibernate-core-5.4.33.jar:5.4.33]
	at org.hibernate.resource.transaction.backend.jdbc.internal.DdlTransactionIsolatorNonJtaImpl.getIsolatedConnection(DdlTransactionIsolatorNonJtaImpl.java:43) ~[hibernate-core-5.4.33.jar:5.4.33]
	at org.hibernate.tool.schema.internal.exec.ImprovedExtractionContextImpl.getJdbcConnection(ImprovedExtractionContextImpl.java:60) ~[hibernate-core-5.4.33.jar:5.4.33]
	at org.hibernate.tool.schema.extract.internal.SequenceInformationExtractorLegacyImpl.extractMetadata(SequenceInformationExtractorLegacyImpl.java:40) ~[hibernate-core-5.4.33.jar:5.4.33]
	at org.hibernate.tool.schema.extract.internal.DatabaseInformationImpl.initializeSequences(DatabaseInformationImpl.java:65) ~[hibernate-core-5.4.33.jar:5.4.33]
	at org.hibernate.tool.schema.extract.internal.DatabaseInformationImpl.<init>(DatabaseInformationImpl.java:59) ~[hibernate-core-5.4.33.jar:5.4.33]
	at org.hibernate.tool.schema.internal.Helper.buildDatabaseInformation(Helper.java:155) ~[hibernate-core-5.4.33.jar:5.4.33]
	at org.hibernate.tool.schema.internal.AbstractSchemaMigrator.doMigration(AbstractSchemaMigrator.java:96) ~[hibernate-core-5.4.33.jar:5.4.33]
	at org.hibernate.tool.schema.spi.SchemaManagementToolCoordinator.performDatabaseAction(SchemaManagementToolCoordinator.java:184) ~[hibernate-core-5.4.33.jar:5.4.33]
	at org.hibernate.tool.schema.spi.SchemaManagementToolCoordinator.process(SchemaManagementToolCoordinator.java:73) ~[hibernate-core-5.4.33.jar:5.4.33]
	at org.hibernate.internal.SessionFactoryImpl.<init>(SessionFactoryImpl.java:318) ~[hibernate-core-5.4.33.jar:5.4.33]
	at org.hibernate.boot.internal.SessionFactoryBuilderImpl.build(SessionFactoryBuilderImpl.java:468) ~[hibernate-core-5.4.33.jar:5.4.33]
	at org.hibernate.jpa.boot.internal.EntityManagerFactoryBuilderImpl.build(EntityManagerFactoryBuilderImpl.java:1259) ~[hibernate-core-5.4.33.jar:5.4.33]
	at org.springframework.orm.jpa.vendor.SpringHibernateJpaPersistenceProvider.createContainerEntityManagerFactory(SpringHibernateJpaPersistenceProvider.java:58) ~[spring-orm-5.3.15.jar:5.3.15]
	at org.springframework.orm.jpa.LocalContainerEntityManagerFactoryBean.createNativeEntityManagerFactory(LocalContainerEntityManagerFactoryBean.java:365) ~[spring-orm-5.3.15.jar:5.3.15]
	at org.springframework.orm.jpa.AbstractEntityManagerFactoryBean.buildNativeEntityManagerFactory(AbstractEntityManagerFactoryBean.java:409) ~[spring-orm-5.3.15.jar:5.3.15]
	at org.springframework.orm.jpa.AbstractEntityManagerFactoryBean.afterPropertiesSet(AbstractEntityManagerFactoryBean.java:396) ~[spring-orm-5.3.15.jar:5.3.15]
	at org.springframework.orm.jpa.LocalContainerEntityManagerFactoryBean.afterPropertiesSet(LocalContainerEntityManagerFactoryBean.java:341) ~[spring-orm-5.3.15.jar:5.3.15]
	at org.springframework.beans.factory.support.AbstractAutowireCapableBeanFactory.invokeInitMethods(AbstractAutowireCapableBeanFactory.java:1863) ~[spring-beans-5.3.15.jar:5.3.15]
	at org.springframework.beans.factory.support.AbstractAutowireCapableBeanFactory.initializeBean(AbstractAutowireCapableBeanFactory.java:1800) ~[spring-beans-5.3.15.jar:5.3.15]
	at org.springframework.beans.factory.support.AbstractAutowireCapableBeanFactory.doCreateBean(AbstractAutowireCapableBeanFactory.java:620) ~[spring-beans-5.3.15.jar:5.3.15]
	at org.springframework.beans.factory.support.AbstractAutowireCapableBeanFactory.createBean(AbstractAutowireCapableBeanFactory.java:542) ~[spring-beans-5.3.15.jar:5.3.15]
	at org.springframework.beans.factory.support.AbstractBeanFactory.lambda$doGetBean$0(AbstractBeanFactory.java:335) ~[spring-beans-5.3.15.jar:5.3.15]
	at org.springframework.beans.factory.support.DefaultSingletonBeanRegistry.getSingleton(DefaultSingletonBeanRegistry.java:234) ~[spring-beans-5.3.15.jar:5.3.15]
	at org.springframework.beans.factory.support.AbstractBeanFactory.doGetBean(AbstractBeanFactory.java:333) ~[spring-beans-5.3.15.jar:5.3.15]
	at org.springframework.beans.factory.support.AbstractBeanFactory.getBean(AbstractBeanFactory.java:208) ~[spring-beans-5.3.15.jar:5.3.15]
	at org.springframework.context.support.AbstractApplicationContext.getBean(AbstractApplicationContext.java:1154) ~[spring-context-5.3.15.jar:5.3.15]
	at org.springframework.context.support.AbstractApplicationContext.finishBeanFactoryInitialization(AbstractApplicationContext.java:908) ~[spring-context-5.3.15.jar:5.3.15]
	at org.springframework.context.support.AbstractApplicationContext.refresh(AbstractApplicationContext.java:583) ~[spring-context-5.3.15.jar:5.3.15]
	at org.springframework.boot.web.servlet.context.ServletWebServerApplicationContext.refresh(ServletWebServerApplicationContext.java:145) ~[spring-boot-2.5.9.jar:2.5.9]
	at org.springframework.boot.SpringApplication.refresh(SpringApplication.java:767) ~[spring-boot-2.5.9.jar:2.5.9]
	at org.springframework.boot.SpringApplication.refreshContext(SpringApplication.java:447) ~[spring-boot-2.5.9.jar:2.5.9]
	at org.springframework.boot.SpringApplication.run(SpringApplication.java:338) ~[spring-boot-2.5.9.jar:2.5.9]
	at org.springframework.boot.SpringApplication.run(SpringApplication.java:1356) ~[spring-boot-2.5.9.jar:2.5.9]
	at org.springframework.boot.SpringApplication.run(SpringApplication.java:1345) ~[spring-boot-2.5.9.jar:2.5.9]
	at com.example.demo.BackendFApplication.main(BackendFApplication.java:10) ~[classes/:na]

2026-05-12 17:11:59.922  WARN 9728 --- [main] o.h.engine.jdbc.spi.SqlExceptionHelper   : SQL Error: 0, SQLState: 28P01
2026-05-12 17:11:59.922 ERROR 9728 --- [main] o.h.engine.jdbc.spi.SqlExceptionHelper   : FATAL: la autentificación password falló para el usuario «postgres» (pgjdbc: autodetected server-encoding to be ISO-8859-1, if the message is not readable, please check database logs and/or host, port, dbname, user, password, pg_hba.conf)
2026-05-12 17:11:59.926 ERROR 9728 --- [main] j.LocalContainerEntityManagerFactoryBean : Failed to initialize JPA EntityManagerFactory: [PersistenceUnit: default] Unable to build Hibernate SessionFactory; nested exception is org.hibernate.exception.GenericJDBCException: Unable to open JDBC Connection for DDL execution
2026-05-12 17:11:59.927  WARN 9728 --- [main] ConfigServletWebServerApplicationContext : Exception encountered during context initialization - cancelling refresh attempt: org.springframework.beans.factory.BeanCreationException: Error creating bean with name 'entityManagerFactory' defined in class path resource [org/springframework/boot/autoconfigure/orm/jpa/HibernateJpaConfiguration.class]: Invocation of init method failed; nested exception is javax.persistence.PersistenceException: [PersistenceUnit: default] Unable to build Hibernate SessionFactory; nested exception is org.hibernate.exception.GenericJDBCException: Unable to open JDBC Connection for DDL execution
2026-05-12 17:11:59.928  INFO 9728 --- [main] o.apache.catalina.core.StandardService   : Stopping service [Tomcat]
2026-05-12 17:11:59.936  INFO 9728 --- [main] ConditionEvaluationReportLoggingListener : 

Error starting ApplicationContext. To display the conditions report re-run your application with 'debug' enabled.
2026-05-12 17:11:59.948 ERROR 9728 --- [main] o.s.boot.SpringApplication               : Application run failed

org.springframework.beans.factory.BeanCreationException: Error creating bean with name 'entityManagerFactory' defined in class path resource [org/springframework/boot/autoconfigure/orm/jpa/HibernateJpaConfiguration.class]: Invocation of init method failed; nested exception is javax.persistence.PersistenceException: [PersistenceUnit: default] Unable to build Hibernate SessionFactory; nested exception is org.hibernate.exception.GenericJDBCException: Unable to open JDBC Connection for DDL execution
	at org.springframework.beans.factory.support.AbstractAutowireCapableBeanFactory.initializeBean(AbstractAutowireCapableBeanFactory.java:1804) ~[spring-beans-5.3.15.jar:5.3.15]
	at org.springframework.beans.factory.support.AbstractAutowireCapableBeanFactory.doCreateBean(AbstractAutowireCapableBeanFactory.java:620) ~[spring-beans-5.3.15.jar:5.3.15]
	at org.springframework.beans.factory.support.AbstractAutowireCapableBeanFactory.createBean(AbstractAutowireCapableBeanFactory.java:542) ~[spring-beans-5.3.15.jar:5.3.15]
	at org.springframework.beans.factory.support.AbstractBeanFactory.lambda$doGetBean$0(AbstractBeanFactory.java:335) ~[spring-beans-5.3.15.jar:5.3.15]
	at org.springframework.beans.factory.support.DefaultSingletonBeanRegistry.getSingleton(DefaultSingletonBeanRegistry.java:234) ~[spring-beans-5.3.15.jar:5.3.15]
	at org.springframework.beans.factory.support.AbstractBeanFactory.doGetBean(AbstractBeanFactory.java:333) ~[spring-beans-5.3.15.jar:5.3.15]
	at org.springframework.beans.factory.support.AbstractBeanFactory.getBean(AbstractBeanFactory.java:208) ~[spring-beans-5.3.15.jar:5.3.15]
	at org.springframework.context.support.AbstractApplicationContext.getBean(AbstractApplicationContext.java:1154) ~[spring-context-5.3.15.jar:5.3.15]
	at org.springframework.context.support.AbstractApplicationContext.finishBeanFactoryInitialization(AbstractApplicationContext.java:908) ~[spring-context-5.3.15.jar:5.3.15]
	at org.springframework.context.support.AbstractApplicationContext.refresh(AbstractApplicationContext.java:583) ~[spring-context-5.3.15.jar:5.3.15]
	at org.springframework.boot.web.servlet.context.ServletWebServerApplicationContext.refresh(ServletWebServerApplicationContext.java:145) ~[spring-boot-2.5.9.jar:2.5.9]
	at org.springframework.boot.SpringApplication.refresh(SpringApplication.java:767) ~[spring-boot-2.5.9.jar:2.5.9]
	at org.springframework.boot.SpringApplication.refreshContext(SpringApplication.java:447) ~[spring-boot-2.5.9.jar:2.5.9]
	at org.springframework.boot.SpringApplication.run(SpringApplication.java:338) ~[spring-boot-2.5.9.jar:2.5.9]
	at org.springframework.boot.SpringApplication.run(SpringApplication.java:1356) ~[spring-boot-2.5.9.jar:2.5.9]
	at org.springframework.boot.SpringApplication.run(SpringApplication.java:1345) ~[spring-boot-2.5.9.jar:2.5.9]
	at com.example.demo.BackendFApplication.main(BackendFApplication.java:10) ~[classes/:na]
Caused by: javax.persistence.PersistenceException: [PersistenceUnit: default] Unable to build Hibernate SessionFactory; nested exception is org.hibernate.exception.GenericJDBCException: Unable to open JDBC Connection for DDL execution
	at org.springframework.orm.jpa.AbstractEntityManagerFactoryBean.buildNativeEntityManagerFactory(AbstractEntityManagerFactoryBean.java:421) ~[spring-orm-5.3.15.jar:5.3.15]
	at org.springframework.orm.jpa.AbstractEntityManagerFactoryBean.afterPropertiesSet(AbstractEntityManagerFactoryBean.java:396) ~[spring-orm-5.3.15.jar:5.3.15]
	at org.springframework.orm.jpa.LocalContainerEntityManagerFactoryBean.afterPropertiesSet(LocalContainerEntityManagerFactoryBean.java:341) ~[spring-orm-5.3.15.jar:5.3.15]
	at org.springframework.beans.factory.support.AbstractAutowireCapableBeanFactory.invokeInitMethods(AbstractAutowireCapableBeanFactory.java:1863) ~[spring-beans-5.3.15.jar:5.3.15]
	at org.springframework.beans.factory.support.AbstractAutowireCapableBeanFactory.initializeBean(AbstractAutowireCapableBeanFactory.java:1800) ~[spring-beans-5.3.15.jar:5.3.15]
	... 16 common frames omitted
Caused by: org.hibernate.exception.GenericJDBCException: Unable to open JDBC Connection for DDL execution
	at org.hibernate.exception.internal.StandardSQLExceptionConverter.convert(StandardSQLExceptionConverter.java:47) ~[hibernate-core-5.4.33.jar:5.4.33]
	at org.hibernate.engine.jdbc.spi.SqlExceptionHelper.convert(SqlExceptionHelper.java:113) ~[hibernate-core-5.4.33.jar:5.4.33]
	at org.hibernate.engine.jdbc.spi.SqlExceptionHelper.convert(SqlExceptionHelper.java:99) ~[hibernate-core-5.4.33.jar:5.4.33]
	at org.hibernate.resource.transaction.backend.jdbc.internal.DdlTransactionIsolatorNonJtaImpl.getIsolatedConnection(DdlTransactionIsolatorNonJtaImpl.java:69) ~[hibernate-core-5.4.33.jar:5.4.33]
	at org.hibernate.tool.schema.internal.exec.ImprovedExtractionContextImpl.getJdbcConnection(ImprovedExtractionContextImpl.java:60) ~[hibernate-core-5.4.33.jar:5.4.33]
	at org.hibernate.tool.schema.extract.internal.SequenceInformationExtractorLegacyImpl.extractMetadata(SequenceInformationExtractorLegacyImpl.java:40) ~[hibernate-core-5.4.33.jar:5.4.33]
	at org.hibernate.tool.schema.extract.internal.DatabaseInformationImpl.initializeSequences(DatabaseInformationImpl.java:65) ~[hibernate-core-5.4.33.jar:5.4.33]
	at org.hibernate.tool.schema.extract.internal.DatabaseInformationImpl.<init>(DatabaseInformationImpl.java:59) ~[hibernate-core-5.4.33.jar:5.4.33]
	at org.hibernate.tool.schema.internal.Helper.buildDatabaseInformation(Helper.java:155) ~[hibernate-core-5.4.33.jar:5.4.33]
	at org.hibernate.tool.schema.internal.AbstractSchemaMigrator.doMigration(AbstractSchemaMigrator.java:96) ~[hibernate-core-5.4.33.jar:5.4.33]
	at org.hibernate.tool.schema.spi.SchemaManagementToolCoordinator.performDatabaseAction(SchemaManagementToolCoordinator.java:184) ~[hibernate-core-5.4.33.jar:5.4.33]
	at org.hibernate.tool.schema.spi.SchemaManagementToolCoordinator.process(SchemaManagementToolCoordinator.java:73) ~[hibernate-core-5.4.33.jar:5.4.33]
	at org.hibernate.internal.SessionFactoryImpl.<init>(SessionFactoryImpl.java:318) ~[hibernate-core-5.4.33.jar:5.4.33]
	at org.hibernate.boot.internal.SessionFactoryBuilderImpl.build(SessionFactoryBuilderImpl.java:468) ~[hibernate-core-5.4.33.jar:5.4.33]
	at org.hibernate.jpa.boot.internal.EntityManagerFactoryBuilderImpl.build(EntityManagerFactoryBuilderImpl.java:1259) ~[hibernate-core-5.4.33.jar:5.4.33]
	at org.springframework.orm.jpa.vendor.SpringHibernateJpaPersistenceProvider.createContainerEntityManagerFactory(SpringHibernateJpaPersistenceProvider.java:58) ~[spring-orm-5.3.15.jar:5.3.15]
	at org.springframework.orm.jpa.LocalContainerEntityManagerFactoryBean.createNativeEntityManagerFactory(LocalContainerEntityManagerFactoryBean.java:365) ~[spring-orm-5.3.15.jar:5.3.15]
	at org.springframework.orm.jpa.AbstractEntityManagerFactoryBean.buildNativeEntityManagerFactory(AbstractEntityManagerFactoryBean.java:409) ~[spring-orm-5.3.15.jar:5.3.15]
	... 20 common frames omitted
Caused by: org.postgresql.util.PSQLException: FATAL: la autentificación password falló para el usuario «postgres» (pgjdbc: autodetected server-encoding to be ISO-8859-1, if the message is not readable, please check database logs and/or host, port, dbname, user, password, pg_hba.conf)
	at org.postgresql.core.v3.ConnectionFactoryImpl.doAuthentication(ConnectionFactoryImpl.java:613) ~[postgresql-42.2.24.jar:42.2.24]
	at org.postgresql.core.v3.ConnectionFactoryImpl.tryConnect(ConnectionFactoryImpl.java:161) ~[postgresql-42.2.24.jar:42.2.24]
	at org.postgresql.core.v3.ConnectionFactoryImpl.openConnectionImpl(ConnectionFactoryImpl.java:213) ~[postgresql-42.2.24.jar:42.2.24]
	at org.postgresql.core.ConnectionFactory.openConnection(ConnectionFactory.java:51) ~[postgresql-42.2.24.jar:42.2.24]
	at org.postgresql.jdbc.PgConnection.<init>(PgConnection.java:225) ~[postgresql-42.2.24.jar:42.2.24]
	at org.postgresql.Driver.makeConnection(Driver.java:465) ~[postgresql-42.2.24.jar:42.2.24]
	at org.postgresql.Driver.connect(Driver.java:264) ~[postgresql-42.2.24.jar:42.2.24]
	at com.zaxxer.hikari.util.DriverDataSource.getConnection(DriverDataSource.java:138) ~[HikariCP-4.0.3.jar:na]
	at com.zaxxer.hikari.pool.PoolBase.newConnection(PoolBase.java:364) ~[HikariCP-4.0.3.jar:na]
	at com.zaxxer.hikari.pool.PoolBase.newPoolEntry(PoolBase.java:206) ~[HikariCP-4.0.3.jar:na]
	at com.zaxxer.hikari.pool.HikariPool.createPoolEntry(HikariPool.java:476) ~[HikariCP-4.0.3.jar:na]
	at com.zaxxer.hikari.pool.HikariPool.checkFailFast(HikariPool.java:561) ~[HikariCP-4.0.3.jar:na]
	at com.zaxxer.hikari.pool.HikariPool.<init>(HikariPool.java:115) ~[HikariCP-4.0.3.jar:na]
	at com.zaxxer.hikari.HikariDataSource.getConnection(HikariDataSource.java:112) ~[HikariCP-4.0.3.jar:na]
	at org.hibernate.engine.jdbc.connections.internal.DatasourceConnectionProviderImpl.getConnection(DatasourceConnectionProviderImpl.java:122) ~[hibernate-core-5.4.33.jar:5.4.33]
	at org.hibernate.engine.jdbc.env.internal.JdbcEnvironmentInitiator$ConnectionProviderJdbcConnectionAccess.obtainConnection(JdbcEnvironmentInitiator.java:180) ~[hibernate-core-5.4.33.jar:5.4.33]
	at org.hibernate.resource.transaction.backend.jdbc.internal.DdlTransactionIsolatorNonJtaImpl.getIsolatedConnection(DdlTransactionIsolatorNonJtaImpl.java:43) ~[hibernate-core-5.4.33.jar:5.4.33]
	... 34 common frames omitted

2026-05-12 17:21:16.232  INFO 880 --- [main] com.example.demo.BackendFApplication     : Starting BackendFApplication using Java 17.0.12 on MYN4M31SK41N with PID 880 (C:\Users\pedro\OneDrive\Escritorio\Test2\ICIFG003-EQ02\backend-f\target\classes started by pedro in C:\Users\pedro\OneDrive\Escritorio\Test2\ICIFG003-EQ02\backend-f)
2026-05-12 17:21:16.237  INFO 880 --- [main] com.example.demo.BackendFApplication     : No active profile set, falling back to default profiles: default
2026-05-12 17:21:16.801  INFO 880 --- [main] .s.d.r.c.RepositoryConfigurationDelegate : Bootstrapping Spring Data JPA repositories in DEFAULT mode.
2026-05-12 17:21:16.858  INFO 880 --- [main] .s.d.r.c.RepositoryConfigurationDelegate : Finished Spring Data repository scanning in 47 ms. Found 2 JPA repository interfaces.
2026-05-12 17:21:17.475  INFO 880 --- [main] o.s.b.w.embedded.tomcat.TomcatWebServer  : Tomcat initialized with port(s): 8882 (http)
2026-05-12 17:21:17.486  INFO 880 --- [main] o.apache.catalina.core.StandardService   : Starting service [Tomcat]
2026-05-12 17:21:17.487  INFO 880 --- [main] org.apache.catalina.core.StandardEngine  : Starting Servlet engine: [Apache Tomcat/9.0.56]
2026-05-12 17:21:17.559  INFO 880 --- [main] o.a.c.c.C.[Tomcat].[localhost].[/]       : Initializing Spring embedded WebApplicationContext
2026-05-12 17:21:17.559  INFO 880 --- [main] w.s.c.ServletWebServerApplicationContext : Root WebApplicationContext: initialization completed in 1271 ms
2026-05-12 17:21:17.720  INFO 880 --- [main] o.hibernate.jpa.internal.util.LogHelper  : HHH000204: Processing PersistenceUnitInfo [name: default]
2026-05-12 17:21:17.772  INFO 880 --- [main] org.hibernate.Version                    : HHH000412: Hibernate ORM core version 5.4.33
2026-05-12 17:21:17.894  INFO 880 --- [main] o.hibernate.annotations.common.Version   : HCANN000001: Hibernate Commons Annotations {5.1.2.Final}
2026-05-12 17:21:17.992  INFO 880 --- [main] com.zaxxer.hikari.HikariDataSource       : HikariPool-1 - Starting...
2026-05-12 17:21:19.145 ERROR 880 --- [main] com.zaxxer.hikari.pool.HikariPool        : HikariPool-1 - Exception during pool initialization.

org.postgresql.util.PSQLException: FATAL: la autentificación password falló para el usuario «postgres» (pgjdbc: autodetected server-encoding to be ISO-8859-1, if the message is not readable, please check database logs and/or host, port, dbname, user, password, pg_hba.conf)
	at org.postgresql.core.v3.ConnectionFactoryImpl.doAuthentication(ConnectionFactoryImpl.java:613) ~[postgresql-42.2.24.jar:42.2.24]
	at org.postgresql.core.v3.ConnectionFactoryImpl.tryConnect(ConnectionFactoryImpl.java:161) ~[postgresql-42.2.24.jar:42.2.24]
	at org.postgresql.core.v3.ConnectionFactoryImpl.openConnectionImpl(ConnectionFactoryImpl.java:213) ~[postgresql-42.2.24.jar:42.2.24]
	at org.postgresql.core.ConnectionFactory.openConnection(ConnectionFactory.java:51) ~[postgresql-42.2.24.jar:42.2.24]
	at org.postgresql.jdbc.PgConnection.<init>(PgConnection.java:225) ~[postgresql-42.2.24.jar:42.2.24]
	at org.postgresql.Driver.makeConnection(Driver.java:465) ~[postgresql-42.2.24.jar:42.2.24]
	at org.postgresql.Driver.connect(Driver.java:264) ~[postgresql-42.2.24.jar:42.2.24]
	at com.zaxxer.hikari.util.DriverDataSource.getConnection(DriverDataSource.java:138) ~[HikariCP-4.0.3.jar:na]
	at com.zaxxer.hikari.pool.PoolBase.newConnection(PoolBase.java:364) ~[HikariCP-4.0.3.jar:na]
	at com.zaxxer.hikari.pool.PoolBase.newPoolEntry(PoolBase.java:206) ~[HikariCP-4.0.3.jar:na]
	at com.zaxxer.hikari.pool.HikariPool.createPoolEntry(HikariPool.java:476) ~[HikariCP-4.0.3.jar:na]
	at com.zaxxer.hikari.pool.HikariPool.checkFailFast(HikariPool.java:561) ~[HikariCP-4.0.3.jar:na]
	at com.zaxxer.hikari.pool.HikariPool.<init>(HikariPool.java:115) ~[HikariCP-4.0.3.jar:na]
	at com.zaxxer.hikari.HikariDataSource.getConnection(HikariDataSource.java:112) ~[HikariCP-4.0.3.jar:na]
	at org.hibernate.engine.jdbc.connections.internal.DatasourceConnectionProviderImpl.getConnection(DatasourceConnectionProviderImpl.java:122) ~[hibernate-core-5.4.33.jar:5.4.33]
	at org.hibernate.engine.jdbc.env.internal.JdbcEnvironmentInitiator$ConnectionProviderJdbcConnectionAccess.obtainConnection(JdbcEnvironmentInitiator.java:180) ~[hibernate-core-5.4.33.jar:5.4.33]
	at org.hibernate.engine.jdbc.env.internal.JdbcEnvironmentInitiator.initiateService(JdbcEnvironmentInitiator.java:68) ~[hibernate-core-5.4.33.jar:5.4.33]
	at org.hibernate.engine.jdbc.env.internal.JdbcEnvironmentInitiator.initiateService(JdbcEnvironmentInitiator.java:35) ~[hibernate-core-5.4.33.jar:5.4.33]
	at org.hibernate.boot.registry.internal.StandardServiceRegistryImpl.initiateService(StandardServiceRegistryImpl.java:101) ~[hibernate-core-5.4.33.jar:5.4.33]
	at org.hibernate.service.internal.AbstractServiceRegistryImpl.createService(AbstractServiceRegistryImpl.java:263) ~[hibernate-core-5.4.33.jar:5.4.33]
	at org.hibernate.service.internal.AbstractServiceRegistryImpl.initializeService(AbstractServiceRegistryImpl.java:237) ~[hibernate-core-5.4.33.jar:5.4.33]
	at org.hibernate.service.internal.AbstractServiceRegistryImpl.getService(AbstractServiceRegistryImpl.java:214) ~[hibernate-core-5.4.33.jar:5.4.33]
	at org.hibernate.id.factory.internal.DefaultIdentifierGeneratorFactory.injectServices(DefaultIdentifierGeneratorFactory.java:152) ~[hibernate-core-5.4.33.jar:5.4.33]
	at org.hibernate.service.internal.AbstractServiceRegistryImpl.injectDependencies(AbstractServiceRegistryImpl.java:286) ~[hibernate-core-5.4.33.jar:5.4.33]
	at org.hibernate.service.internal.AbstractServiceRegistryImpl.initializeService(AbstractServiceRegistryImpl.java:243) ~[hibernate-core-5.4.33.jar:5.4.33]
	at org.hibernate.service.internal.AbstractServiceRegistryImpl.getService(AbstractServiceRegistryImpl.java:214) ~[hibernate-core-5.4.33.jar:5.4.33]
	at org.hibernate.boot.internal.InFlightMetadataCollectorImpl.<init>(InFlightMetadataCollectorImpl.java:176) ~[hibernate-core-5.4.33.jar:5.4.33]
	at org.hibernate.boot.model.process.spi.MetadataBuildingProcess.complete(MetadataBuildingProcess.java:127) ~[hibernate-core-5.4.33.jar:5.4.33]
	at org.hibernate.jpa.boot.internal.EntityManagerFactoryBuilderImpl.metadata(EntityManagerFactoryBuilderImpl.java:1224) ~[hibernate-core-5.4.33.jar:5.4.33]
	at org.hibernate.jpa.boot.internal.EntityManagerFactoryBuilderImpl.build(EntityManagerFactoryBuilderImpl.java:1255) ~[hibernate-core-5.4.33.jar:5.4.33]
	at org.springframework.orm.jpa.vendor.SpringHibernateJpaPersistenceProvider.createContainerEntityManagerFactory(SpringHibernateJpaPersistenceProvider.java:58) ~[spring-orm-5.3.15.jar:5.3.15]
	at org.springframework.orm.jpa.LocalContainerEntityManagerFactoryBean.createNativeEntityManagerFactory(LocalContainerEntityManagerFactoryBean.java:365) ~[spring-orm-5.3.15.jar:5.3.15]
	at org.springframework.orm.jpa.AbstractEntityManagerFactoryBean.buildNativeEntityManagerFactory(AbstractEntityManagerFactoryBean.java:409) ~[spring-orm-5.3.15.jar:5.3.15]
	at org.springframework.orm.jpa.AbstractEntityManagerFactoryBean.afterPropertiesSet(AbstractEntityManagerFactoryBean.java:396) ~[spring-orm-5.3.15.jar:5.3.15]
	at org.springframework.orm.jpa.LocalContainerEntityManagerFactoryBean.afterPropertiesSet(LocalContainerEntityManagerFactoryBean.java:341) ~[spring-orm-5.3.15.jar:5.3.15]
	at org.springframework.beans.factory.support.AbstractAutowireCapableBeanFactory.invokeInitMethods(AbstractAutowireCapableBeanFactory.java:1863) ~[spring-beans-5.3.15.jar:5.3.15]
	at org.springframework.beans.factory.support.AbstractAutowireCapableBeanFactory.initializeBean(AbstractAutowireCapableBeanFactory.java:1800) ~[spring-beans-5.3.15.jar:5.3.15]
	at org.springframework.beans.factory.support.AbstractAutowireCapableBeanFactory.doCreateBean(AbstractAutowireCapableBeanFactory.java:620) ~[spring-beans-5.3.15.jar:5.3.15]
	at org.springframework.beans.factory.support.AbstractAutowireCapableBeanFactory.createBean(AbstractAutowireCapableBeanFactory.java:542) ~[spring-beans-5.3.15.jar:5.3.15]
	at org.springframework.beans.factory.support.AbstractBeanFactory.lambda$doGetBean$0(AbstractBeanFactory.java:335) ~[spring-beans-5.3.15.jar:5.3.15]
	at org.springframework.beans.factory.support.DefaultSingletonBeanRegistry.getSingleton(DefaultSingletonBeanRegistry.java:234) ~[spring-beans-5.3.15.jar:5.3.15]
	at org.springframework.beans.factory.support.AbstractBeanFactory.doGetBean(AbstractBeanFactory.java:333) ~[spring-beans-5.3.15.jar:5.3.15]
	at org.springframework.beans.factory.support.AbstractBeanFactory.getBean(AbstractBeanFactory.java:208) ~[spring-beans-5.3.15.jar:5.3.15]
	at org.springframework.context.support.AbstractApplicationContext.getBean(AbstractApplicationContext.java:1154) ~[spring-context-5.3.15.jar:5.3.15]
	at org.springframework.context.support.AbstractApplicationContext.finishBeanFactoryInitialization(AbstractApplicationContext.java:908) ~[spring-context-5.3.15.jar:5.3.15]
	at org.springframework.context.support.AbstractApplicationContext.refresh(AbstractApplicationContext.java:583) ~[spring-context-5.3.15.jar:5.3.15]
	at org.springframework.boot.web.servlet.context.ServletWebServerApplicationContext.refresh(ServletWebServerApplicationContext.java:145) ~[spring-boot-2.5.9.jar:2.5.9]
	at org.springframework.boot.SpringApplication.refresh(SpringApplication.java:767) ~[spring-boot-2.5.9.jar:2.5.9]
	at org.springframework.boot.SpringApplication.refreshContext(SpringApplication.java:447) ~[spring-boot-2.5.9.jar:2.5.9]
	at org.springframework.boot.SpringApplication.run(SpringApplication.java:338) ~[spring-boot-2.5.9.jar:2.5.9]
	at org.springframework.boot.SpringApplication.run(SpringApplication.java:1356) ~[spring-boot-2.5.9.jar:2.5.9]
	at org.springframework.boot.SpringApplication.run(SpringApplication.java:1345) ~[spring-boot-2.5.9.jar:2.5.9]
	at com.example.demo.BackendFApplication.main(BackendFApplication.java:10) ~[classes/:na]

2026-05-12 17:21:19.147  WARN 880 --- [main] o.h.e.j.e.i.JdbcEnvironmentInitiator     : HHH000342: Could not obtain connection to query metadata

org.postgresql.util.PSQLException: FATAL: la autentificación password falló para el usuario «postgres» (pgjdbc: autodetected server-encoding to be ISO-8859-1, if the message is not readable, please check database logs and/or host, port, dbname, user, password, pg_hba.conf)
	at org.postgresql.core.v3.ConnectionFactoryImpl.doAuthentication(ConnectionFactoryImpl.java:613) ~[postgresql-42.2.24.jar:42.2.24]
	at org.postgresql.core.v3.ConnectionFactoryImpl.tryConnect(ConnectionFactoryImpl.java:161) ~[postgresql-42.2.24.jar:42.2.24]
	at org.postgresql.core.v3.ConnectionFactoryImpl.openConnectionImpl(ConnectionFactoryImpl.java:213) ~[postgresql-42.2.24.jar:42.2.24]
	at org.postgresql.core.ConnectionFactory.openConnection(ConnectionFactory.java:51) ~[postgresql-42.2.24.jar:42.2.24]
	at org.postgresql.jdbc.PgConnection.<init>(PgConnection.java:225) ~[postgresql-42.2.24.jar:42.2.24]
	at org.postgresql.Driver.makeConnection(Driver.java:465) ~[postgresql-42.2.24.jar:42.2.24]
	at org.postgresql.Driver.connect(Driver.java:264) ~[postgresql-42.2.24.jar:42.2.24]
	at com.zaxxer.hikari.util.DriverDataSource.getConnection(DriverDataSource.java:138) ~[HikariCP-4.0.3.jar:na]
	at com.zaxxer.hikari.pool.PoolBase.newConnection(PoolBase.java:364) ~[HikariCP-4.0.3.jar:na]
	at com.zaxxer.hikari.pool.PoolBase.newPoolEntry(PoolBase.java:206) ~[HikariCP-4.0.3.jar:na]
	at com.zaxxer.hikari.pool.HikariPool.createPoolEntry(HikariPool.java:476) ~[HikariCP-4.0.3.jar:na]
	at com.zaxxer.hikari.pool.HikariPool.checkFailFast(HikariPool.java:561) ~[HikariCP-4.0.3.jar:na]
	at com.zaxxer.hikari.pool.HikariPool.<init>(HikariPool.java:115) ~[HikariCP-4.0.3.jar:na]
	at com.zaxxer.hikari.HikariDataSource.getConnection(HikariDataSource.java:112) ~[HikariCP-4.0.3.jar:na]
	at org.hibernate.engine.jdbc.connections.internal.DatasourceConnectionProviderImpl.getConnection(DatasourceConnectionProviderImpl.java:122) ~[hibernate-core-5.4.33.jar:5.4.33]
	at org.hibernate.engine.jdbc.env.internal.JdbcEnvironmentInitiator$ConnectionProviderJdbcConnectionAccess.obtainConnection(JdbcEnvironmentInitiator.java:180) ~[hibernate-core-5.4.33.jar:5.4.33]
	at org.hibernate.engine.jdbc.env.internal.JdbcEnvironmentInitiator.initiateService(JdbcEnvironmentInitiator.java:68) ~[hibernate-core-5.4.33.jar:5.4.33]
	at org.hibernate.engine.jdbc.env.internal.JdbcEnvironmentInitiator.initiateService(JdbcEnvironmentInitiator.java:35) ~[hibernate-core-5.4.33.jar:5.4.33]
	at org.hibernate.boot.registry.internal.StandardServiceRegistryImpl.initiateService(StandardServiceRegistryImpl.java:101) ~[hibernate-core-5.4.33.jar:5.4.33]
	at org.hibernate.service.internal.AbstractServiceRegistryImpl.createService(AbstractServiceRegistryImpl.java:263) ~[hibernate-core-5.4.33.jar:5.4.33]
	at org.hibernate.service.internal.AbstractServiceRegistryImpl.initializeService(AbstractServiceRegistryImpl.java:237) ~[hibernate-core-5.4.33.jar:5.4.33]
	at org.hibernate.service.internal.AbstractServiceRegistryImpl.getService(AbstractServiceRegistryImpl.java:214) ~[hibernate-core-5.4.33.jar:5.4.33]
	at org.hibernate.id.factory.internal.DefaultIdentifierGeneratorFactory.injectServices(DefaultIdentifierGeneratorFactory.java:152) ~[hibernate-core-5.4.33.jar:5.4.33]
	at org.hibernate.service.internal.AbstractServiceRegistryImpl.injectDependencies(AbstractServiceRegistryImpl.java:286) ~[hibernate-core-5.4.33.jar:5.4.33]
	at org.hibernate.service.internal.AbstractServiceRegistryImpl.initializeService(AbstractServiceRegistryImpl.java:243) ~[hibernate-core-5.4.33.jar:5.4.33]
	at org.hibernate.service.internal.AbstractServiceRegistryImpl.getService(AbstractServiceRegistryImpl.java:214) ~[hibernate-core-5.4.33.jar:5.4.33]
	at org.hibernate.boot.internal.InFlightMetadataCollectorImpl.<init>(InFlightMetadataCollectorImpl.java:176) ~[hibernate-core-5.4.33.jar:5.4.33]
	at org.hibernate.boot.model.process.spi.MetadataBuildingProcess.complete(MetadataBuildingProcess.java:127) ~[hibernate-core-5.4.33.jar:5.4.33]
	at org.hibernate.jpa.boot.internal.EntityManagerFactoryBuilderImpl.metadata(EntityManagerFactoryBuilderImpl.java:1224) ~[hibernate-core-5.4.33.jar:5.4.33]
	at org.hibernate.jpa.boot.internal.EntityManagerFactoryBuilderImpl.build(EntityManagerFactoryBuilderImpl.java:1255) ~[hibernate-core-5.4.33.jar:5.4.33]
	at org.springframework.orm.jpa.vendor.SpringHibernateJpaPersistenceProvider.createContainerEntityManagerFactory(SpringHibernateJpaPersistenceProvider.java:58) ~[spring-orm-5.3.15.jar:5.3.15]
	at org.springframework.orm.jpa.LocalContainerEntityManagerFactoryBean.createNativeEntityManagerFactory(LocalContainerEntityManagerFactoryBean.java:365) ~[spring-orm-5.3.15.jar:5.3.15]
	at org.springframework.orm.jpa.AbstractEntityManagerFactoryBean.buildNativeEntityManagerFactory(AbstractEntityManagerFactoryBean.java:409) ~[spring-orm-5.3.15.jar:5.3.15]
	at org.springframework.orm.jpa.AbstractEntityManagerFactoryBean.afterPropertiesSet(AbstractEntityManagerFactoryBean.java:396) ~[spring-orm-5.3.15.jar:5.3.15]
	at org.springframework.orm.jpa.LocalContainerEntityManagerFactoryBean.afterPropertiesSet(LocalContainerEntityManagerFactoryBean.java:341) ~[spring-orm-5.3.15.jar:5.3.15]
	at org.springframework.beans.factory.support.AbstractAutowireCapableBeanFactory.invokeInitMethods(AbstractAutowireCapableBeanFactory.java:1863) ~[spring-beans-5.3.15.jar:5.3.15]
	at org.springframework.beans.factory.support.AbstractAutowireCapableBeanFactory.initializeBean(AbstractAutowireCapableBeanFactory.java:1800) ~[spring-beans-5.3.15.jar:5.3.15]
	at org.springframework.beans.factory.support.AbstractAutowireCapableBeanFactory.doCreateBean(AbstractAutowireCapableBeanFactory.java:620) ~[spring-beans-5.3.15.jar:5.3.15]
	at org.springframework.beans.factory.support.AbstractAutowireCapableBeanFactory.createBean(AbstractAutowireCapableBeanFactory.java:542) ~[spring-beans-5.3.15.jar:5.3.15]
	at org.springframework.beans.factory.support.AbstractBeanFactory.lambda$doGetBean$0(AbstractBeanFactory.java:335) ~[spring-beans-5.3.15.jar:5.3.15]
	at org.springframework.beans.factory.support.DefaultSingletonBeanRegistry.getSingleton(DefaultSingletonBeanRegistry.java:234) ~[spring-beans-5.3.15.jar:5.3.15]
	at org.springframework.beans.factory.support.AbstractBeanFactory.doGetBean(AbstractBeanFactory.java:333) ~[spring-beans-5.3.15.jar:5.3.15]
	at org.springframework.beans.factory.support.AbstractBeanFactory.getBean(AbstractBeanFactory.java:208) ~[spring-beans-5.3.15.jar:5.3.15]
	at org.springframework.context.support.AbstractApplicationContext.getBean(AbstractApplicationContext.java:1154) ~[spring-context-5.3.15.jar:5.3.15]
	at org.springframework.context.support.AbstractApplicationContext.finishBeanFactoryInitialization(AbstractApplicationContext.java:908) ~[spring-context-5.3.15.jar:5.3.15]
	at org.springframework.context.support.AbstractApplicationContext.refresh(AbstractApplicationContext.java:583) ~[spring-context-5.3.15.jar:5.3.15]
	at org.springframework.boot.web.servlet.context.ServletWebServerApplicationContext.refresh(ServletWebServerApplicationContext.java:145) ~[spring-boot-2.5.9.jar:2.5.9]
	at org.springframework.boot.SpringApplication.refresh(SpringApplication.java:767) ~[spring-boot-2.5.9.jar:2.5.9]
	at org.springframework.boot.SpringApplication.refreshContext(SpringApplication.java:447) ~[spring-boot-2.5.9.jar:2.5.9]
	at org.springframework.boot.SpringApplication.run(SpringApplication.java:338) ~[spring-boot-2.5.9.jar:2.5.9]
	at org.springframework.boot.SpringApplication.run(SpringApplication.java:1356) ~[spring-boot-2.5.9.jar:2.5.9]
	at org.springframework.boot.SpringApplication.run(SpringApplication.java:1345) ~[spring-boot-2.5.9.jar:2.5.9]
	at com.example.demo.BackendFApplication.main(BackendFApplication.java:10) ~[classes/:na]

2026-05-12 17:21:19.162  INFO 880 --- [main] org.hibernate.dialect.Dialect            : HHH000400: Using dialect: org.hibernate.dialect.PostgreSQLDialect
2026-05-12 17:21:19.660  INFO 880 --- [main] com.zaxxer.hikari.HikariDataSource       : HikariPool-1 - Starting...
2026-05-12 17:21:20.714 ERROR 880 --- [main] com.zaxxer.hikari.pool.HikariPool        : HikariPool-1 - Exception during pool initialization.

org.postgresql.util.PSQLException: FATAL: la autentificación password falló para el usuario «postgres» (pgjdbc: autodetected server-encoding to be ISO-8859-1, if the message is not readable, please check database logs and/or host, port, dbname, user, password, pg_hba.conf)
	at org.postgresql.core.v3.ConnectionFactoryImpl.doAuthentication(ConnectionFactoryImpl.java:613) ~[postgresql-42.2.24.jar:42.2.24]
	at org.postgresql.core.v3.ConnectionFactoryImpl.tryConnect(ConnectionFactoryImpl.java:161) ~[postgresql-42.2.24.jar:42.2.24]
	at org.postgresql.core.v3.ConnectionFactoryImpl.openConnectionImpl(ConnectionFactoryImpl.java:213) ~[postgresql-42.2.24.jar:42.2.24]
	at org.postgresql.core.ConnectionFactory.openConnection(ConnectionFactory.java:51) ~[postgresql-42.2.24.jar:42.2.24]
	at org.postgresql.jdbc.PgConnection.<init>(PgConnection.java:225) ~[postgresql-42.2.24.jar:42.2.24]
	at org.postgresql.Driver.makeConnection(Driver.java:465) ~[postgresql-42.2.24.jar:42.2.24]
	at org.postgresql.Driver.connect(Driver.java:264) ~[postgresql-42.2.24.jar:42.2.24]
	at com.zaxxer.hikari.util.DriverDataSource.getConnection(DriverDataSource.java:138) ~[HikariCP-4.0.3.jar:na]
	at com.zaxxer.hikari.pool.PoolBase.newConnection(PoolBase.java:364) ~[HikariCP-4.0.3.jar:na]
	at com.zaxxer.hikari.pool.PoolBase.newPoolEntry(PoolBase.java:206) ~[HikariCP-4.0.3.jar:na]
	at com.zaxxer.hikari.pool.HikariPool.createPoolEntry(HikariPool.java:476) ~[HikariCP-4.0.3.jar:na]
	at com.zaxxer.hikari.pool.HikariPool.checkFailFast(HikariPool.java:561) ~[HikariCP-4.0.3.jar:na]
	at com.zaxxer.hikari.pool.HikariPool.<init>(HikariPool.java:115) ~[HikariCP-4.0.3.jar:na]
	at com.zaxxer.hikari.HikariDataSource.getConnection(HikariDataSource.java:112) ~[HikariCP-4.0.3.jar:na]
	at org.hibernate.engine.jdbc.connections.internal.DatasourceConnectionProviderImpl.getConnection(DatasourceConnectionProviderImpl.java:122) ~[hibernate-core-5.4.33.jar:5.4.33]
	at org.hibernate.engine.jdbc.env.internal.JdbcEnvironmentInitiator$ConnectionProviderJdbcConnectionAccess.obtainConnection(JdbcEnvironmentInitiator.java:180) ~[hibernate-core-5.4.33.jar:5.4.33]
	at org.hibernate.resource.transaction.backend.jdbc.internal.DdlTransactionIsolatorNonJtaImpl.getIsolatedConnection(DdlTransactionIsolatorNonJtaImpl.java:43) ~[hibernate-core-5.4.33.jar:5.4.33]
	at org.hibernate.tool.schema.internal.exec.ImprovedExtractionContextImpl.getJdbcConnection(ImprovedExtractionContextImpl.java:60) ~[hibernate-core-5.4.33.jar:5.4.33]
	at org.hibernate.tool.schema.extract.internal.SequenceInformationExtractorLegacyImpl.extractMetadata(SequenceInformationExtractorLegacyImpl.java:40) ~[hibernate-core-5.4.33.jar:5.4.33]
	at org.hibernate.tool.schema.extract.internal.DatabaseInformationImpl.initializeSequences(DatabaseInformationImpl.java:65) ~[hibernate-core-5.4.33.jar:5.4.33]
	at org.hibernate.tool.schema.extract.internal.DatabaseInformationImpl.<init>(DatabaseInformationImpl.java:59) ~[hibernate-core-5.4.33.jar:5.4.33]
	at org.hibernate.tool.schema.internal.Helper.buildDatabaseInformation(Helper.java:155) ~[hibernate-core-5.4.33.jar:5.4.33]
	at org.hibernate.tool.schema.internal.AbstractSchemaMigrator.doMigration(AbstractSchemaMigrator.java:96) ~[hibernate-core-5.4.33.jar:5.4.33]
	at org.hibernate.tool.schema.spi.SchemaManagementToolCoordinator.performDatabaseAction(SchemaManagementToolCoordinator.java:184) ~[hibernate-core-5.4.33.jar:5.4.33]
	at org.hibernate.tool.schema.spi.SchemaManagementToolCoordinator.process(SchemaManagementToolCoordinator.java:73) ~[hibernate-core-5.4.33.jar:5.4.33]
	at org.hibernate.internal.SessionFactoryImpl.<init>(SessionFactoryImpl.java:318) ~[hibernate-core-5.4.33.jar:5.4.33]
	at org.hibernate.boot.internal.SessionFactoryBuilderImpl.build(SessionFactoryBuilderImpl.java:468) ~[hibernate-core-5.4.33.jar:5.4.33]
	at org.hibernate.jpa.boot.internal.EntityManagerFactoryBuilderImpl.build(EntityManagerFactoryBuilderImpl.java:1259) ~[hibernate-core-5.4.33.jar:5.4.33]
	at org.springframework.orm.jpa.vendor.SpringHibernateJpaPersistenceProvider.createContainerEntityManagerFactory(SpringHibernateJpaPersistenceProvider.java:58) ~[spring-orm-5.3.15.jar:5.3.15]
	at org.springframework.orm.jpa.LocalContainerEntityManagerFactoryBean.createNativeEntityManagerFactory(LocalContainerEntityManagerFactoryBean.java:365) ~[spring-orm-5.3.15.jar:5.3.15]
	at org.springframework.orm.jpa.AbstractEntityManagerFactoryBean.buildNativeEntityManagerFactory(AbstractEntityManagerFactoryBean.java:409) ~[spring-orm-5.3.15.jar:5.3.15]
	at org.springframework.orm.jpa.AbstractEntityManagerFactoryBean.afterPropertiesSet(AbstractEntityManagerFactoryBean.java:396) ~[spring-orm-5.3.15.jar:5.3.15]
	at org.springframework.orm.jpa.LocalContainerEntityManagerFactoryBean.afterPropertiesSet(LocalContainerEntityManagerFactoryBean.java:341) ~[spring-orm-5.3.15.jar:5.3.15]
	at org.springframework.beans.factory.support.AbstractAutowireCapableBeanFactory.invokeInitMethods(AbstractAutowireCapableBeanFactory.java:1863) ~[spring-beans-5.3.15.jar:5.3.15]
	at org.springframework.beans.factory.support.AbstractAutowireCapableBeanFactory.initializeBean(AbstractAutowireCapableBeanFactory.java:1800) ~[spring-beans-5.3.15.jar:5.3.15]
	at org.springframework.beans.factory.support.AbstractAutowireCapableBeanFactory.doCreateBean(AbstractAutowireCapableBeanFactory.java:620) ~[spring-beans-5.3.15.jar:5.3.15]
	at org.springframework.beans.factory.support.AbstractAutowireCapableBeanFactory.createBean(AbstractAutowireCapableBeanFactory.java:542) ~[spring-beans-5.3.15.jar:5.3.15]
	at org.springframework.beans.factory.support.AbstractBeanFactory.lambda$doGetBean$0(AbstractBeanFactory.java:335) ~[spring-beans-5.3.15.jar:5.3.15]
	at org.springframework.beans.factory.support.DefaultSingletonBeanRegistry.getSingleton(DefaultSingletonBeanRegistry.java:234) ~[spring-beans-5.3.15.jar:5.3.15]
	at org.springframework.beans.factory.support.AbstractBeanFactory.doGetBean(AbstractBeanFactory.java:333) ~[spring-beans-5.3.15.jar:5.3.15]
	at org.springframework.beans.factory.support.AbstractBeanFactory.getBean(AbstractBeanFactory.java:208) ~[spring-beans-5.3.15.jar:5.3.15]
	at org.springframework.context.support.AbstractApplicationContext.getBean(AbstractApplicationContext.java:1154) ~[spring-context-5.3.15.jar:5.3.15]
	at org.springframework.context.support.AbstractApplicationContext.finishBeanFactoryInitialization(AbstractApplicationContext.java:908) ~[spring-context-5.3.15.jar:5.3.15]
	at org.springframework.context.support.AbstractApplicationContext.refresh(AbstractApplicationContext.java:583) ~[spring-context-5.3.15.jar:5.3.15]
	at org.springframework.boot.web.servlet.context.ServletWebServerApplicationContext.refresh(ServletWebServerApplicationContext.java:145) ~[spring-boot-2.5.9.jar:2.5.9]
	at org.springframework.boot.SpringApplication.refresh(SpringApplication.java:767) ~[spring-boot-2.5.9.jar:2.5.9]
	at org.springframework.boot.SpringApplication.refreshContext(SpringApplication.java:447) ~[spring-boot-2.5.9.jar:2.5.9]
	at org.springframework.boot.SpringApplication.run(SpringApplication.java:338) ~[spring-boot-2.5.9.jar:2.5.9]
	at org.springframework.boot.SpringApplication.run(SpringApplication.java:1356) ~[spring-boot-2.5.9.jar:2.5.9]
	at org.springframework.boot.SpringApplication.run(SpringApplication.java:1345) ~[spring-boot-2.5.9.jar:2.5.9]
	at com.example.demo.BackendFApplication.main(BackendFApplication.java:10) ~[classes/:na]

2026-05-12 17:21:20.717  WARN 880 --- [main] o.h.engine.jdbc.spi.SqlExceptionHelper   : SQL Error: 0, SQLState: 28P01
2026-05-12 17:21:20.717 ERROR 880 --- [main] o.h.engine.jdbc.spi.SqlExceptionHelper   : FATAL: la autentificación password falló para el usuario «postgres» (pgjdbc: autodetected server-encoding to be ISO-8859-1, if the message is not readable, please check database logs and/or host, port, dbname, user, password, pg_hba.conf)
2026-05-12 17:21:20.723 ERROR 880 --- [main] j.LocalContainerEntityManagerFactoryBean : Failed to initialize JPA EntityManagerFactory: [PersistenceUnit: default] Unable to build Hibernate SessionFactory; nested exception is org.hibernate.exception.GenericJDBCException: Unable to open JDBC Connection for DDL execution
2026-05-12 17:21:20.724  WARN 880 --- [main] ConfigServletWebServerApplicationContext : Exception encountered during context initialization - cancelling refresh attempt: org.springframework.beans.factory.BeanCreationException: Error creating bean with name 'entityManagerFactory' defined in class path resource [org/springframework/boot/autoconfigure/orm/jpa/HibernateJpaConfiguration.class]: Invocation of init method failed; nested exception is javax.persistence.PersistenceException: [PersistenceUnit: default] Unable to build Hibernate SessionFactory; nested exception is org.hibernate.exception.GenericJDBCException: Unable to open JDBC Connection for DDL execution
2026-05-12 17:21:20.726  INFO 880 --- [main] o.apache.catalina.core.StandardService   : Stopping service [Tomcat]
2026-05-12 17:21:20.735  INFO 880 --- [main] ConditionEvaluationReportLoggingListener : 

Error starting ApplicationContext. To display the conditions report re-run your application with 'debug' enabled.
2026-05-12 17:21:20.749 ERROR 880 --- [main] o.s.boot.SpringApplication               : Application run failed

org.springframework.beans.factory.BeanCreationException: Error creating bean with name 'entityManagerFactory' defined in class path resource [org/springframework/boot/autoconfigure/orm/jpa/HibernateJpaConfiguration.class]: Invocation of init method failed; nested exception is javax.persistence.PersistenceException: [PersistenceUnit: default] Unable to build Hibernate SessionFactory; nested exception is org.hibernate.exception.GenericJDBCException: Unable to open JDBC Connection for DDL execution
	at org.springframework.beans.factory.support.AbstractAutowireCapableBeanFactory.initializeBean(AbstractAutowireCapableBeanFactory.java:1804) ~[spring-beans-5.3.15.jar:5.3.15]
	at org.springframework.beans.factory.support.AbstractAutowireCapableBeanFactory.doCreateBean(AbstractAutowireCapableBeanFactory.java:620) ~[spring-beans-5.3.15.jar:5.3.15]
	at org.springframework.beans.factory.support.AbstractAutowireCapableBeanFactory.createBean(AbstractAutowireCapableBeanFactory.java:542) ~[spring-beans-5.3.15.jar:5.3.15]
	at org.springframework.beans.factory.support.AbstractBeanFactory.lambda$doGetBean$0(AbstractBeanFactory.java:335) ~[spring-beans-5.3.15.jar:5.3.15]
	at org.springframework.beans.factory.support.DefaultSingletonBeanRegistry.getSingleton(DefaultSingletonBeanRegistry.java:234) ~[spring-beans-5.3.15.jar:5.3.15]
	at org.springframework.beans.factory.support.AbstractBeanFactory.doGetBean(AbstractBeanFactory.java:333) ~[spring-beans-5.3.15.jar:5.3.15]
	at org.springframework.beans.factory.support.AbstractBeanFactory.getBean(AbstractBeanFactory.java:208) ~[spring-beans-5.3.15.jar:5.3.15]
	at org.springframework.context.support.AbstractApplicationContext.getBean(AbstractApplicationContext.java:1154) ~[spring-context-5.3.15.jar:5.3.15]
	at org.springframework.context.support.AbstractApplicationContext.finishBeanFactoryInitialization(AbstractApplicationContext.java:908) ~[spring-context-5.3.15.jar:5.3.15]
	at org.springframework.context.support.AbstractApplicationContext.refresh(AbstractApplicationContext.java:583) ~[spring-context-5.3.15.jar:5.3.15]
	at org.springframework.boot.web.servlet.context.ServletWebServerApplicationContext.refresh(ServletWebServerApplicationContext.java:145) ~[spring-boot-2.5.9.jar:2.5.9]
	at org.springframework.boot.SpringApplication.refresh(SpringApplication.java:767) ~[spring-boot-2.5.9.jar:2.5.9]
	at org.springframework.boot.SpringApplication.refreshContext(SpringApplication.java:447) ~[spring-boot-2.5.9.jar:2.5.9]
	at org.springframework.boot.SpringApplication.run(SpringApplication.java:338) ~[spring-boot-2.5.9.jar:2.5.9]
	at org.springframework.boot.SpringApplication.run(SpringApplication.java:1356) ~[spring-boot-2.5.9.jar:2.5.9]
	at org.springframework.boot.SpringApplication.run(SpringApplication.java:1345) ~[spring-boot-2.5.9.jar:2.5.9]
	at com.example.demo.BackendFApplication.main(BackendFApplication.java:10) ~[classes/:na]
Caused by: javax.persistence.PersistenceException: [PersistenceUnit: default] Unable to build Hibernate SessionFactory; nested exception is org.hibernate.exception.GenericJDBCException: Unable to open JDBC Connection for DDL execution
	at org.springframework.orm.jpa.AbstractEntityManagerFactoryBean.buildNativeEntityManagerFactory(AbstractEntityManagerFactoryBean.java:421) ~[spring-orm-5.3.15.jar:5.3.15]
	at org.springframework.orm.jpa.AbstractEntityManagerFactoryBean.afterPropertiesSet(AbstractEntityManagerFactoryBean.java:396) ~[spring-orm-5.3.15.jar:5.3.15]
	at org.springframework.orm.jpa.LocalContainerEntityManagerFactoryBean.afterPropertiesSet(LocalContainerEntityManagerFactoryBean.java:341) ~[spring-orm-5.3.15.jar:5.3.15]
	at org.springframework.beans.factory.support.AbstractAutowireCapableBeanFactory.invokeInitMethods(AbstractAutowireCapableBeanFactory.java:1863) ~[spring-beans-5.3.15.jar:5.3.15]
	at org.springframework.beans.factory.support.AbstractAutowireCapableBeanFactory.initializeBean(AbstractAutowireCapableBeanFactory.java:1800) ~[spring-beans-5.3.15.jar:5.3.15]
	... 16 common frames omitted
Caused by: org.hibernate.exception.GenericJDBCException: Unable to open JDBC Connection for DDL execution
	at org.hibernate.exception.internal.StandardSQLExceptionConverter.convert(StandardSQLExceptionConverter.java:47) ~[hibernate-core-5.4.33.jar:5.4.33]
	at org.hibernate.engine.jdbc.spi.SqlExceptionHelper.convert(SqlExceptionHelper.java:113) ~[hibernate-core-5.4.33.jar:5.4.33]
	at org.hibernate.engine.jdbc.spi.SqlExceptionHelper.convert(SqlExceptionHelper.java:99) ~[hibernate-core-5.4.33.jar:5.4.33]
	at org.hibernate.resource.transaction.backend.jdbc.internal.DdlTransactionIsolatorNonJtaImpl.getIsolatedConnection(DdlTransactionIsolatorNonJtaImpl.java:69) ~[hibernate-core-5.4.33.jar:5.4.33]
	at org.hibernate.tool.schema.internal.exec.ImprovedExtractionContextImpl.getJdbcConnection(ImprovedExtractionContextImpl.java:60) ~[hibernate-core-5.4.33.jar:5.4.33]
	at org.hibernate.tool.schema.extract.internal.SequenceInformationExtractorLegacyImpl.extractMetadata(SequenceInformationExtractorLegacyImpl.java:40) ~[hibernate-core-5.4.33.jar:5.4.33]
	at org.hibernate.tool.schema.extract.internal.DatabaseInformationImpl.initializeSequences(DatabaseInformationImpl.java:65) ~[hibernate-core-5.4.33.jar:5.4.33]
	at org.hibernate.tool.schema.extract.internal.DatabaseInformationImpl.<init>(DatabaseInformationImpl.java:59) ~[hibernate-core-5.4.33.jar:5.4.33]
	at org.hibernate.tool.schema.internal.Helper.buildDatabaseInformation(Helper.java:155) ~[hibernate-core-5.4.33.jar:5.4.33]
	at org.hibernate.tool.schema.internal.AbstractSchemaMigrator.doMigration(AbstractSchemaMigrator.java:96) ~[hibernate-core-5.4.33.jar:5.4.33]
	at org.hibernate.tool.schema.spi.SchemaManagementToolCoordinator.performDatabaseAction(SchemaManagementToolCoordinator.java:184) ~[hibernate-core-5.4.33.jar:5.4.33]
	at org.hibernate.tool.schema.spi.SchemaManagementToolCoordinator.process(SchemaManagementToolCoordinator.java:73) ~[hibernate-core-5.4.33.jar:5.4.33]
	at org.hibernate.internal.SessionFactoryImpl.<init>(SessionFactoryImpl.java:318) ~[hibernate-core-5.4.33.jar:5.4.33]
	at org.hibernate.boot.internal.SessionFactoryBuilderImpl.build(SessionFactoryBuilderImpl.java:468) ~[hibernate-core-5.4.33.jar:5.4.33]
	at org.hibernate.jpa.boot.internal.EntityManagerFactoryBuilderImpl.build(EntityManagerFactoryBuilderImpl.java:1259) ~[hibernate-core-5.4.33.jar:5.4.33]
	at org.springframework.orm.jpa.vendor.SpringHibernateJpaPersistenceProvider.createContainerEntityManagerFactory(SpringHibernateJpaPersistenceProvider.java:58) ~[spring-orm-5.3.15.jar:5.3.15]
	at org.springframework.orm.jpa.LocalContainerEntityManagerFactoryBean.createNativeEntityManagerFactory(LocalContainerEntityManagerFactoryBean.java:365) ~[spring-orm-5.3.15.jar:5.3.15]
	at org.springframework.orm.jpa.AbstractEntityManagerFactoryBean.buildNativeEntityManagerFactory(AbstractEntityManagerFactoryBean.java:409) ~[spring-orm-5.3.15.jar:5.3.15]
	... 20 common frames omitted
Caused by: org.postgresql.util.PSQLException: FATAL: la autentificación password falló para el usuario «postgres» (pgjdbc: autodetected server-encoding to be ISO-8859-1, if the message is not readable, please check database logs and/or host, port, dbname, user, password, pg_hba.conf)
	at org.postgresql.core.v3.ConnectionFactoryImpl.doAuthentication(ConnectionFactoryImpl.java:613) ~[postgresql-42.2.24.jar:42.2.24]
	at org.postgresql.core.v3.ConnectionFactoryImpl.tryConnect(ConnectionFactoryImpl.java:161) ~[postgresql-42.2.24.jar:42.2.24]
	at org.postgresql.core.v3.ConnectionFactoryImpl.openConnectionImpl(ConnectionFactoryImpl.java:213) ~[postgresql-42.2.24.jar:42.2.24]
	at org.postgresql.core.ConnectionFactory.openConnection(ConnectionFactory.java:51) ~[postgresql-42.2.24.jar:42.2.24]
	at org.postgresql.jdbc.PgConnection.<init>(PgConnection.java:225) ~[postgresql-42.2.24.jar:42.2.24]
	at org.postgresql.Driver.makeConnection(Driver.java:465) ~[postgresql-42.2.24.jar:42.2.24]
	at org.postgresql.Driver.connect(Driver.java:264) ~[postgresql-42.2.24.jar:42.2.24]
	at com.zaxxer.hikari.util.DriverDataSource.getConnection(DriverDataSource.java:138) ~[HikariCP-4.0.3.jar:na]
	at com.zaxxer.hikari.pool.PoolBase.newConnection(PoolBase.java:364) ~[HikariCP-4.0.3.jar:na]
	at com.zaxxer.hikari.pool.PoolBase.newPoolEntry(PoolBase.java:206) ~[HikariCP-4.0.3.jar:na]
	at com.zaxxer.hikari.pool.HikariPool.createPoolEntry(HikariPool.java:476) ~[HikariCP-4.0.3.jar:na]
	at com.zaxxer.hikari.pool.HikariPool.checkFailFast(HikariPool.java:561) ~[HikariCP-4.0.3.jar:na]
	at com.zaxxer.hikari.pool.HikariPool.<init>(HikariPool.java:115) ~[HikariCP-4.0.3.jar:na]
	at com.zaxxer.hikari.HikariDataSource.getConnection(HikariDataSource.java:112) ~[HikariCP-4.0.3.jar:na]
	at org.hibernate.engine.jdbc.connections.internal.DatasourceConnectionProviderImpl.getConnection(DatasourceConnectionProviderImpl.java:122) ~[hibernate-core-5.4.33.jar:5.4.33]
	at org.hibernate.engine.jdbc.env.internal.JdbcEnvironmentInitiator$ConnectionProviderJdbcConnectionAccess.obtainConnection(JdbcEnvironmentInitiator.java:180) ~[hibernate-core-5.4.33.jar:5.4.33]
	at org.hibernate.resource.transaction.backend.jdbc.internal.DdlTransactionIsolatorNonJtaImpl.getIsolatedConnection(DdlTransactionIsolatorNonJtaImpl.java:43) ~[hibernate-core-5.4.33.jar:5.4.33]
	... 34 common frames omitted

2026-05-12 17:27:02.775  INFO 11236 --- [main] com.example.demo.BackendFApplication     : Starting BackendFApplication using Java 17.0.12 on MYN4M31SK41N with PID 11236 (C:\Users\pedro\OneDrive\Escritorio\Test2\ICIFG003-EQ02\backend-f\target\classes started by pedro in C:\Users\pedro\OneDrive\Escritorio\Test2\ICIFG003-EQ02\backend-f)
2026-05-12 17:27:02.778  INFO 11236 --- [main] com.example.demo.BackendFApplication     : No active profile set, falling back to default profiles: default
2026-05-12 17:27:03.178  INFO 11236 --- [main] .s.d.r.c.RepositoryConfigurationDelegate : Bootstrapping Spring Data JPA repositories in DEFAULT mode.
2026-05-12 17:27:03.220  INFO 11236 --- [main] .s.d.r.c.RepositoryConfigurationDelegate : Finished Spring Data repository scanning in 35 ms. Found 2 JPA repository interfaces.
2026-05-12 17:27:03.627  INFO 11236 --- [main] o.s.b.w.embedded.tomcat.TomcatWebServer  : Tomcat initialized with port(s): 8882 (http)
2026-05-12 17:27:03.635  INFO 11236 --- [main] o.apache.catalina.core.StandardService   : Starting service [Tomcat]
2026-05-12 17:27:03.636  INFO 11236 --- [main] org.apache.catalina.core.StandardEngine  : Starting Servlet engine: [Apache Tomcat/9.0.56]
2026-05-12 17:27:03.698  INFO 11236 --- [main] o.a.c.c.C.[Tomcat].[localhost].[/]       : Initializing Spring embedded WebApplicationContext
2026-05-12 17:27:03.699  INFO 11236 --- [main] w.s.c.ServletWebServerApplicationContext : Root WebApplicationContext: initialization completed in 887 ms
2026-05-12 17:27:03.826  INFO 11236 --- [main] o.hibernate.jpa.internal.util.LogHelper  : HHH000204: Processing PersistenceUnitInfo [name: default]
2026-05-12 17:27:03.869  INFO 11236 --- [main] org.hibernate.Version                    : HHH000412: Hibernate ORM core version 5.4.33
2026-05-12 17:27:03.964  INFO 11236 --- [main] o.hibernate.annotations.common.Version   : HCANN000001: Hibernate Commons Annotations {5.1.2.Final}
2026-05-12 17:27:04.040  INFO 11236 --- [main] com.zaxxer.hikari.HikariDataSource       : HikariPool-1 - Starting...
2026-05-12 17:27:05.263 ERROR 11236 --- [main] com.zaxxer.hikari.pool.HikariPool        : HikariPool-1 - Exception during pool initialization.

org.postgresql.util.PSQLException: FATAL: la autentificación password falló para el usuario «postgres» (pgjdbc: autodetected server-encoding to be ISO-8859-1, if the message is not readable, please check database logs and/or host, port, dbname, user, password, pg_hba.conf)
	at org.postgresql.core.v3.ConnectionFactoryImpl.doAuthentication(ConnectionFactoryImpl.java:613) ~[postgresql-42.2.24.jar:42.2.24]
	at org.postgresql.core.v3.ConnectionFactoryImpl.tryConnect(ConnectionFactoryImpl.java:161) ~[postgresql-42.2.24.jar:42.2.24]
	at org.postgresql.core.v3.ConnectionFactoryImpl.openConnectionImpl(ConnectionFactoryImpl.java:213) ~[postgresql-42.2.24.jar:42.2.24]
	at org.postgresql.core.ConnectionFactory.openConnection(ConnectionFactory.java:51) ~[postgresql-42.2.24.jar:42.2.24]
	at org.postgresql.jdbc.PgConnection.<init>(PgConnection.java:225) ~[postgresql-42.2.24.jar:42.2.24]
	at org.postgresql.Driver.makeConnection(Driver.java:465) ~[postgresql-42.2.24.jar:42.2.24]
	at org.postgresql.Driver.connect(Driver.java:264) ~[postgresql-42.2.24.jar:42.2.24]
	at com.zaxxer.hikari.util.DriverDataSource.getConnection(DriverDataSource.java:138) ~[HikariCP-4.0.3.jar:na]
	at com.zaxxer.hikari.pool.PoolBase.newConnection(PoolBase.java:364) ~[HikariCP-4.0.3.jar:na]
	at com.zaxxer.hikari.pool.PoolBase.newPoolEntry(PoolBase.java:206) ~[HikariCP-4.0.3.jar:na]
	at com.zaxxer.hikari.pool.HikariPool.createPoolEntry(HikariPool.java:476) ~[HikariCP-4.0.3.jar:na]
	at com.zaxxer.hikari.pool.HikariPool.checkFailFast(HikariPool.java:561) ~[HikariCP-4.0.3.jar:na]
	at com.zaxxer.hikari.pool.HikariPool.<init>(HikariPool.java:115) ~[HikariCP-4.0.3.jar:na]
	at com.zaxxer.hikari.HikariDataSource.getConnection(HikariDataSource.java:112) ~[HikariCP-4.0.3.jar:na]
	at org.hibernate.engine.jdbc.connections.internal.DatasourceConnectionProviderImpl.getConnection(DatasourceConnectionProviderImpl.java:122) ~[hibernate-core-5.4.33.jar:5.4.33]
	at org.hibernate.engine.jdbc.env.internal.JdbcEnvironmentInitiator$ConnectionProviderJdbcConnectionAccess.obtainConnection(JdbcEnvironmentInitiator.java:180) ~[hibernate-core-5.4.33.jar:5.4.33]
	at org.hibernate.engine.jdbc.env.internal.JdbcEnvironmentInitiator.initiateService(JdbcEnvironmentInitiator.java:68) ~[hibernate-core-5.4.33.jar:5.4.33]
	at org.hibernate.engine.jdbc.env.internal.JdbcEnvironmentInitiator.initiateService(JdbcEnvironmentInitiator.java:35) ~[hibernate-core-5.4.33.jar:5.4.33]
	at org.hibernate.boot.registry.internal.StandardServiceRegistryImpl.initiateService(StandardServiceRegistryImpl.java:101) ~[hibernate-core-5.4.33.jar:5.4.33]
	at org.hibernate.service.internal.AbstractServiceRegistryImpl.createService(AbstractServiceRegistryImpl.java:263) ~[hibernate-core-5.4.33.jar:5.4.33]
	at org.hibernate.service.internal.AbstractServiceRegistryImpl.initializeService(AbstractServiceRegistryImpl.java:237) ~[hibernate-core-5.4.33.jar:5.4.33]
	at org.hibernate.service.internal.AbstractServiceRegistryImpl.getService(AbstractServiceRegistryImpl.java:214) ~[hibernate-core-5.4.33.jar:5.4.33]
	at org.hibernate.id.factory.internal.DefaultIdentifierGeneratorFactory.injectServices(DefaultIdentifierGeneratorFactory.java:152) ~[hibernate-core-5.4.33.jar:5.4.33]
	at org.hibernate.service.internal.AbstractServiceRegistryImpl.injectDependencies(AbstractServiceRegistryImpl.java:286) ~[hibernate-core-5.4.33.jar:5.4.33]
	at org.hibernate.service.internal.AbstractServiceRegistryImpl.initializeService(AbstractServiceRegistryImpl.java:243) ~[hibernate-core-5.4.33.jar:5.4.33]
	at org.hibernate.service.internal.AbstractServiceRegistryImpl.getService(AbstractServiceRegistryImpl.java:214) ~[hibernate-core-5.4.33.jar:5.4.33]
	at org.hibernate.boot.internal.InFlightMetadataCollectorImpl.<init>(InFlightMetadataCollectorImpl.java:176) ~[hibernate-core-5.4.33.jar:5.4.33]
	at org.hibernate.boot.model.process.spi.MetadataBuildingProcess.complete(MetadataBuildingProcess.java:127) ~[hibernate-core-5.4.33.jar:5.4.33]
	at org.hibernate.jpa.boot.internal.EntityManagerFactoryBuilderImpl.metadata(EntityManagerFactoryBuilderImpl.java:1224) ~[hibernate-core-5.4.33.jar:5.4.33]
	at org.hibernate.jpa.boot.internal.EntityManagerFactoryBuilderImpl.build(EntityManagerFactoryBuilderImpl.java:1255) ~[hibernate-core-5.4.33.jar:5.4.33]
	at org.springframework.orm.jpa.vendor.SpringHibernateJpaPersistenceProvider.createContainerEntityManagerFactory(SpringHibernateJpaPersistenceProvider.java:58) ~[spring-orm-5.3.15.jar:5.3.15]
	at org.springframework.orm.jpa.LocalContainerEntityManagerFactoryBean.createNativeEntityManagerFactory(LocalContainerEntityManagerFactoryBean.java:365) ~[spring-orm-5.3.15.jar:5.3.15]
	at org.springframework.orm.jpa.AbstractEntityManagerFactoryBean.buildNativeEntityManagerFactory(AbstractEntityManagerFactoryBean.java:409) ~[spring-orm-5.3.15.jar:5.3.15]
	at org.springframework.orm.jpa.AbstractEntityManagerFactoryBean.afterPropertiesSet(AbstractEntityManagerFactoryBean.java:396) ~[spring-orm-5.3.15.jar:5.3.15]
	at org.springframework.orm.jpa.LocalContainerEntityManagerFactoryBean.afterPropertiesSet(LocalContainerEntityManagerFactoryBean.java:341) ~[spring-orm-5.3.15.jar:5.3.15]
	at org.springframework.beans.factory.support.AbstractAutowireCapableBeanFactory.invokeInitMethods(AbstractAutowireCapableBeanFactory.java:1863) ~[spring-beans-5.3.15.jar:5.3.15]
	at org.springframework.beans.factory.support.AbstractAutowireCapableBeanFactory.initializeBean(AbstractAutowireCapableBeanFactory.java:1800) ~[spring-beans-5.3.15.jar:5.3.15]
	at org.springframework.beans.factory.support.AbstractAutowireCapableBeanFactory.doCreateBean(AbstractAutowireCapableBeanFactory.java:620) ~[spring-beans-5.3.15.jar:5.3.15]
	at org.springframework.beans.factory.support.AbstractAutowireCapableBeanFactory.createBean(AbstractAutowireCapableBeanFactory.java:542) ~[spring-beans-5.3.15.jar:5.3.15]
	at org.springframework.beans.factory.support.AbstractBeanFactory.lambda$doGetBean$0(AbstractBeanFactory.java:335) ~[spring-beans-5.3.15.jar:5.3.15]
	at org.springframework.beans.factory.support.DefaultSingletonBeanRegistry.getSingleton(DefaultSingletonBeanRegistry.java:234) ~[spring-beans-5.3.15.jar:5.3.15]
	at org.springframework.beans.factory.support.AbstractBeanFactory.doGetBean(AbstractBeanFactory.java:333) ~[spring-beans-5.3.15.jar:5.3.15]
	at org.springframework.beans.factory.support.AbstractBeanFactory.getBean(AbstractBeanFactory.java:208) ~[spring-beans-5.3.15.jar:5.3.15]
	at org.springframework.context.support.AbstractApplicationContext.getBean(AbstractApplicationContext.java:1154) ~[spring-context-5.3.15.jar:5.3.15]
	at org.springframework.context.support.AbstractApplicationContext.finishBeanFactoryInitialization(AbstractApplicationContext.java:908) ~[spring-context-5.3.15.jar:5.3.15]
	at org.springframework.context.support.AbstractApplicationContext.refresh(AbstractApplicationContext.java:583) ~[spring-context-5.3.15.jar:5.3.15]
	at org.springframework.boot.web.servlet.context.ServletWebServerApplicationContext.refresh(ServletWebServerApplicationContext.java:145) ~[spring-boot-2.5.9.jar:2.5.9]
	at org.springframework.boot.SpringApplication.refresh(SpringApplication.java:767) ~[spring-boot-2.5.9.jar:2.5.9]
	at org.springframework.boot.SpringApplication.refreshContext(SpringApplication.java:447) ~[spring-boot-2.5.9.jar:2.5.9]
	at org.springframework.boot.SpringApplication.run(SpringApplication.java:338) ~[spring-boot-2.5.9.jar:2.5.9]
	at org.springframework.boot.SpringApplication.run(SpringApplication.java:1356) ~[spring-boot-2.5.9.jar:2.5.9]
	at org.springframework.boot.SpringApplication.run(SpringApplication.java:1345) ~[spring-boot-2.5.9.jar:2.5.9]
	at com.example.demo.BackendFApplication.main(BackendFApplication.java:10) ~[classes/:na]

2026-05-12 17:27:05.265  WARN 11236 --- [main] o.h.e.j.e.i.JdbcEnvironmentInitiator     : HHH000342: Could not obtain connection to query metadata

org.postgresql.util.PSQLException: FATAL: la autentificación password falló para el usuario «postgres» (pgjdbc: autodetected server-encoding to be ISO-8859-1, if the message is not readable, please check database logs and/or host, port, dbname, user, password, pg_hba.conf)
	at org.postgresql.core.v3.ConnectionFactoryImpl.doAuthentication(ConnectionFactoryImpl.java:613) ~[postgresql-42.2.24.jar:42.2.24]
	at org.postgresql.core.v3.ConnectionFactoryImpl.tryConnect(ConnectionFactoryImpl.java:161) ~[postgresql-42.2.24.jar:42.2.24]
	at org.postgresql.core.v3.ConnectionFactoryImpl.openConnectionImpl(ConnectionFactoryImpl.java:213) ~[postgresql-42.2.24.jar:42.2.24]
	at org.postgresql.core.ConnectionFactory.openConnection(ConnectionFactory.java:51) ~[postgresql-42.2.24.jar:42.2.24]
	at org.postgresql.jdbc.PgConnection.<init>(PgConnection.java:225) ~[postgresql-42.2.24.jar:42.2.24]
	at org.postgresql.Driver.makeConnection(Driver.java:465) ~[postgresql-42.2.24.jar:42.2.24]
	at org.postgresql.Driver.connect(Driver.java:264) ~[postgresql-42.2.24.jar:42.2.24]
	at com.zaxxer.hikari.util.DriverDataSource.getConnection(DriverDataSource.java:138) ~[HikariCP-4.0.3.jar:na]
	at com.zaxxer.hikari.pool.PoolBase.newConnection(PoolBase.java:364) ~[HikariCP-4.0.3.jar:na]
	at com.zaxxer.hikari.pool.PoolBase.newPoolEntry(PoolBase.java:206) ~[HikariCP-4.0.3.jar:na]
	at com.zaxxer.hikari.pool.HikariPool.createPoolEntry(HikariPool.java:476) ~[HikariCP-4.0.3.jar:na]
	at com.zaxxer.hikari.pool.HikariPool.checkFailFast(HikariPool.java:561) ~[HikariCP-4.0.3.jar:na]
	at com.zaxxer.hikari.pool.HikariPool.<init>(HikariPool.java:115) ~[HikariCP-4.0.3.jar:na]
	at com.zaxxer.hikari.HikariDataSource.getConnection(HikariDataSource.java:112) ~[HikariCP-4.0.3.jar:na]
	at org.hibernate.engine.jdbc.connections.internal.DatasourceConnectionProviderImpl.getConnection(DatasourceConnectionProviderImpl.java:122) ~[hibernate-core-5.4.33.jar:5.4.33]
	at org.hibernate.engine.jdbc.env.internal.JdbcEnvironmentInitiator$ConnectionProviderJdbcConnectionAccess.obtainConnection(JdbcEnvironmentInitiator.java:180) ~[hibernate-core-5.4.33.jar:5.4.33]
	at org.hibernate.engine.jdbc.env.internal.JdbcEnvironmentInitiator.initiateService(JdbcEnvironmentInitiator.java:68) ~[hibernate-core-5.4.33.jar:5.4.33]
	at org.hibernate.engine.jdbc.env.internal.JdbcEnvironmentInitiator.initiateService(JdbcEnvironmentInitiator.java:35) ~[hibernate-core-5.4.33.jar:5.4.33]
	at org.hibernate.boot.registry.internal.StandardServiceRegistryImpl.initiateService(StandardServiceRegistryImpl.java:101) ~[hibernate-core-5.4.33.jar:5.4.33]
	at org.hibernate.service.internal.AbstractServiceRegistryImpl.createService(AbstractServiceRegistryImpl.java:263) ~[hibernate-core-5.4.33.jar:5.4.33]
	at org.hibernate.service.internal.AbstractServiceRegistryImpl.initializeService(AbstractServiceRegistryImpl.java:237) ~[hibernate-core-5.4.33.jar:5.4.33]
	at org.hibernate.service.internal.AbstractServiceRegistryImpl.getService(AbstractServiceRegistryImpl.java:214) ~[hibernate-core-5.4.33.jar:5.4.33]
	at org.hibernate.id.factory.internal.DefaultIdentifierGeneratorFactory.injectServices(DefaultIdentifierGeneratorFactory.java:152) ~[hibernate-core-5.4.33.jar:5.4.33]
	at org.hibernate.service.internal.AbstractServiceRegistryImpl.injectDependencies(AbstractServiceRegistryImpl.java:286) ~[hibernate-core-5.4.33.jar:5.4.33]
	at org.hibernate.service.internal.AbstractServiceRegistryImpl.initializeService(AbstractServiceRegistryImpl.java:243) ~[hibernate-core-5.4.33.jar:5.4.33]
	at org.hibernate.service.internal.AbstractServiceRegistryImpl.getService(AbstractServiceRegistryImpl.java:214) ~[hibernate-core-5.4.33.jar:5.4.33]
	at org.hibernate.boot.internal.InFlightMetadataCollectorImpl.<init>(InFlightMetadataCollectorImpl.java:176) ~[hibernate-core-5.4.33.jar:5.4.33]
	at org.hibernate.boot.model.process.spi.MetadataBuildingProcess.complete(MetadataBuildingProcess.java:127) ~[hibernate-core-5.4.33.jar:5.4.33]
	at org.hibernate.jpa.boot.internal.EntityManagerFactoryBuilderImpl.metadata(EntityManagerFactoryBuilderImpl.java:1224) ~[hibernate-core-5.4.33.jar:5.4.33]
	at org.hibernate.jpa.boot.internal.EntityManagerFactoryBuilderImpl.build(EntityManagerFactoryBuilderImpl.java:1255) ~[hibernate-core-5.4.33.jar:5.4.33]
	at org.springframework.orm.jpa.vendor.SpringHibernateJpaPersistenceProvider.createContainerEntityManagerFactory(SpringHibernateJpaPersistenceProvider.java:58) ~[spring-orm-5.3.15.jar:5.3.15]
	at org.springframework.orm.jpa.LocalContainerEntityManagerFactoryBean.createNativeEntityManagerFactory(LocalContainerEntityManagerFactoryBean.java:365) ~[spring-orm-5.3.15.jar:5.3.15]
	at org.springframework.orm.jpa.AbstractEntityManagerFactoryBean.buildNativeEntityManagerFactory(AbstractEntityManagerFactoryBean.java:409) ~[spring-orm-5.3.15.jar:5.3.15]
	at org.springframework.orm.jpa.AbstractEntityManagerFactoryBean.afterPropertiesSet(AbstractEntityManagerFactoryBean.java:396) ~[spring-orm-5.3.15.jar:5.3.15]
	at org.springframework.orm.jpa.LocalContainerEntityManagerFactoryBean.afterPropertiesSet(LocalContainerEntityManagerFactoryBean.java:341) ~[spring-orm-5.3.15.jar:5.3.15]
	at org.springframework.beans.factory.support.AbstractAutowireCapableBeanFactory.invokeInitMethods(AbstractAutowireCapableBeanFactory.java:1863) ~[spring-beans-5.3.15.jar:5.3.15]
	at org.springframework.beans.factory.support.AbstractAutowireCapableBeanFactory.initializeBean(AbstractAutowireCapableBeanFactory.java:1800) ~[spring-beans-5.3.15.jar:5.3.15]
	at org.springframework.beans.factory.support.AbstractAutowireCapableBeanFactory.doCreateBean(AbstractAutowireCapableBeanFactory.java:620) ~[spring-beans-5.3.15.jar:5.3.15]
	at org.springframework.beans.factory.support.AbstractAutowireCapableBeanFactory.createBean(AbstractAutowireCapableBeanFactory.java:542) ~[spring-beans-5.3.15.jar:5.3.15]
	at org.springframework.beans.factory.support.AbstractBeanFactory.lambda$doGetBean$0(AbstractBeanFactory.java:335) ~[spring-beans-5.3.15.jar:5.3.15]
	at org.springframework.beans.factory.support.DefaultSingletonBeanRegistry.getSingleton(DefaultSingletonBeanRegistry.java:234) ~[spring-beans-5.3.15.jar:5.3.15]
	at org.springframework.beans.factory.support.AbstractBeanFactory.doGetBean(AbstractBeanFactory.java:333) ~[spring-beans-5.3.15.jar:5.3.15]
	at org.springframework.beans.factory.support.AbstractBeanFactory.getBean(AbstractBeanFactory.java:208) ~[spring-beans-5.3.15.jar:5.3.15]
	at org.springframework.context.support.AbstractApplicationContext.getBean(AbstractApplicationContext.java:1154) ~[spring-context-5.3.15.jar:5.3.15]
	at org.springframework.context.support.AbstractApplicationContext.finishBeanFactoryInitialization(AbstractApplicationContext.java:908) ~[spring-context-5.3.15.jar:5.3.15]
	at org.springframework.context.support.AbstractApplicationContext.refresh(AbstractApplicationContext.java:583) ~[spring-context-5.3.15.jar:5.3.15]
	at org.springframework.boot.web.servlet.context.ServletWebServerApplicationContext.refresh(ServletWebServerApplicationContext.java:145) ~[spring-boot-2.5.9.jar:2.5.9]
	at org.springframework.boot.SpringApplication.refresh(SpringApplication.java:767) ~[spring-boot-2.5.9.jar:2.5.9]
	at org.springframework.boot.SpringApplication.refreshContext(SpringApplication.java:447) ~[spring-boot-2.5.9.jar:2.5.9]
	at org.springframework.boot.SpringApplication.run(SpringApplication.java:338) ~[spring-boot-2.5.9.jar:2.5.9]
	at org.springframework.boot.SpringApplication.run(SpringApplication.java:1356) ~[spring-boot-2.5.9.jar:2.5.9]
	at org.springframework.boot.SpringApplication.run(SpringApplication.java:1345) ~[spring-boot-2.5.9.jar:2.5.9]
	at com.example.demo.BackendFApplication.main(BackendFApplication.java:10) ~[classes/:na]

2026-05-12 17:27:05.276  INFO 11236 --- [main] org.hibernate.dialect.Dialect            : HHH000400: Using dialect: org.hibernate.dialect.PostgreSQLDialect
2026-05-12 17:27:05.656  INFO 11236 --- [main] com.zaxxer.hikari.HikariDataSource       : HikariPool-1 - Starting...
2026-05-12 17:27:06.699 ERROR 11236 --- [main] com.zaxxer.hikari.pool.HikariPool        : HikariPool-1 - Exception during pool initialization.

org.postgresql.util.PSQLException: FATAL: la autentificación password falló para el usuario «postgres» (pgjdbc: autodetected server-encoding to be ISO-8859-1, if the message is not readable, please check database logs and/or host, port, dbname, user, password, pg_hba.conf)
	at org.postgresql.core.v3.ConnectionFactoryImpl.doAuthentication(ConnectionFactoryImpl.java:613) ~[postgresql-42.2.24.jar:42.2.24]
	at org.postgresql.core.v3.ConnectionFactoryImpl.tryConnect(ConnectionFactoryImpl.java:161) ~[postgresql-42.2.24.jar:42.2.24]
	at org.postgresql.core.v3.ConnectionFactoryImpl.openConnectionImpl(ConnectionFactoryImpl.java:213) ~[postgresql-42.2.24.jar:42.2.24]
	at org.postgresql.core.ConnectionFactory.openConnection(ConnectionFactory.java:51) ~[postgresql-42.2.24.jar:42.2.24]
	at org.postgresql.jdbc.PgConnection.<init>(PgConnection.java:225) ~[postgresql-42.2.24.jar:42.2.24]
	at org.postgresql.Driver.makeConnection(Driver.java:465) ~[postgresql-42.2.24.jar:42.2.24]
	at org.postgresql.Driver.connect(Driver.java:264) ~[postgresql-42.2.24.jar:42.2.24]
	at com.zaxxer.hikari.util.DriverDataSource.getConnection(DriverDataSource.java:138) ~[HikariCP-4.0.3.jar:na]
	at com.zaxxer.hikari.pool.PoolBase.newConnection(PoolBase.java:364) ~[HikariCP-4.0.3.jar:na]
	at com.zaxxer.hikari.pool.PoolBase.newPoolEntry(PoolBase.java:206) ~[HikariCP-4.0.3.jar:na]
	at com.zaxxer.hikari.pool.HikariPool.createPoolEntry(HikariPool.java:476) ~[HikariCP-4.0.3.jar:na]
	at com.zaxxer.hikari.pool.HikariPool.checkFailFast(HikariPool.java:561) ~[HikariCP-4.0.3.jar:na]
	at com.zaxxer.hikari.pool.HikariPool.<init>(HikariPool.java:115) ~[HikariCP-4.0.3.jar:na]
	at com.zaxxer.hikari.HikariDataSource.getConnection(HikariDataSource.java:112) ~[HikariCP-4.0.3.jar:na]
	at org.hibernate.engine.jdbc.connections.internal.DatasourceConnectionProviderImpl.getConnection(DatasourceConnectionProviderImpl.java:122) ~[hibernate-core-5.4.33.jar:5.4.33]
	at org.hibernate.engine.jdbc.env.internal.JdbcEnvironmentInitiator$ConnectionProviderJdbcConnectionAccess.obtainConnection(JdbcEnvironmentInitiator.java:180) ~[hibernate-core-5.4.33.jar:5.4.33]
	at org.hibernate.resource.transaction.backend.jdbc.internal.DdlTransactionIsolatorNonJtaImpl.getIsolatedConnection(DdlTransactionIsolatorNonJtaImpl.java:43) ~[hibernate-core-5.4.33.jar:5.4.33]
	at org.hibernate.tool.schema.internal.exec.ImprovedExtractionContextImpl.getJdbcConnection(ImprovedExtractionContextImpl.java:60) ~[hibernate-core-5.4.33.jar:5.4.33]
	at org.hibernate.tool.schema.extract.internal.SequenceInformationExtractorLegacyImpl.extractMetadata(SequenceInformationExtractorLegacyImpl.java:40) ~[hibernate-core-5.4.33.jar:5.4.33]
	at org.hibernate.tool.schema.extract.internal.DatabaseInformationImpl.initializeSequences(DatabaseInformationImpl.java:65) ~[hibernate-core-5.4.33.jar:5.4.33]
	at org.hibernate.tool.schema.extract.internal.DatabaseInformationImpl.<init>(DatabaseInformationImpl.java:59) ~[hibernate-core-5.4.33.jar:5.4.33]
	at org.hibernate.tool.schema.internal.Helper.buildDatabaseInformation(Helper.java:155) ~[hibernate-core-5.4.33.jar:5.4.33]
	at org.hibernate.tool.schema.internal.AbstractSchemaMigrator.doMigration(AbstractSchemaMigrator.java:96) ~[hibernate-core-5.4.33.jar:5.4.33]
	at org.hibernate.tool.schema.spi.SchemaManagementToolCoordinator.performDatabaseAction(SchemaManagementToolCoordinator.java:184) ~[hibernate-core-5.4.33.jar:5.4.33]
	at org.hibernate.tool.schema.spi.SchemaManagementToolCoordinator.process(SchemaManagementToolCoordinator.java:73) ~[hibernate-core-5.4.33.jar:5.4.33]
	at org.hibernate.internal.SessionFactoryImpl.<init>(SessionFactoryImpl.java:318) ~[hibernate-core-5.4.33.jar:5.4.33]
	at org.hibernate.boot.internal.SessionFactoryBuilderImpl.build(SessionFactoryBuilderImpl.java:468) ~[hibernate-core-5.4.33.jar:5.4.33]
	at org.hibernate.jpa.boot.internal.EntityManagerFactoryBuilderImpl.build(EntityManagerFactoryBuilderImpl.java:1259) ~[hibernate-core-5.4.33.jar:5.4.33]
	at org.springframework.orm.jpa.vendor.SpringHibernateJpaPersistenceProvider.createContainerEntityManagerFactory(SpringHibernateJpaPersistenceProvider.java:58) ~[spring-orm-5.3.15.jar:5.3.15]
	at org.springframework.orm.jpa.LocalContainerEntityManagerFactoryBean.createNativeEntityManagerFactory(LocalContainerEntityManagerFactoryBean.java:365) ~[spring-orm-5.3.15.jar:5.3.15]
	at org.springframework.orm.jpa.AbstractEntityManagerFactoryBean.buildNativeEntityManagerFactory(AbstractEntityManagerFactoryBean.java:409) ~[spring-orm-5.3.15.jar:5.3.15]
	at org.springframework.orm.jpa.AbstractEntityManagerFactoryBean.afterPropertiesSet(AbstractEntityManagerFactoryBean.java:396) ~[spring-orm-5.3.15.jar:5.3.15]
	at org.springframework.orm.jpa.LocalContainerEntityManagerFactoryBean.afterPropertiesSet(LocalContainerEntityManagerFactoryBean.java:341) ~[spring-orm-5.3.15.jar:5.3.15]
	at org.springframework.beans.factory.support.AbstractAutowireCapableBeanFactory.invokeInitMethods(AbstractAutowireCapableBeanFactory.java:1863) ~[spring-beans-5.3.15.jar:5.3.15]
	at org.springframework.beans.factory.support.AbstractAutowireCapableBeanFactory.initializeBean(AbstractAutowireCapableBeanFactory.java:1800) ~[spring-beans-5.3.15.jar:5.3.15]
	at org.springframework.beans.factory.support.AbstractAutowireCapableBeanFactory.doCreateBean(AbstractAutowireCapableBeanFactory.java:620) ~[spring-beans-5.3.15.jar:5.3.15]
	at org.springframework.beans.factory.support.AbstractAutowireCapableBeanFactory.createBean(AbstractAutowireCapableBeanFactory.java:542) ~[spring-beans-5.3.15.jar:5.3.15]
	at org.springframework.beans.factory.support.AbstractBeanFactory.lambda$doGetBean$0(AbstractBeanFactory.java:335) ~[spring-beans-5.3.15.jar:5.3.15]
	at org.springframework.beans.factory.support.DefaultSingletonBeanRegistry.getSingleton(DefaultSingletonBeanRegistry.java:234) ~[spring-beans-5.3.15.jar:5.3.15]
	at org.springframework.beans.factory.support.AbstractBeanFactory.doGetBean(AbstractBeanFactory.java:333) ~[spring-beans-5.3.15.jar:5.3.15]
	at org.springframework.beans.factory.support.AbstractBeanFactory.getBean(AbstractBeanFactory.java:208) ~[spring-beans-5.3.15.jar:5.3.15]
	at org.springframework.context.support.AbstractApplicationContext.getBean(AbstractApplicationContext.java:1154) ~[spring-context-5.3.15.jar:5.3.15]
	at org.springframework.context.support.AbstractApplicationContext.finishBeanFactoryInitialization(AbstractApplicationContext.java:908) ~[spring-context-5.3.15.jar:5.3.15]
	at org.springframework.context.support.AbstractApplicationContext.refresh(AbstractApplicationContext.java:583) ~[spring-context-5.3.15.jar:5.3.15]
	at org.springframework.boot.web.servlet.context.ServletWebServerApplicationContext.refresh(ServletWebServerApplicationContext.java:145) ~[spring-boot-2.5.9.jar:2.5.9]
	at org.springframework.boot.SpringApplication.refresh(SpringApplication.java:767) ~[spring-boot-2.5.9.jar:2.5.9]
	at org.springframework.boot.SpringApplication.refreshContext(SpringApplication.java:447) ~[spring-boot-2.5.9.jar:2.5.9]
	at org.springframework.boot.SpringApplication.run(SpringApplication.java:338) ~[spring-boot-2.5.9.jar:2.5.9]
	at org.springframework.boot.SpringApplication.run(SpringApplication.java:1356) ~[spring-boot-2.5.9.jar:2.5.9]
	at org.springframework.boot.SpringApplication.run(SpringApplication.java:1345) ~[spring-boot-2.5.9.jar:2.5.9]
	at com.example.demo.BackendFApplication.main(BackendFApplication.java:10) ~[classes/:na]

2026-05-12 17:27:06.701  WARN 11236 --- [main] o.h.engine.jdbc.spi.SqlExceptionHelper   : SQL Error: 0, SQLState: 28P01
2026-05-12 17:27:06.702 ERROR 11236 --- [main] o.h.engine.jdbc.spi.SqlExceptionHelper   : FATAL: la autentificación password falló para el usuario «postgres» (pgjdbc: autodetected server-encoding to be ISO-8859-1, if the message is not readable, please check database logs and/or host, port, dbname, user, password, pg_hba.conf)
2026-05-12 17:27:06.706 ERROR 11236 --- [main] j.LocalContainerEntityManagerFactoryBean : Failed to initialize JPA EntityManagerFactory: [PersistenceUnit: default] Unable to build Hibernate SessionFactory; nested exception is org.hibernate.exception.GenericJDBCException: Unable to open JDBC Connection for DDL execution
2026-05-12 17:27:06.706  WARN 11236 --- [main] ConfigServletWebServerApplicationContext : Exception encountered during context initialization - cancelling refresh attempt: org.springframework.beans.factory.BeanCreationException: Error creating bean with name 'entityManagerFactory' defined in class path resource [org/springframework/boot/autoconfigure/orm/jpa/HibernateJpaConfiguration.class]: Invocation of init method failed; nested exception is javax.persistence.PersistenceException: [PersistenceUnit: default] Unable to build Hibernate SessionFactory; nested exception is org.hibernate.exception.GenericJDBCException: Unable to open JDBC Connection for DDL execution
2026-05-12 17:27:06.707  INFO 11236 --- [main] o.apache.catalina.core.StandardService   : Stopping service [Tomcat]
2026-05-12 17:27:06.715  INFO 11236 --- [main] ConditionEvaluationReportLoggingListener : 

Error starting ApplicationContext. To display the conditions report re-run your application with 'debug' enabled.
2026-05-12 17:27:06.727 ERROR 11236 --- [main] o.s.boot.SpringApplication               : Application run failed

org.springframework.beans.factory.BeanCreationException: Error creating bean with name 'entityManagerFactory' defined in class path resource [org/springframework/boot/autoconfigure/orm/jpa/HibernateJpaConfiguration.class]: Invocation of init method failed; nested exception is javax.persistence.PersistenceException: [PersistenceUnit: default] Unable to build Hibernate SessionFactory; nested exception is org.hibernate.exception.GenericJDBCException: Unable to open JDBC Connection for DDL execution
	at org.springframework.beans.factory.support.AbstractAutowireCapableBeanFactory.initializeBean(AbstractAutowireCapableBeanFactory.java:1804) ~[spring-beans-5.3.15.jar:5.3.15]
	at org.springframework.beans.factory.support.AbstractAutowireCapableBeanFactory.doCreateBean(AbstractAutowireCapableBeanFactory.java:620) ~[spring-beans-5.3.15.jar:5.3.15]
	at org.springframework.beans.factory.support.AbstractAutowireCapableBeanFactory.createBean(AbstractAutowireCapableBeanFactory.java:542) ~[spring-beans-5.3.15.jar:5.3.15]
	at org.springframework.beans.factory.support.AbstractBeanFactory.lambda$doGetBean$0(AbstractBeanFactory.java:335) ~[spring-beans-5.3.15.jar:5.3.15]
	at org.springframework.beans.factory.support.DefaultSingletonBeanRegistry.getSingleton(DefaultSingletonBeanRegistry.java:234) ~[spring-beans-5.3.15.jar:5.3.15]
	at org.springframework.beans.factory.support.AbstractBeanFactory.doGetBean(AbstractBeanFactory.java:333) ~[spring-beans-5.3.15.jar:5.3.15]
	at org.springframework.beans.factory.support.AbstractBeanFactory.getBean(AbstractBeanFactory.java:208) ~[spring-beans-5.3.15.jar:5.3.15]
	at org.springframework.context.support.AbstractApplicationContext.getBean(AbstractApplicationContext.java:1154) ~[spring-context-5.3.15.jar:5.3.15]
	at org.springframework.context.support.AbstractApplicationContext.finishBeanFactoryInitialization(AbstractApplicationContext.java:908) ~[spring-context-5.3.15.jar:5.3.15]
	at org.springframework.context.support.AbstractApplicationContext.refresh(AbstractApplicationContext.java:583) ~[spring-context-5.3.15.jar:5.3.15]
	at org.springframework.boot.web.servlet.context.ServletWebServerApplicationContext.refresh(ServletWebServerApplicationContext.java:145) ~[spring-boot-2.5.9.jar:2.5.9]
	at org.springframework.boot.SpringApplication.refresh(SpringApplication.java:767) ~[spring-boot-2.5.9.jar:2.5.9]
	at org.springframework.boot.SpringApplication.refreshContext(SpringApplication.java:447) ~[spring-boot-2.5.9.jar:2.5.9]
	at org.springframework.boot.SpringApplication.run(SpringApplication.java:338) ~[spring-boot-2.5.9.jar:2.5.9]
	at org.springframework.boot.SpringApplication.run(SpringApplication.java:1356) ~[spring-boot-2.5.9.jar:2.5.9]
	at org.springframework.boot.SpringApplication.run(SpringApplication.java:1345) ~[spring-boot-2.5.9.jar:2.5.9]
	at com.example.demo.BackendFApplication.main(BackendFApplication.java:10) ~[classes/:na]
Caused by: javax.persistence.PersistenceException: [PersistenceUnit: default] Unable to build Hibernate SessionFactory; nested exception is org.hibernate.exception.GenericJDBCException: Unable to open JDBC Connection for DDL execution
	at org.springframework.orm.jpa.AbstractEntityManagerFactoryBean.buildNativeEntityManagerFactory(AbstractEntityManagerFactoryBean.java:421) ~[spring-orm-5.3.15.jar:5.3.15]
	at org.springframework.orm.jpa.AbstractEntityManagerFactoryBean.afterPropertiesSet(AbstractEntityManagerFactoryBean.java:396) ~[spring-orm-5.3.15.jar:5.3.15]
	at org.springframework.orm.jpa.LocalContainerEntityManagerFactoryBean.afterPropertiesSet(LocalContainerEntityManagerFactoryBean.java:341) ~[spring-orm-5.3.15.jar:5.3.15]
	at org.springframework.beans.factory.support.AbstractAutowireCapableBeanFactory.invokeInitMethods(AbstractAutowireCapableBeanFactory.java:1863) ~[spring-beans-5.3.15.jar:5.3.15]
	at org.springframework.beans.factory.support.AbstractAutowireCapableBeanFactory.initializeBean(AbstractAutowireCapableBeanFactory.java:1800) ~[spring-beans-5.3.15.jar:5.3.15]
	... 16 common frames omitted
Caused by: org.hibernate.exception.GenericJDBCException: Unable to open JDBC Connection for DDL execution
	at org.hibernate.exception.internal.StandardSQLExceptionConverter.convert(StandardSQLExceptionConverter.java:47) ~[hibernate-core-5.4.33.jar:5.4.33]
	at org.hibernate.engine.jdbc.spi.SqlExceptionHelper.convert(SqlExceptionHelper.java:113) ~[hibernate-core-5.4.33.jar:5.4.33]
	at org.hibernate.engine.jdbc.spi.SqlExceptionHelper.convert(SqlExceptionHelper.java:99) ~[hibernate-core-5.4.33.jar:5.4.33]
	at org.hibernate.resource.transaction.backend.jdbc.internal.DdlTransactionIsolatorNonJtaImpl.getIsolatedConnection(DdlTransactionIsolatorNonJtaImpl.java:69) ~[hibernate-core-5.4.33.jar:5.4.33]
	at org.hibernate.tool.schema.internal.exec.ImprovedExtractionContextImpl.getJdbcConnection(ImprovedExtractionContextImpl.java:60) ~[hibernate-core-5.4.33.jar:5.4.33]
	at org.hibernate.tool.schema.extract.internal.SequenceInformationExtractorLegacyImpl.extractMetadata(SequenceInformationExtractorLegacyImpl.java:40) ~[hibernate-core-5.4.33.jar:5.4.33]
	at org.hibernate.tool.schema.extract.internal.DatabaseInformationImpl.initializeSequences(DatabaseInformationImpl.java:65) ~[hibernate-core-5.4.33.jar:5.4.33]
	at org.hibernate.tool.schema.extract.internal.DatabaseInformationImpl.<init>(DatabaseInformationImpl.java:59) ~[hibernate-core-5.4.33.jar:5.4.33]
	at org.hibernate.tool.schema.internal.Helper.buildDatabaseInformation(Helper.java:155) ~[hibernate-core-5.4.33.jar:5.4.33]
	at org.hibernate.tool.schema.internal.AbstractSchemaMigrator.doMigration(AbstractSchemaMigrator.java:96) ~[hibernate-core-5.4.33.jar:5.4.33]
	at org.hibernate.tool.schema.spi.SchemaManagementToolCoordinator.performDatabaseAction(SchemaManagementToolCoordinator.java:184) ~[hibernate-core-5.4.33.jar:5.4.33]
	at org.hibernate.tool.schema.spi.SchemaManagementToolCoordinator.process(SchemaManagementToolCoordinator.java:73) ~[hibernate-core-5.4.33.jar:5.4.33]
	at org.hibernate.internal.SessionFactoryImpl.<init>(SessionFactoryImpl.java:318) ~[hibernate-core-5.4.33.jar:5.4.33]
	at org.hibernate.boot.internal.SessionFactoryBuilderImpl.build(SessionFactoryBuilderImpl.java:468) ~[hibernate-core-5.4.33.jar:5.4.33]
	at org.hibernate.jpa.boot.internal.EntityManagerFactoryBuilderImpl.build(EntityManagerFactoryBuilderImpl.java:1259) ~[hibernate-core-5.4.33.jar:5.4.33]
	at org.springframework.orm.jpa.vendor.SpringHibernateJpaPersistenceProvider.createContainerEntityManagerFactory(SpringHibernateJpaPersistenceProvider.java:58) ~[spring-orm-5.3.15.jar:5.3.15]
	at org.springframework.orm.jpa.LocalContainerEntityManagerFactoryBean.createNativeEntityManagerFactory(LocalContainerEntityManagerFactoryBean.java:365) ~[spring-orm-5.3.15.jar:5.3.15]
	at org.springframework.orm.jpa.AbstractEntityManagerFactoryBean.buildNativeEntityManagerFactory(AbstractEntityManagerFactoryBean.java:409) ~[spring-orm-5.3.15.jar:5.3.15]
	... 20 common frames omitted
Caused by: org.postgresql.util.PSQLException: FATAL: la autentificación password falló para el usuario «postgres» (pgjdbc: autodetected server-encoding to be ISO-8859-1, if the message is not readable, please check database logs and/or host, port, dbname, user, password, pg_hba.conf)
	at org.postgresql.core.v3.ConnectionFactoryImpl.doAuthentication(ConnectionFactoryImpl.java:613) ~[postgresql-42.2.24.jar:42.2.24]
	at org.postgresql.core.v3.ConnectionFactoryImpl.tryConnect(ConnectionFactoryImpl.java:161) ~[postgresql-42.2.24.jar:42.2.24]
	at org.postgresql.core.v3.ConnectionFactoryImpl.openConnectionImpl(ConnectionFactoryImpl.java:213) ~[postgresql-42.2.24.jar:42.2.24]
	at org.postgresql.core.ConnectionFactory.openConnection(ConnectionFactory.java:51) ~[postgresql-42.2.24.jar:42.2.24]
	at org.postgresql.jdbc.PgConnection.<init>(PgConnection.java:225) ~[postgresql-42.2.24.jar:42.2.24]
	at org.postgresql.Driver.makeConnection(Driver.java:465) ~[postgresql-42.2.24.jar:42.2.24]
	at org.postgresql.Driver.connect(Driver.java:264) ~[postgresql-42.2.24.jar:42.2.24]
	at com.zaxxer.hikari.util.DriverDataSource.getConnection(DriverDataSource.java:138) ~[HikariCP-4.0.3.jar:na]
	at com.zaxxer.hikari.pool.PoolBase.newConnection(PoolBase.java:364) ~[HikariCP-4.0.3.jar:na]
	at com.zaxxer.hikari.pool.PoolBase.newPoolEntry(PoolBase.java:206) ~[HikariCP-4.0.3.jar:na]
	at com.zaxxer.hikari.pool.HikariPool.createPoolEntry(HikariPool.java:476) ~[HikariCP-4.0.3.jar:na]
	at com.zaxxer.hikari.pool.HikariPool.checkFailFast(HikariPool.java:561) ~[HikariCP-4.0.3.jar:na]
	at com.zaxxer.hikari.pool.HikariPool.<init>(HikariPool.java:115) ~[HikariCP-4.0.3.jar:na]
	at com.zaxxer.hikari.HikariDataSource.getConnection(HikariDataSource.java:112) ~[HikariCP-4.0.3.jar:na]
	at org.hibernate.engine.jdbc.connections.internal.DatasourceConnectionProviderImpl.getConnection(DatasourceConnectionProviderImpl.java:122) ~[hibernate-core-5.4.33.jar:5.4.33]
	at org.hibernate.engine.jdbc.env.internal.JdbcEnvironmentInitiator$ConnectionProviderJdbcConnectionAccess.obtainConnection(JdbcEnvironmentInitiator.java:180) ~[hibernate-core-5.4.33.jar:5.4.33]
	at org.hibernate.resource.transaction.backend.jdbc.internal.DdlTransactionIsolatorNonJtaImpl.getIsolatedConnection(DdlTransactionIsolatorNonJtaImpl.java:43) ~[hibernate-core-5.4.33.jar:5.4.33]
	... 34 common frames omitted

2026-05-12 17:29:50.873  INFO 22348 --- [main] com.example.demo.BackendFApplication     : Starting BackendFApplication using Java 17.0.12 on MYN4M31SK41N with PID 22348 (C:\Users\pedro\OneDrive\Escritorio\Test2\ICIFG003-EQ02\backend-f\target\classes started by pedro in C:\Users\pedro\OneDrive\Escritorio\Test2\ICIFG003-EQ02\backend-f)
2026-05-12 17:29:50.876  INFO 22348 --- [main] com.example.demo.BackendFApplication     : No active profile set, falling back to default profiles: default
2026-05-12 17:29:51.282  INFO 22348 --- [main] .s.d.r.c.RepositoryConfigurationDelegate : Bootstrapping Spring Data JPA repositories in DEFAULT mode.
2026-05-12 17:29:51.325  INFO 22348 --- [main] .s.d.r.c.RepositoryConfigurationDelegate : Finished Spring Data repository scanning in 36 ms. Found 2 JPA repository interfaces.
2026-05-12 17:29:51.737  INFO 22348 --- [main] o.s.b.w.embedded.tomcat.TomcatWebServer  : Tomcat initialized with port(s): 8882 (http)
2026-05-12 17:29:51.746  INFO 22348 --- [main] o.apache.catalina.core.StandardService   : Starting service [Tomcat]
2026-05-12 17:29:51.747  INFO 22348 --- [main] org.apache.catalina.core.StandardEngine  : Starting Servlet engine: [Apache Tomcat/9.0.56]
2026-05-12 17:29:51.809  INFO 22348 --- [main] o.a.c.c.C.[Tomcat].[localhost].[/]       : Initializing Spring embedded WebApplicationContext
2026-05-12 17:29:51.809  INFO 22348 --- [main] w.s.c.ServletWebServerApplicationContext : Root WebApplicationContext: initialization completed in 898 ms
2026-05-12 17:29:51.929  INFO 22348 --- [main] o.hibernate.jpa.internal.util.LogHelper  : HHH000204: Processing PersistenceUnitInfo [name: default]
2026-05-12 17:29:51.967  INFO 22348 --- [main] org.hibernate.Version                    : HHH000412: Hibernate ORM core version 5.4.33
2026-05-12 17:29:52.072  INFO 22348 --- [main] o.hibernate.annotations.common.Version   : HCANN000001: Hibernate Commons Annotations {5.1.2.Final}
2026-05-12 17:29:52.149  INFO 22348 --- [main] com.zaxxer.hikari.HikariDataSource       : HikariPool-1 - Starting...
2026-05-12 17:29:53.285 ERROR 22348 --- [main] com.zaxxer.hikari.pool.HikariPool        : HikariPool-1 - Exception during pool initialization.

org.postgresql.util.PSQLException: FATAL: la autentificación password falló para el usuario «postgres» (pgjdbc: autodetected server-encoding to be ISO-8859-1, if the message is not readable, please check database logs and/or host, port, dbname, user, password, pg_hba.conf)
	at org.postgresql.core.v3.ConnectionFactoryImpl.doAuthentication(ConnectionFactoryImpl.java:613) ~[postgresql-42.2.24.jar:42.2.24]
	at org.postgresql.core.v3.ConnectionFactoryImpl.tryConnect(ConnectionFactoryImpl.java:161) ~[postgresql-42.2.24.jar:42.2.24]
	at org.postgresql.core.v3.ConnectionFactoryImpl.openConnectionImpl(ConnectionFactoryImpl.java:213) ~[postgresql-42.2.24.jar:42.2.24]
	at org.postgresql.core.ConnectionFactory.openConnection(ConnectionFactory.java:51) ~[postgresql-42.2.24.jar:42.2.24]
	at org.postgresql.jdbc.PgConnection.<init>(PgConnection.java:225) ~[postgresql-42.2.24.jar:42.2.24]
	at org.postgresql.Driver.makeConnection(Driver.java:465) ~[postgresql-42.2.24.jar:42.2.24]
	at org.postgresql.Driver.connect(Driver.java:264) ~[postgresql-42.2.24.jar:42.2.24]
	at com.zaxxer.hikari.util.DriverDataSource.getConnection(DriverDataSource.java:138) ~[HikariCP-4.0.3.jar:na]
	at com.zaxxer.hikari.pool.PoolBase.newConnection(PoolBase.java:364) ~[HikariCP-4.0.3.jar:na]
	at com.zaxxer.hikari.pool.PoolBase.newPoolEntry(PoolBase.java:206) ~[HikariCP-4.0.3.jar:na]
	at com.zaxxer.hikari.pool.HikariPool.createPoolEntry(HikariPool.java:476) ~[HikariCP-4.0.3.jar:na]
	at com.zaxxer.hikari.pool.HikariPool.checkFailFast(HikariPool.java:561) ~[HikariCP-4.0.3.jar:na]
	at com.zaxxer.hikari.pool.HikariPool.<init>(HikariPool.java:115) ~[HikariCP-4.0.3.jar:na]
	at com.zaxxer.hikari.HikariDataSource.getConnection(HikariDataSource.java:112) ~[HikariCP-4.0.3.jar:na]
	at org.hibernate.engine.jdbc.connections.internal.DatasourceConnectionProviderImpl.getConnection(DatasourceConnectionProviderImpl.java:122) ~[hibernate-core-5.4.33.jar:5.4.33]
	at org.hibernate.engine.jdbc.env.internal.JdbcEnvironmentInitiator$ConnectionProviderJdbcConnectionAccess.obtainConnection(JdbcEnvironmentInitiator.java:180) ~[hibernate-core-5.4.33.jar:5.4.33]
	at org.hibernate.engine.jdbc.env.internal.JdbcEnvironmentInitiator.initiateService(JdbcEnvironmentInitiator.java:68) ~[hibernate-core-5.4.33.jar:5.4.33]
	at org.hibernate.engine.jdbc.env.internal.JdbcEnvironmentInitiator.initiateService(JdbcEnvironmentInitiator.java:35) ~[hibernate-core-5.4.33.jar:5.4.33]
	at org.hibernate.boot.registry.internal.StandardServiceRegistryImpl.initiateService(StandardServiceRegistryImpl.java:101) ~[hibernate-core-5.4.33.jar:5.4.33]
	at org.hibernate.service.internal.AbstractServiceRegistryImpl.createService(AbstractServiceRegistryImpl.java:263) ~[hibernate-core-5.4.33.jar:5.4.33]
	at org.hibernate.service.internal.AbstractServiceRegistryImpl.initializeService(AbstractServiceRegistryImpl.java:237) ~[hibernate-core-5.4.33.jar:5.4.33]
	at org.hibernate.service.internal.AbstractServiceRegistryImpl.getService(AbstractServiceRegistryImpl.java:214) ~[hibernate-core-5.4.33.jar:5.4.33]
	at org.hibernate.id.factory.internal.DefaultIdentifierGeneratorFactory.injectServices(DefaultIdentifierGeneratorFactory.java:152) ~[hibernate-core-5.4.33.jar:5.4.33]
	at org.hibernate.service.internal.AbstractServiceRegistryImpl.injectDependencies(AbstractServiceRegistryImpl.java:286) ~[hibernate-core-5.4.33.jar:5.4.33]
	at org.hibernate.service.internal.AbstractServiceRegistryImpl.initializeService(AbstractServiceRegistryImpl.java:243) ~[hibernate-core-5.4.33.jar:5.4.33]
	at org.hibernate.service.internal.AbstractServiceRegistryImpl.getService(AbstractServiceRegistryImpl.java:214) ~[hibernate-core-5.4.33.jar:5.4.33]
	at org.hibernate.boot.internal.InFlightMetadataCollectorImpl.<init>(InFlightMetadataCollectorImpl.java:176) ~[hibernate-core-5.4.33.jar:5.4.33]
	at org.hibernate.boot.model.process.spi.MetadataBuildingProcess.complete(MetadataBuildingProcess.java:127) ~[hibernate-core-5.4.33.jar:5.4.33]
	at org.hibernate.jpa.boot.internal.EntityManagerFactoryBuilderImpl.metadata(EntityManagerFactoryBuilderImpl.java:1224) ~[hibernate-core-5.4.33.jar:5.4.33]
	at org.hibernate.jpa.boot.internal.EntityManagerFactoryBuilderImpl.build(EntityManagerFactoryBuilderImpl.java:1255) ~[hibernate-core-5.4.33.jar:5.4.33]
	at org.springframework.orm.jpa.vendor.SpringHibernateJpaPersistenceProvider.createContainerEntityManagerFactory(SpringHibernateJpaPersistenceProvider.java:58) ~[spring-orm-5.3.15.jar:5.3.15]
	at org.springframework.orm.jpa.LocalContainerEntityManagerFactoryBean.createNativeEntityManagerFactory(LocalContainerEntityManagerFactoryBean.java:365) ~[spring-orm-5.3.15.jar:5.3.15]
	at org.springframework.orm.jpa.AbstractEntityManagerFactoryBean.buildNativeEntityManagerFactory(AbstractEntityManagerFactoryBean.java:409) ~[spring-orm-5.3.15.jar:5.3.15]
	at org.springframework.orm.jpa.AbstractEntityManagerFactoryBean.afterPropertiesSet(AbstractEntityManagerFactoryBean.java:396) ~[spring-orm-5.3.15.jar:5.3.15]
	at org.springframework.orm.jpa.LocalContainerEntityManagerFactoryBean.afterPropertiesSet(LocalContainerEntityManagerFactoryBean.java:341) ~[spring-orm-5.3.15.jar:5.3.15]
	at org.springframework.beans.factory.support.AbstractAutowireCapableBeanFactory.invokeInitMethods(AbstractAutowireCapableBeanFactory.java:1863) ~[spring-beans-5.3.15.jar:5.3.15]
	at org.springframework.beans.factory.support.AbstractAutowireCapableBeanFactory.initializeBean(AbstractAutowireCapableBeanFactory.java:1800) ~[spring-beans-5.3.15.jar:5.3.15]
	at org.springframework.beans.factory.support.AbstractAutowireCapableBeanFactory.doCreateBean(AbstractAutowireCapableBeanFactory.java:620) ~[spring-beans-5.3.15.jar:5.3.15]
	at org.springframework.beans.factory.support.AbstractAutowireCapableBeanFactory.createBean(AbstractAutowireCapableBeanFactory.java:542) ~[spring-beans-5.3.15.jar:5.3.15]
	at org.springframework.beans.factory.support.AbstractBeanFactory.lambda$doGetBean$0(AbstractBeanFactory.java:335) ~[spring-beans-5.3.15.jar:5.3.15]
	at org.springframework.beans.factory.support.DefaultSingletonBeanRegistry.getSingleton(DefaultSingletonBeanRegistry.java:234) ~[spring-beans-5.3.15.jar:5.3.15]
	at org.springframework.beans.factory.support.AbstractBeanFactory.doGetBean(AbstractBeanFactory.java:333) ~[spring-beans-5.3.15.jar:5.3.15]
	at org.springframework.beans.factory.support.AbstractBeanFactory.getBean(AbstractBeanFactory.java:208) ~[spring-beans-5.3.15.jar:5.3.15]
	at org.springframework.context.support.AbstractApplicationContext.getBean(AbstractApplicationContext.java:1154) ~[spring-context-5.3.15.jar:5.3.15]
	at org.springframework.context.support.AbstractApplicationContext.finishBeanFactoryInitialization(AbstractApplicationContext.java:908) ~[spring-context-5.3.15.jar:5.3.15]
	at org.springframework.context.support.AbstractApplicationContext.refresh(AbstractApplicationContext.java:583) ~[spring-context-5.3.15.jar:5.3.15]
	at org.springframework.boot.web.servlet.context.ServletWebServerApplicationContext.refresh(ServletWebServerApplicationContext.java:145) ~[spring-boot-2.5.9.jar:2.5.9]
	at org.springframework.boot.SpringApplication.refresh(SpringApplication.java:767) ~[spring-boot-2.5.9.jar:2.5.9]
	at org.springframework.boot.SpringApplication.refreshContext(SpringApplication.java:447) ~[spring-boot-2.5.9.jar:2.5.9]
	at org.springframework.boot.SpringApplication.run(SpringApplication.java:338) ~[spring-boot-2.5.9.jar:2.5.9]
	at org.springframework.boot.SpringApplication.run(SpringApplication.java:1356) ~[spring-boot-2.5.9.jar:2.5.9]
	at org.springframework.boot.SpringApplication.run(SpringApplication.java:1345) ~[spring-boot-2.5.9.jar:2.5.9]
	at com.example.demo.BackendFApplication.main(BackendFApplication.java:10) ~[classes/:na]

2026-05-12 17:29:53.287  WARN 22348 --- [main] o.h.e.j.e.i.JdbcEnvironmentInitiator     : HHH000342: Could not obtain connection to query metadata

org.postgresql.util.PSQLException: FATAL: la autentificación password falló para el usuario «postgres» (pgjdbc: autodetected server-encoding to be ISO-8859-1, if the message is not readable, please check database logs and/or host, port, dbname, user, password, pg_hba.conf)
	at org.postgresql.core.v3.ConnectionFactoryImpl.doAuthentication(ConnectionFactoryImpl.java:613) ~[postgresql-42.2.24.jar:42.2.24]
	at org.postgresql.core.v3.ConnectionFactoryImpl.tryConnect(ConnectionFactoryImpl.java:161) ~[postgresql-42.2.24.jar:42.2.24]
	at org.postgresql.core.v3.ConnectionFactoryImpl.openConnectionImpl(ConnectionFactoryImpl.java:213) ~[postgresql-42.2.24.jar:42.2.24]
	at org.postgresql.core.ConnectionFactory.openConnection(ConnectionFactory.java:51) ~[postgresql-42.2.24.jar:42.2.24]
	at org.postgresql.jdbc.PgConnection.<init>(PgConnection.java:225) ~[postgresql-42.2.24.jar:42.2.24]
	at org.postgresql.Driver.makeConnection(Driver.java:465) ~[postgresql-42.2.24.jar:42.2.24]
	at org.postgresql.Driver.connect(Driver.java:264) ~[postgresql-42.2.24.jar:42.2.24]
	at com.zaxxer.hikari.util.DriverDataSource.getConnection(DriverDataSource.java:138) ~[HikariCP-4.0.3.jar:na]
	at com.zaxxer.hikari.pool.PoolBase.newConnection(PoolBase.java:364) ~[HikariCP-4.0.3.jar:na]
	at com.zaxxer.hikari.pool.PoolBase.newPoolEntry(PoolBase.java:206) ~[HikariCP-4.0.3.jar:na]
	at com.zaxxer.hikari.pool.HikariPool.createPoolEntry(HikariPool.java:476) ~[HikariCP-4.0.3.jar:na]
	at com.zaxxer.hikari.pool.HikariPool.checkFailFast(HikariPool.java:561) ~[HikariCP-4.0.3.jar:na]
	at com.zaxxer.hikari.pool.HikariPool.<init>(HikariPool.java:115) ~[HikariCP-4.0.3.jar:na]
	at com.zaxxer.hikari.HikariDataSource.getConnection(HikariDataSource.java:112) ~[HikariCP-4.0.3.jar:na]
	at org.hibernate.engine.jdbc.connections.internal.DatasourceConnectionProviderImpl.getConnection(DatasourceConnectionProviderImpl.java:122) ~[hibernate-core-5.4.33.jar:5.4.33]
	at org.hibernate.engine.jdbc.env.internal.JdbcEnvironmentInitiator$ConnectionProviderJdbcConnectionAccess.obtainConnection(JdbcEnvironmentInitiator.java:180) ~[hibernate-core-5.4.33.jar:5.4.33]
	at org.hibernate.engine.jdbc.env.internal.JdbcEnvironmentInitiator.initiateService(JdbcEnvironmentInitiator.java:68) ~[hibernate-core-5.4.33.jar:5.4.33]
	at org.hibernate.engine.jdbc.env.internal.JdbcEnvironmentInitiator.initiateService(JdbcEnvironmentInitiator.java:35) ~[hibernate-core-5.4.33.jar:5.4.33]
	at org.hibernate.boot.registry.internal.StandardServiceRegistryImpl.initiateService(StandardServiceRegistryImpl.java:101) ~[hibernate-core-5.4.33.jar:5.4.33]
	at org.hibernate.service.internal.AbstractServiceRegistryImpl.createService(AbstractServiceRegistryImpl.java:263) ~[hibernate-core-5.4.33.jar:5.4.33]
	at org.hibernate.service.internal.AbstractServiceRegistryImpl.initializeService(AbstractServiceRegistryImpl.java:237) ~[hibernate-core-5.4.33.jar:5.4.33]
	at org.hibernate.service.internal.AbstractServiceRegistryImpl.getService(AbstractServiceRegistryImpl.java:214) ~[hibernate-core-5.4.33.jar:5.4.33]
	at org.hibernate.id.factory.internal.DefaultIdentifierGeneratorFactory.injectServices(DefaultIdentifierGeneratorFactory.java:152) ~[hibernate-core-5.4.33.jar:5.4.33]
	at org.hibernate.service.internal.AbstractServiceRegistryImpl.injectDependencies(AbstractServiceRegistryImpl.java:286) ~[hibernate-core-5.4.33.jar:5.4.33]
	at org.hibernate.service.internal.AbstractServiceRegistryImpl.initializeService(AbstractServiceRegistryImpl.java:243) ~[hibernate-core-5.4.33.jar:5.4.33]
	at org.hibernate.service.internal.AbstractServiceRegistryImpl.getService(AbstractServiceRegistryImpl.java:214) ~[hibernate-core-5.4.33.jar:5.4.33]
	at org.hibernate.boot.internal.InFlightMetadataCollectorImpl.<init>(InFlightMetadataCollectorImpl.java:176) ~[hibernate-core-5.4.33.jar:5.4.33]
	at org.hibernate.boot.model.process.spi.MetadataBuildingProcess.complete(MetadataBuildingProcess.java:127) ~[hibernate-core-5.4.33.jar:5.4.33]
	at org.hibernate.jpa.boot.internal.EntityManagerFactoryBuilderImpl.metadata(EntityManagerFactoryBuilderImpl.java:1224) ~[hibernate-core-5.4.33.jar:5.4.33]
	at org.hibernate.jpa.boot.internal.EntityManagerFactoryBuilderImpl.build(EntityManagerFactoryBuilderImpl.java:1255) ~[hibernate-core-5.4.33.jar:5.4.33]
	at org.springframework.orm.jpa.vendor.SpringHibernateJpaPersistenceProvider.createContainerEntityManagerFactory(SpringHibernateJpaPersistenceProvider.java:58) ~[spring-orm-5.3.15.jar:5.3.15]
	at org.springframework.orm.jpa.LocalContainerEntityManagerFactoryBean.createNativeEntityManagerFactory(LocalContainerEntityManagerFactoryBean.java:365) ~[spring-orm-5.3.15.jar:5.3.15]
	at org.springframework.orm.jpa.AbstractEntityManagerFactoryBean.buildNativeEntityManagerFactory(AbstractEntityManagerFactoryBean.java:409) ~[spring-orm-5.3.15.jar:5.3.15]
	at org.springframework.orm.jpa.AbstractEntityManagerFactoryBean.afterPropertiesSet(AbstractEntityManagerFactoryBean.java:396) ~[spring-orm-5.3.15.jar:5.3.15]
	at org.springframework.orm.jpa.LocalContainerEntityManagerFactoryBean.afterPropertiesSet(LocalContainerEntityManagerFactoryBean.java:341) ~[spring-orm-5.3.15.jar:5.3.15]
	at org.springframework.beans.factory.support.AbstractAutowireCapableBeanFactory.invokeInitMethods(AbstractAutowireCapableBeanFactory.java:1863) ~[spring-beans-5.3.15.jar:5.3.15]
	at org.springframework.beans.factory.support.AbstractAutowireCapableBeanFactory.initializeBean(AbstractAutowireCapableBeanFactory.java:1800) ~[spring-beans-5.3.15.jar:5.3.15]
	at org.springframework.beans.factory.support.AbstractAutowireCapableBeanFactory.doCreateBean(AbstractAutowireCapableBeanFactory.java:620) ~[spring-beans-5.3.15.jar:5.3.15]
	at org.springframework.beans.factory.support.AbstractAutowireCapableBeanFactory.createBean(AbstractAutowireCapableBeanFactory.java:542) ~[spring-beans-5.3.15.jar:5.3.15]
	at org.springframework.beans.factory.support.AbstractBeanFactory.lambda$doGetBean$0(AbstractBeanFactory.java:335) ~[spring-beans-5.3.15.jar:5.3.15]
	at org.springframework.beans.factory.support.DefaultSingletonBeanRegistry.getSingleton(DefaultSingletonBeanRegistry.java:234) ~[spring-beans-5.3.15.jar:5.3.15]
	at org.springframework.beans.factory.support.AbstractBeanFactory.doGetBean(AbstractBeanFactory.java:333) ~[spring-beans-5.3.15.jar:5.3.15]
	at org.springframework.beans.factory.support.AbstractBeanFactory.getBean(AbstractBeanFactory.java:208) ~[spring-beans-5.3.15.jar:5.3.15]
	at org.springframework.context.support.AbstractApplicationContext.getBean(AbstractApplicationContext.java:1154) ~[spring-context-5.3.15.jar:5.3.15]
	at org.springframework.context.support.AbstractApplicationContext.finishBeanFactoryInitialization(AbstractApplicationContext.java:908) ~[spring-context-5.3.15.jar:5.3.15]
	at org.springframework.context.support.AbstractApplicationContext.refresh(AbstractApplicationContext.java:583) ~[spring-context-5.3.15.jar:5.3.15]
	at org.springframework.boot.web.servlet.context.ServletWebServerApplicationContext.refresh(ServletWebServerApplicationContext.java:145) ~[spring-boot-2.5.9.jar:2.5.9]
	at org.springframework.boot.SpringApplication.refresh(SpringApplication.java:767) ~[spring-boot-2.5.9.jar:2.5.9]
	at org.springframework.boot.SpringApplication.refreshContext(SpringApplication.java:447) ~[spring-boot-2.5.9.jar:2.5.9]
	at org.springframework.boot.SpringApplication.run(SpringApplication.java:338) ~[spring-boot-2.5.9.jar:2.5.9]
	at org.springframework.boot.SpringApplication.run(SpringApplication.java:1356) ~[spring-boot-2.5.9.jar:2.5.9]
	at org.springframework.boot.SpringApplication.run(SpringApplication.java:1345) ~[spring-boot-2.5.9.jar:2.5.9]
	at com.example.demo.BackendFApplication.main(BackendFApplication.java:10) ~[classes/:na]

2026-05-12 17:29:53.297  INFO 22348 --- [main] org.hibernate.dialect.Dialect            : HHH000400: Using dialect: org.hibernate.dialect.PostgreSQLDialect
2026-05-12 17:29:53.679  INFO 22348 --- [main] com.zaxxer.hikari.HikariDataSource       : HikariPool-1 - Starting...
2026-05-12 17:29:54.729 ERROR 22348 --- [main] com.zaxxer.hikari.pool.HikariPool        : HikariPool-1 - Exception during pool initialization.

org.postgresql.util.PSQLException: FATAL: la autentificación password falló para el usuario «postgres» (pgjdbc: autodetected server-encoding to be ISO-8859-1, if the message is not readable, please check database logs and/or host, port, dbname, user, password, pg_hba.conf)
	at org.postgresql.core.v3.ConnectionFactoryImpl.doAuthentication(ConnectionFactoryImpl.java:613) ~[postgresql-42.2.24.jar:42.2.24]
	at org.postgresql.core.v3.ConnectionFactoryImpl.tryConnect(ConnectionFactoryImpl.java:161) ~[postgresql-42.2.24.jar:42.2.24]
	at org.postgresql.core.v3.ConnectionFactoryImpl.openConnectionImpl(ConnectionFactoryImpl.java:213) ~[postgresql-42.2.24.jar:42.2.24]
	at org.postgresql.core.ConnectionFactory.openConnection(ConnectionFactory.java:51) ~[postgresql-42.2.24.jar:42.2.24]
	at org.postgresql.jdbc.PgConnection.<init>(PgConnection.java:225) ~[postgresql-42.2.24.jar:42.2.24]
	at org.postgresql.Driver.makeConnection(Driver.java:465) ~[postgresql-42.2.24.jar:42.2.24]
	at org.postgresql.Driver.connect(Driver.java:264) ~[postgresql-42.2.24.jar:42.2.24]
	at com.zaxxer.hikari.util.DriverDataSource.getConnection(DriverDataSource.java:138) ~[HikariCP-4.0.3.jar:na]
	at com.zaxxer.hikari.pool.PoolBase.newConnection(PoolBase.java:364) ~[HikariCP-4.0.3.jar:na]
	at com.zaxxer.hikari.pool.PoolBase.newPoolEntry(PoolBase.java:206) ~[HikariCP-4.0.3.jar:na]
	at com.zaxxer.hikari.pool.HikariPool.createPoolEntry(HikariPool.java:476) ~[HikariCP-4.0.3.jar:na]
	at com.zaxxer.hikari.pool.HikariPool.checkFailFast(HikariPool.java:561) ~[HikariCP-4.0.3.jar:na]
	at com.zaxxer.hikari.pool.HikariPool.<init>(HikariPool.java:115) ~[HikariCP-4.0.3.jar:na]
	at com.zaxxer.hikari.HikariDataSource.getConnection(HikariDataSource.java:112) ~[HikariCP-4.0.3.jar:na]
	at org.hibernate.engine.jdbc.connections.internal.DatasourceConnectionProviderImpl.getConnection(DatasourceConnectionProviderImpl.java:122) ~[hibernate-core-5.4.33.jar:5.4.33]
	at org.hibernate.engine.jdbc.env.internal.JdbcEnvironmentInitiator$ConnectionProviderJdbcConnectionAccess.obtainConnection(JdbcEnvironmentInitiator.java:180) ~[hibernate-core-5.4.33.jar:5.4.33]
	at org.hibernate.resource.transaction.backend.jdbc.internal.DdlTransactionIsolatorNonJtaImpl.getIsolatedConnection(DdlTransactionIsolatorNonJtaImpl.java:43) ~[hibernate-core-5.4.33.jar:5.4.33]
	at org.hibernate.tool.schema.internal.exec.ImprovedExtractionContextImpl.getJdbcConnection(ImprovedExtractionContextImpl.java:60) ~[hibernate-core-5.4.33.jar:5.4.33]
	at org.hibernate.tool.schema.extract.internal.SequenceInformationExtractorLegacyImpl.extractMetadata(SequenceInformationExtractorLegacyImpl.java:40) ~[hibernate-core-5.4.33.jar:5.4.33]
	at org.hibernate.tool.schema.extract.internal.DatabaseInformationImpl.initializeSequences(DatabaseInformationImpl.java:65) ~[hibernate-core-5.4.33.jar:5.4.33]
	at org.hibernate.tool.schema.extract.internal.DatabaseInformationImpl.<init>(DatabaseInformationImpl.java:59) ~[hibernate-core-5.4.33.jar:5.4.33]
	at org.hibernate.tool.schema.internal.Helper.buildDatabaseInformation(Helper.java:155) ~[hibernate-core-5.4.33.jar:5.4.33]
	at org.hibernate.tool.schema.internal.AbstractSchemaMigrator.doMigration(AbstractSchemaMigrator.java:96) ~[hibernate-core-5.4.33.jar:5.4.33]
	at org.hibernate.tool.schema.spi.SchemaManagementToolCoordinator.performDatabaseAction(SchemaManagementToolCoordinator.java:184) ~[hibernate-core-5.4.33.jar:5.4.33]
	at org.hibernate.tool.schema.spi.SchemaManagementToolCoordinator.process(SchemaManagementToolCoordinator.java:73) ~[hibernate-core-5.4.33.jar:5.4.33]
	at org.hibernate.internal.SessionFactoryImpl.<init>(SessionFactoryImpl.java:318) ~[hibernate-core-5.4.33.jar:5.4.33]
	at org.hibernate.boot.internal.SessionFactoryBuilderImpl.build(SessionFactoryBuilderImpl.java:468) ~[hibernate-core-5.4.33.jar:5.4.33]
	at org.hibernate.jpa.boot.internal.EntityManagerFactoryBuilderImpl.build(EntityManagerFactoryBuilderImpl.java:1259) ~[hibernate-core-5.4.33.jar:5.4.33]
	at org.springframework.orm.jpa.vendor.SpringHibernateJpaPersistenceProvider.createContainerEntityManagerFactory(SpringHibernateJpaPersistenceProvider.java:58) ~[spring-orm-5.3.15.jar:5.3.15]
	at org.springframework.orm.jpa.LocalContainerEntityManagerFactoryBean.createNativeEntityManagerFactory(LocalContainerEntityManagerFactoryBean.java:365) ~[spring-orm-5.3.15.jar:5.3.15]
	at org.springframework.orm.jpa.AbstractEntityManagerFactoryBean.buildNativeEntityManagerFactory(AbstractEntityManagerFactoryBean.java:409) ~[spring-orm-5.3.15.jar:5.3.15]
	at org.springframework.orm.jpa.AbstractEntityManagerFactoryBean.afterPropertiesSet(AbstractEntityManagerFactoryBean.java:396) ~[spring-orm-5.3.15.jar:5.3.15]
	at org.springframework.orm.jpa.LocalContainerEntityManagerFactoryBean.afterPropertiesSet(LocalContainerEntityManagerFactoryBean.java:341) ~[spring-orm-5.3.15.jar:5.3.15]
	at org.springframework.beans.factory.support.AbstractAutowireCapableBeanFactory.invokeInitMethods(AbstractAutowireCapableBeanFactory.java:1863) ~[spring-beans-5.3.15.jar:5.3.15]
	at org.springframework.beans.factory.support.AbstractAutowireCapableBeanFactory.initializeBean(AbstractAutowireCapableBeanFactory.java:1800) ~[spring-beans-5.3.15.jar:5.3.15]
	at org.springframework.beans.factory.support.AbstractAutowireCapableBeanFactory.doCreateBean(AbstractAutowireCapableBeanFactory.java:620) ~[spring-beans-5.3.15.jar:5.3.15]
	at org.springframework.beans.factory.support.AbstractAutowireCapableBeanFactory.createBean(AbstractAutowireCapableBeanFactory.java:542) ~[spring-beans-5.3.15.jar:5.3.15]
	at org.springframework.beans.factory.support.AbstractBeanFactory.lambda$doGetBean$0(AbstractBeanFactory.java:335) ~[spring-beans-5.3.15.jar:5.3.15]
	at org.springframework.beans.factory.support.DefaultSingletonBeanRegistry.getSingleton(DefaultSingletonBeanRegistry.java:234) ~[spring-beans-5.3.15.jar:5.3.15]
	at org.springframework.beans.factory.support.AbstractBeanFactory.doGetBean(AbstractBeanFactory.java:333) ~[spring-beans-5.3.15.jar:5.3.15]
	at org.springframework.beans.factory.support.AbstractBeanFactory.getBean(AbstractBeanFactory.java:208) ~[spring-beans-5.3.15.jar:5.3.15]
	at org.springframework.context.support.AbstractApplicationContext.getBean(AbstractApplicationContext.java:1154) ~[spring-context-5.3.15.jar:5.3.15]
	at org.springframework.context.support.AbstractApplicationContext.finishBeanFactoryInitialization(AbstractApplicationContext.java:908) ~[spring-context-5.3.15.jar:5.3.15]
	at org.springframework.context.support.AbstractApplicationContext.refresh(AbstractApplicationContext.java:583) ~[spring-context-5.3.15.jar:5.3.15]
	at org.springframework.boot.web.servlet.context.ServletWebServerApplicationContext.refresh(ServletWebServerApplicationContext.java:145) ~[spring-boot-2.5.9.jar:2.5.9]
	at org.springframework.boot.SpringApplication.refresh(SpringApplication.java:767) ~[spring-boot-2.5.9.jar:2.5.9]
	at org.springframework.boot.SpringApplication.refreshContext(SpringApplication.java:447) ~[spring-boot-2.5.9.jar:2.5.9]
	at org.springframework.boot.SpringApplication.run(SpringApplication.java:338) ~[spring-boot-2.5.9.jar:2.5.9]
	at org.springframework.boot.SpringApplication.run(SpringApplication.java:1356) ~[spring-boot-2.5.9.jar:2.5.9]
	at org.springframework.boot.SpringApplication.run(SpringApplication.java:1345) ~[spring-boot-2.5.9.jar:2.5.9]
	at com.example.demo.BackendFApplication.main(BackendFApplication.java:10) ~[classes/:na]

2026-05-12 17:29:54.731  WARN 22348 --- [main] o.h.engine.jdbc.spi.SqlExceptionHelper   : SQL Error: 0, SQLState: 28P01
2026-05-12 17:29:54.732 ERROR 22348 --- [main] o.h.engine.jdbc.spi.SqlExceptionHelper   : FATAL: la autentificación password falló para el usuario «postgres» (pgjdbc: autodetected server-encoding to be ISO-8859-1, if the message is not readable, please check database logs and/or host, port, dbname, user, password, pg_hba.conf)
2026-05-12 17:29:54.736 ERROR 22348 --- [main] j.LocalContainerEntityManagerFactoryBean : Failed to initialize JPA EntityManagerFactory: [PersistenceUnit: default] Unable to build Hibernate SessionFactory; nested exception is org.hibernate.exception.GenericJDBCException: Unable to open JDBC Connection for DDL execution
2026-05-12 17:29:54.736  WARN 22348 --- [main] ConfigServletWebServerApplicationContext : Exception encountered during context initialization - cancelling refresh attempt: org.springframework.beans.factory.BeanCreationException: Error creating bean with name 'entityManagerFactory' defined in class path resource [org/springframework/boot/autoconfigure/orm/jpa/HibernateJpaConfiguration.class]: Invocation of init method failed; nested exception is javax.persistence.PersistenceException: [PersistenceUnit: default] Unable to build Hibernate SessionFactory; nested exception is org.hibernate.exception.GenericJDBCException: Unable to open JDBC Connection for DDL execution
2026-05-12 17:29:54.738  INFO 22348 --- [main] o.apache.catalina.core.StandardService   : Stopping service [Tomcat]
2026-05-12 17:29:54.745  INFO 22348 --- [main] ConditionEvaluationReportLoggingListener : 

Error starting ApplicationContext. To display the conditions report re-run your application with 'debug' enabled.
2026-05-12 17:29:54.756 ERROR 22348 --- [main] o.s.boot.SpringApplication               : Application run failed

org.springframework.beans.factory.BeanCreationException: Error creating bean with name 'entityManagerFactory' defined in class path resource [org/springframework/boot/autoconfigure/orm/jpa/HibernateJpaConfiguration.class]: Invocation of init method failed; nested exception is javax.persistence.PersistenceException: [PersistenceUnit: default] Unable to build Hibernate SessionFactory; nested exception is org.hibernate.exception.GenericJDBCException: Unable to open JDBC Connection for DDL execution
	at org.springframework.beans.factory.support.AbstractAutowireCapableBeanFactory.initializeBean(AbstractAutowireCapableBeanFactory.java:1804) ~[spring-beans-5.3.15.jar:5.3.15]
	at org.springframework.beans.factory.support.AbstractAutowireCapableBeanFactory.doCreateBean(AbstractAutowireCapableBeanFactory.java:620) ~[spring-beans-5.3.15.jar:5.3.15]
	at org.springframework.beans.factory.support.AbstractAutowireCapableBeanFactory.createBean(AbstractAutowireCapableBeanFactory.java:542) ~[spring-beans-5.3.15.jar:5.3.15]
	at org.springframework.beans.factory.support.AbstractBeanFactory.lambda$doGetBean$0(AbstractBeanFactory.java:335) ~[spring-beans-5.3.15.jar:5.3.15]
	at org.springframework.beans.factory.support.DefaultSingletonBeanRegistry.getSingleton(DefaultSingletonBeanRegistry.java:234) ~[spring-beans-5.3.15.jar:5.3.15]
	at org.springframework.beans.factory.support.AbstractBeanFactory.doGetBean(AbstractBeanFactory.java:333) ~[spring-beans-5.3.15.jar:5.3.15]
	at org.springframework.beans.factory.support.AbstractBeanFactory.getBean(AbstractBeanFactory.java:208) ~[spring-beans-5.3.15.jar:5.3.15]
	at org.springframework.context.support.AbstractApplicationContext.getBean(AbstractApplicationContext.java:1154) ~[spring-context-5.3.15.jar:5.3.15]
	at org.springframework.context.support.AbstractApplicationContext.finishBeanFactoryInitialization(AbstractApplicationContext.java:908) ~[spring-context-5.3.15.jar:5.3.15]
	at org.springframework.context.support.AbstractApplicationContext.refresh(AbstractApplicationContext.java:583) ~[spring-context-5.3.15.jar:5.3.15]
	at org.springframework.boot.web.servlet.context.ServletWebServerApplicationContext.refresh(ServletWebServerApplicationContext.java:145) ~[spring-boot-2.5.9.jar:2.5.9]
	at org.springframework.boot.SpringApplication.refresh(SpringApplication.java:767) ~[spring-boot-2.5.9.jar:2.5.9]
	at org.springframework.boot.SpringApplication.refreshContext(SpringApplication.java:447) ~[spring-boot-2.5.9.jar:2.5.9]
	at org.springframework.boot.SpringApplication.run(SpringApplication.java:338) ~[spring-boot-2.5.9.jar:2.5.9]
	at org.springframework.boot.SpringApplication.run(SpringApplication.java:1356) ~[spring-boot-2.5.9.jar:2.5.9]
	at org.springframework.boot.SpringApplication.run(SpringApplication.java:1345) ~[spring-boot-2.5.9.jar:2.5.9]
	at com.example.demo.BackendFApplication.main(BackendFApplication.java:10) ~[classes/:na]
Caused by: javax.persistence.PersistenceException: [PersistenceUnit: default] Unable to build Hibernate SessionFactory; nested exception is org.hibernate.exception.GenericJDBCException: Unable to open JDBC Connection for DDL execution
	at org.springframework.orm.jpa.AbstractEntityManagerFactoryBean.buildNativeEntityManagerFactory(AbstractEntityManagerFactoryBean.java:421) ~[spring-orm-5.3.15.jar:5.3.15]
	at org.springframework.orm.jpa.AbstractEntityManagerFactoryBean.afterPropertiesSet(AbstractEntityManagerFactoryBean.java:396) ~[spring-orm-5.3.15.jar:5.3.15]
	at org.springframework.orm.jpa.LocalContainerEntityManagerFactoryBean.afterPropertiesSet(LocalContainerEntityManagerFactoryBean.java:341) ~[spring-orm-5.3.15.jar:5.3.15]
	at org.springframework.beans.factory.support.AbstractAutowireCapableBeanFactory.invokeInitMethods(AbstractAutowireCapableBeanFactory.java:1863) ~[spring-beans-5.3.15.jar:5.3.15]
	at org.springframework.beans.factory.support.AbstractAutowireCapableBeanFactory.initializeBean(AbstractAutowireCapableBeanFactory.java:1800) ~[spring-beans-5.3.15.jar:5.3.15]
	... 16 common frames omitted
Caused by: org.hibernate.exception.GenericJDBCException: Unable to open JDBC Connection for DDL execution
	at org.hibernate.exception.internal.StandardSQLExceptionConverter.convert(StandardSQLExceptionConverter.java:47) ~[hibernate-core-5.4.33.jar:5.4.33]
	at org.hibernate.engine.jdbc.spi.SqlExceptionHelper.convert(SqlExceptionHelper.java:113) ~[hibernate-core-5.4.33.jar:5.4.33]
	at org.hibernate.engine.jdbc.spi.SqlExceptionHelper.convert(SqlExceptionHelper.java:99) ~[hibernate-core-5.4.33.jar:5.4.33]
	at org.hibernate.resource.transaction.backend.jdbc.internal.DdlTransactionIsolatorNonJtaImpl.getIsolatedConnection(DdlTransactionIsolatorNonJtaImpl.java:69) ~[hibernate-core-5.4.33.jar:5.4.33]
	at org.hibernate.tool.schema.internal.exec.ImprovedExtractionContextImpl.getJdbcConnection(ImprovedExtractionContextImpl.java:60) ~[hibernate-core-5.4.33.jar:5.4.33]
	at org.hibernate.tool.schema.extract.internal.SequenceInformationExtractorLegacyImpl.extractMetadata(SequenceInformationExtractorLegacyImpl.java:40) ~[hibernate-core-5.4.33.jar:5.4.33]
	at org.hibernate.tool.schema.extract.internal.DatabaseInformationImpl.initializeSequences(DatabaseInformationImpl.java:65) ~[hibernate-core-5.4.33.jar:5.4.33]
	at org.hibernate.tool.schema.extract.internal.DatabaseInformationImpl.<init>(DatabaseInformationImpl.java:59) ~[hibernate-core-5.4.33.jar:5.4.33]
	at org.hibernate.tool.schema.internal.Helper.buildDatabaseInformation(Helper.java:155) ~[hibernate-core-5.4.33.jar:5.4.33]
	at org.hibernate.tool.schema.internal.AbstractSchemaMigrator.doMigration(AbstractSchemaMigrator.java:96) ~[hibernate-core-5.4.33.jar:5.4.33]
	at org.hibernate.tool.schema.spi.SchemaManagementToolCoordinator.performDatabaseAction(SchemaManagementToolCoordinator.java:184) ~[hibernate-core-5.4.33.jar:5.4.33]
	at org.hibernate.tool.schema.spi.SchemaManagementToolCoordinator.process(SchemaManagementToolCoordinator.java:73) ~[hibernate-core-5.4.33.jar:5.4.33]
	at org.hibernate.internal.SessionFactoryImpl.<init>(SessionFactoryImpl.java:318) ~[hibernate-core-5.4.33.jar:5.4.33]
	at org.hibernate.boot.internal.SessionFactoryBuilderImpl.build(SessionFactoryBuilderImpl.java:468) ~[hibernate-core-5.4.33.jar:5.4.33]
	at org.hibernate.jpa.boot.internal.EntityManagerFactoryBuilderImpl.build(EntityManagerFactoryBuilderImpl.java:1259) ~[hibernate-core-5.4.33.jar:5.4.33]
	at org.springframework.orm.jpa.vendor.SpringHibernateJpaPersistenceProvider.createContainerEntityManagerFactory(SpringHibernateJpaPersistenceProvider.java:58) ~[spring-orm-5.3.15.jar:5.3.15]
	at org.springframework.orm.jpa.LocalContainerEntityManagerFactoryBean.createNativeEntityManagerFactory(LocalContainerEntityManagerFactoryBean.java:365) ~[spring-orm-5.3.15.jar:5.3.15]
	at org.springframework.orm.jpa.AbstractEntityManagerFactoryBean.buildNativeEntityManagerFactory(AbstractEntityManagerFactoryBean.java:409) ~[spring-orm-5.3.15.jar:5.3.15]
	... 20 common frames omitted
Caused by: org.postgresql.util.PSQLException: FATAL: la autentificación password falló para el usuario «postgres» (pgjdbc: autodetected server-encoding to be ISO-8859-1, if the message is not readable, please check database logs and/or host, port, dbname, user, password, pg_hba.conf)
	at org.postgresql.core.v3.ConnectionFactoryImpl.doAuthentication(ConnectionFactoryImpl.java:613) ~[postgresql-42.2.24.jar:42.2.24]
	at org.postgresql.core.v3.ConnectionFactoryImpl.tryConnect(ConnectionFactoryImpl.java:161) ~[postgresql-42.2.24.jar:42.2.24]
	at org.postgresql.core.v3.ConnectionFactoryImpl.openConnectionImpl(ConnectionFactoryImpl.java:213) ~[postgresql-42.2.24.jar:42.2.24]
	at org.postgresql.core.ConnectionFactory.openConnection(ConnectionFactory.java:51) ~[postgresql-42.2.24.jar:42.2.24]
	at org.postgresql.jdbc.PgConnection.<init>(PgConnection.java:225) ~[postgresql-42.2.24.jar:42.2.24]
	at org.postgresql.Driver.makeConnection(Driver.java:465) ~[postgresql-42.2.24.jar:42.2.24]
	at org.postgresql.Driver.connect(Driver.java:264) ~[postgresql-42.2.24.jar:42.2.24]
	at com.zaxxer.hikari.util.DriverDataSource.getConnection(DriverDataSource.java:138) ~[HikariCP-4.0.3.jar:na]
	at com.zaxxer.hikari.pool.PoolBase.newConnection(PoolBase.java:364) ~[HikariCP-4.0.3.jar:na]
	at com.zaxxer.hikari.pool.PoolBase.newPoolEntry(PoolBase.java:206) ~[HikariCP-4.0.3.jar:na]
	at com.zaxxer.hikari.pool.HikariPool.createPoolEntry(HikariPool.java:476) ~[HikariCP-4.0.3.jar:na]
	at com.zaxxer.hikari.pool.HikariPool.checkFailFast(HikariPool.java:561) ~[HikariCP-4.0.3.jar:na]
	at com.zaxxer.hikari.pool.HikariPool.<init>(HikariPool.java:115) ~[HikariCP-4.0.3.jar:na]
	at com.zaxxer.hikari.HikariDataSource.getConnection(HikariDataSource.java:112) ~[HikariCP-4.0.3.jar:na]
	at org.hibernate.engine.jdbc.connections.internal.DatasourceConnectionProviderImpl.getConnection(DatasourceConnectionProviderImpl.java:122) ~[hibernate-core-5.4.33.jar:5.4.33]
	at org.hibernate.engine.jdbc.env.internal.JdbcEnvironmentInitiator$ConnectionProviderJdbcConnectionAccess.obtainConnection(JdbcEnvironmentInitiator.java:180) ~[hibernate-core-5.4.33.jar:5.4.33]
	at org.hibernate.resource.transaction.backend.jdbc.internal.DdlTransactionIsolatorNonJtaImpl.getIsolatedConnection(DdlTransactionIsolatorNonJtaImpl.java:43) ~[hibernate-core-5.4.33.jar:5.4.33]
	... 34 common frames omitted

2026-05-12 18:11:29.873  INFO 12256 --- [main] com.example.demo.BackendFApplication     : Starting BackendFApplication using Java 17.0.12 on MYN4M31SK41N with PID 12256 (C:\Users\pedro\OneDrive\Escritorio\Test2\ICIFG003-EQ02\backend-f\target\classes started by pedro in C:\Users\pedro\OneDrive\Escritorio\Test2\ICIFG003-EQ02\backend-f)
2026-05-12 18:11:29.876  INFO 12256 --- [main] com.example.demo.BackendFApplication     : No active profile set, falling back to default profiles: default
2026-05-12 18:11:30.295  INFO 12256 --- [main] .s.d.r.c.RepositoryConfigurationDelegate : Bootstrapping Spring Data JPA repositories in DEFAULT mode.
2026-05-12 18:11:30.339  INFO 12256 --- [main] .s.d.r.c.RepositoryConfigurationDelegate : Finished Spring Data repository scanning in 37 ms. Found 2 JPA repository interfaces.
2026-05-12 18:11:30.765  INFO 12256 --- [main] o.s.b.w.embedded.tomcat.TomcatWebServer  : Tomcat initialized with port(s): 8882 (http)
2026-05-12 18:11:30.775  INFO 12256 --- [main] o.apache.catalina.core.StandardService   : Starting service [Tomcat]
2026-05-12 18:11:30.775  INFO 12256 --- [main] org.apache.catalina.core.StandardEngine  : Starting Servlet engine: [Apache Tomcat/9.0.56]
2026-05-12 18:11:30.839  INFO 12256 --- [main] o.a.c.c.C.[Tomcat].[localhost].[/]       : Initializing Spring embedded WebApplicationContext
2026-05-12 18:11:30.839  INFO 12256 --- [main] w.s.c.ServletWebServerApplicationContext : Root WebApplicationContext: initialization completed in 926 ms
2026-05-12 18:11:30.967  INFO 12256 --- [main] o.hibernate.jpa.internal.util.LogHelper  : HHH000204: Processing PersistenceUnitInfo [name: default]
2026-05-12 18:11:31.007  INFO 12256 --- [main] org.hibernate.Version                    : HHH000412: Hibernate ORM core version 5.4.33
2026-05-12 18:11:31.110  INFO 12256 --- [main] o.hibernate.annotations.common.Version   : HCANN000001: Hibernate Commons Annotations {5.1.2.Final}
2026-05-12 18:11:31.191  INFO 12256 --- [main] com.zaxxer.hikari.HikariDataSource       : HikariPool-1 - Starting...
2026-05-12 18:11:32.340 ERROR 12256 --- [main] com.zaxxer.hikari.pool.HikariPool        : HikariPool-1 - Exception during pool initialization.

org.postgresql.util.PSQLException: FATAL: no existe la base de datos «familias» (pgjdbc: autodetected server-encoding to be ISO-8859-1, if the message is not readable, please check database logs and/or host, port, dbname, user, password, pg_hba.conf)
	at org.postgresql.core.v3.QueryExecutorImpl.receiveErrorResponse(QueryExecutorImpl.java:2565) ~[postgresql-42.2.24.jar:42.2.24]
	at org.postgresql.core.v3.QueryExecutorImpl.readStartupMessages(QueryExecutorImpl.java:2677) ~[postgresql-42.2.24.jar:42.2.24]
	at org.postgresql.core.v3.QueryExecutorImpl.<init>(QueryExecutorImpl.java:147) ~[postgresql-42.2.24.jar:42.2.24]
	at org.postgresql.core.v3.ConnectionFactoryImpl.openConnectionImpl(ConnectionFactoryImpl.java:273) ~[postgresql-42.2.24.jar:42.2.24]
	at org.postgresql.core.ConnectionFactory.openConnection(ConnectionFactory.java:51) ~[postgresql-42.2.24.jar:42.2.24]
	at org.postgresql.jdbc.PgConnection.<init>(PgConnection.java:225) ~[postgresql-42.2.24.jar:42.2.24]
	at org.postgresql.Driver.makeConnection(Driver.java:465) ~[postgresql-42.2.24.jar:42.2.24]
	at org.postgresql.Driver.connect(Driver.java:264) ~[postgresql-42.2.24.jar:42.2.24]
	at com.zaxxer.hikari.util.DriverDataSource.getConnection(DriverDataSource.java:138) ~[HikariCP-4.0.3.jar:na]
	at com.zaxxer.hikari.pool.PoolBase.newConnection(PoolBase.java:364) ~[HikariCP-4.0.3.jar:na]
	at com.zaxxer.hikari.pool.PoolBase.newPoolEntry(PoolBase.java:206) ~[HikariCP-4.0.3.jar:na]
	at com.zaxxer.hikari.pool.HikariPool.createPoolEntry(HikariPool.java:476) ~[HikariCP-4.0.3.jar:na]
	at com.zaxxer.hikari.pool.HikariPool.checkFailFast(HikariPool.java:561) ~[HikariCP-4.0.3.jar:na]
	at com.zaxxer.hikari.pool.HikariPool.<init>(HikariPool.java:115) ~[HikariCP-4.0.3.jar:na]
	at com.zaxxer.hikari.HikariDataSource.getConnection(HikariDataSource.java:112) ~[HikariCP-4.0.3.jar:na]
	at org.hibernate.engine.jdbc.connections.internal.DatasourceConnectionProviderImpl.getConnection(DatasourceConnectionProviderImpl.java:122) ~[hibernate-core-5.4.33.jar:5.4.33]
	at org.hibernate.engine.jdbc.env.internal.JdbcEnvironmentInitiator$ConnectionProviderJdbcConnectionAccess.obtainConnection(JdbcEnvironmentInitiator.java:180) ~[hibernate-core-5.4.33.jar:5.4.33]
	at org.hibernate.engine.jdbc.env.internal.JdbcEnvironmentInitiator.initiateService(JdbcEnvironmentInitiator.java:68) ~[hibernate-core-5.4.33.jar:5.4.33]
	at org.hibernate.engine.jdbc.env.internal.JdbcEnvironmentInitiator.initiateService(JdbcEnvironmentInitiator.java:35) ~[hibernate-core-5.4.33.jar:5.4.33]
	at org.hibernate.boot.registry.internal.StandardServiceRegistryImpl.initiateService(StandardServiceRegistryImpl.java:101) ~[hibernate-core-5.4.33.jar:5.4.33]
	at org.hibernate.service.internal.AbstractServiceRegistryImpl.createService(AbstractServiceRegistryImpl.java:263) ~[hibernate-core-5.4.33.jar:5.4.33]
	at org.hibernate.service.internal.AbstractServiceRegistryImpl.initializeService(AbstractServiceRegistryImpl.java:237) ~[hibernate-core-5.4.33.jar:5.4.33]
	at org.hibernate.service.internal.AbstractServiceRegistryImpl.getService(AbstractServiceRegistryImpl.java:214) ~[hibernate-core-5.4.33.jar:5.4.33]
	at org.hibernate.id.factory.internal.DefaultIdentifierGeneratorFactory.injectServices(DefaultIdentifierGeneratorFactory.java:152) ~[hibernate-core-5.4.33.jar:5.4.33]
	at org.hibernate.service.internal.AbstractServiceRegistryImpl.injectDependencies(AbstractServiceRegistryImpl.java:286) ~[hibernate-core-5.4.33.jar:5.4.33]
	at org.hibernate.service.internal.AbstractServiceRegistryImpl.initializeService(AbstractServiceRegistryImpl.java:243) ~[hibernate-core-5.4.33.jar:5.4.33]
	at org.hibernate.service.internal.AbstractServiceRegistryImpl.getService(AbstractServiceRegistryImpl.java:214) ~[hibernate-core-5.4.33.jar:5.4.33]
	at org.hibernate.boot.internal.InFlightMetadataCollectorImpl.<init>(InFlightMetadataCollectorImpl.java:176) ~[hibernate-core-5.4.33.jar:5.4.33]
	at org.hibernate.boot.model.process.spi.MetadataBuildingProcess.complete(MetadataBuildingProcess.java:127) ~[hibernate-core-5.4.33.jar:5.4.33]
	at org.hibernate.jpa.boot.internal.EntityManagerFactoryBuilderImpl.metadata(EntityManagerFactoryBuilderImpl.java:1224) ~[hibernate-core-5.4.33.jar:5.4.33]
	at org.hibernate.jpa.boot.internal.EntityManagerFactoryBuilderImpl.build(EntityManagerFactoryBuilderImpl.java:1255) ~[hibernate-core-5.4.33.jar:5.4.33]
	at org.springframework.orm.jpa.vendor.SpringHibernateJpaPersistenceProvider.createContainerEntityManagerFactory(SpringHibernateJpaPersistenceProvider.java:58) ~[spring-orm-5.3.15.jar:5.3.15]
	at org.springframework.orm.jpa.LocalContainerEntityManagerFactoryBean.createNativeEntityManagerFactory(LocalContainerEntityManagerFactoryBean.java:365) ~[spring-orm-5.3.15.jar:5.3.15]
	at org.springframework.orm.jpa.AbstractEntityManagerFactoryBean.buildNativeEntityManagerFactory(AbstractEntityManagerFactoryBean.java:409) ~[spring-orm-5.3.15.jar:5.3.15]
	at org.springframework.orm.jpa.AbstractEntityManagerFactoryBean.afterPropertiesSet(AbstractEntityManagerFactoryBean.java:396) ~[spring-orm-5.3.15.jar:5.3.15]
	at org.springframework.orm.jpa.LocalContainerEntityManagerFactoryBean.afterPropertiesSet(LocalContainerEntityManagerFactoryBean.java:341) ~[spring-orm-5.3.15.jar:5.3.15]
	at org.springframework.beans.factory.support.AbstractAutowireCapableBeanFactory.invokeInitMethods(AbstractAutowireCapableBeanFactory.java:1863) ~[spring-beans-5.3.15.jar:5.3.15]
	at org.springframework.beans.factory.support.AbstractAutowireCapableBeanFactory.initializeBean(AbstractAutowireCapableBeanFactory.java:1800) ~[spring-beans-5.3.15.jar:5.3.15]
	at org.springframework.beans.factory.support.AbstractAutowireCapableBeanFactory.doCreateBean(AbstractAutowireCapableBeanFactory.java:620) ~[spring-beans-5.3.15.jar:5.3.15]
	at org.springframework.beans.factory.support.AbstractAutowireCapableBeanFactory.createBean(AbstractAutowireCapableBeanFactory.java:542) ~[spring-beans-5.3.15.jar:5.3.15]
	at org.springframework.beans.factory.support.AbstractBeanFactory.lambda$doGetBean$0(AbstractBeanFactory.java:335) ~[spring-beans-5.3.15.jar:5.3.15]
	at org.springframework.beans.factory.support.DefaultSingletonBeanRegistry.getSingleton(DefaultSingletonBeanRegistry.java:234) ~[spring-beans-5.3.15.jar:5.3.15]
	at org.springframework.beans.factory.support.AbstractBeanFactory.doGetBean(AbstractBeanFactory.java:333) ~[spring-beans-5.3.15.jar:5.3.15]
	at org.springframework.beans.factory.support.AbstractBeanFactory.getBean(AbstractBeanFactory.java:208) ~[spring-beans-5.3.15.jar:5.3.15]
	at org.springframework.context.support.AbstractApplicationContext.getBean(AbstractApplicationContext.java:1154) ~[spring-context-5.3.15.jar:5.3.15]
	at org.springframework.context.support.AbstractApplicationContext.finishBeanFactoryInitialization(AbstractApplicationContext.java:908) ~[spring-context-5.3.15.jar:5.3.15]
	at org.springframework.context.support.AbstractApplicationContext.refresh(AbstractApplicationContext.java:583) ~[spring-context-5.3.15.jar:5.3.15]
	at org.springframework.boot.web.servlet.context.ServletWebServerApplicationContext.refresh(ServletWebServerApplicationContext.java:145) ~[spring-boot-2.5.9.jar:2.5.9]
	at org.springframework.boot.SpringApplication.refresh(SpringApplication.java:767) ~[spring-boot-2.5.9.jar:2.5.9]
	at org.springframework.boot.SpringApplication.refreshContext(SpringApplication.java:447) ~[spring-boot-2.5.9.jar:2.5.9]
	at org.springframework.boot.SpringApplication.run(SpringApplication.java:338) ~[spring-boot-2.5.9.jar:2.5.9]
	at org.springframework.boot.SpringApplication.run(SpringApplication.java:1356) ~[spring-boot-2.5.9.jar:2.5.9]
	at org.springframework.boot.SpringApplication.run(SpringApplication.java:1345) ~[spring-boot-2.5.9.jar:2.5.9]
	at com.example.demo.BackendFApplication.main(BackendFApplication.java:10) ~[classes/:na]

2026-05-12 18:11:32.343  WARN 12256 --- [main] o.h.e.j.e.i.JdbcEnvironmentInitiator     : HHH000342: Could not obtain connection to query metadata

org.postgresql.util.PSQLException: FATAL: no existe la base de datos «familias» (pgjdbc: autodetected server-encoding to be ISO-8859-1, if the message is not readable, please check database logs and/or host, port, dbname, user, password, pg_hba.conf)
	at org.postgresql.core.v3.QueryExecutorImpl.receiveErrorResponse(QueryExecutorImpl.java:2565) ~[postgresql-42.2.24.jar:42.2.24]
	at org.postgresql.core.v3.QueryExecutorImpl.readStartupMessages(QueryExecutorImpl.java:2677) ~[postgresql-42.2.24.jar:42.2.24]
	at org.postgresql.core.v3.QueryExecutorImpl.<init>(QueryExecutorImpl.java:147) ~[postgresql-42.2.24.jar:42.2.24]
	at org.postgresql.core.v3.ConnectionFactoryImpl.openConnectionImpl(ConnectionFactoryImpl.java:273) ~[postgresql-42.2.24.jar:42.2.24]
	at org.postgresql.core.ConnectionFactory.openConnection(ConnectionFactory.java:51) ~[postgresql-42.2.24.jar:42.2.24]
	at org.postgresql.jdbc.PgConnection.<init>(PgConnection.java:225) ~[postgresql-42.2.24.jar:42.2.24]
	at org.postgresql.Driver.makeConnection(Driver.java:465) ~[postgresql-42.2.24.jar:42.2.24]
	at org.postgresql.Driver.connect(Driver.java:264) ~[postgresql-42.2.24.jar:42.2.24]
	at com.zaxxer.hikari.util.DriverDataSource.getConnection(DriverDataSource.java:138) ~[HikariCP-4.0.3.jar:na]
	at com.zaxxer.hikari.pool.PoolBase.newConnection(PoolBase.java:364) ~[HikariCP-4.0.3.jar:na]
	at com.zaxxer.hikari.pool.PoolBase.newPoolEntry(PoolBase.java:206) ~[HikariCP-4.0.3.jar:na]
	at com.zaxxer.hikari.pool.HikariPool.createPoolEntry(HikariPool.java:476) ~[HikariCP-4.0.3.jar:na]
	at com.zaxxer.hikari.pool.HikariPool.checkFailFast(HikariPool.java:561) ~[HikariCP-4.0.3.jar:na]
	at com.zaxxer.hikari.pool.HikariPool.<init>(HikariPool.java:115) ~[HikariCP-4.0.3.jar:na]
	at com.zaxxer.hikari.HikariDataSource.getConnection(HikariDataSource.java:112) ~[HikariCP-4.0.3.jar:na]
	at org.hibernate.engine.jdbc.connections.internal.DatasourceConnectionProviderImpl.getConnection(DatasourceConnectionProviderImpl.java:122) ~[hibernate-core-5.4.33.jar:5.4.33]
	at org.hibernate.engine.jdbc.env.internal.JdbcEnvironmentInitiator$ConnectionProviderJdbcConnectionAccess.obtainConnection(JdbcEnvironmentInitiator.java:180) ~[hibernate-core-5.4.33.jar:5.4.33]
	at org.hibernate.engine.jdbc.env.internal.JdbcEnvironmentInitiator.initiateService(JdbcEnvironmentInitiator.java:68) ~[hibernate-core-5.4.33.jar:5.4.33]
	at org.hibernate.engine.jdbc.env.internal.JdbcEnvironmentInitiator.initiateService(JdbcEnvironmentInitiator.java:35) ~[hibernate-core-5.4.33.jar:5.4.33]
	at org.hibernate.boot.registry.internal.StandardServiceRegistryImpl.initiateService(StandardServiceRegistryImpl.java:101) ~[hibernate-core-5.4.33.jar:5.4.33]
	at org.hibernate.service.internal.AbstractServiceRegistryImpl.createService(AbstractServiceRegistryImpl.java:263) ~[hibernate-core-5.4.33.jar:5.4.33]
	at org.hibernate.service.internal.AbstractServiceRegistryImpl.initializeService(AbstractServiceRegistryImpl.java:237) ~[hibernate-core-5.4.33.jar:5.4.33]
	at org.hibernate.service.internal.AbstractServiceRegistryImpl.getService(AbstractServiceRegistryImpl.java:214) ~[hibernate-core-5.4.33.jar:5.4.33]
	at org.hibernate.id.factory.internal.DefaultIdentifierGeneratorFactory.injectServices(DefaultIdentifierGeneratorFactory.java:152) ~[hibernate-core-5.4.33.jar:5.4.33]
	at org.hibernate.service.internal.AbstractServiceRegistryImpl.injectDependencies(AbstractServiceRegistryImpl.java:286) ~[hibernate-core-5.4.33.jar:5.4.33]
	at org.hibernate.service.internal.AbstractServiceRegistryImpl.initializeService(AbstractServiceRegistryImpl.java:243) ~[hibernate-core-5.4.33.jar:5.4.33]
	at org.hibernate.service.internal.AbstractServiceRegistryImpl.getService(AbstractServiceRegistryImpl.java:214) ~[hibernate-core-5.4.33.jar:5.4.33]
	at org.hibernate.boot.internal.InFlightMetadataCollectorImpl.<init>(InFlightMetadataCollectorImpl.java:176) ~[hibernate-core-5.4.33.jar:5.4.33]
	at org.hibernate.boot.model.process.spi.MetadataBuildingProcess.complete(MetadataBuildingProcess.java:127) ~[hibernate-core-5.4.33.jar:5.4.33]
	at org.hibernate.jpa.boot.internal.EntityManagerFactoryBuilderImpl.metadata(EntityManagerFactoryBuilderImpl.java:1224) ~[hibernate-core-5.4.33.jar:5.4.33]
	at org.hibernate.jpa.boot.internal.EntityManagerFactoryBuilderImpl.build(EntityManagerFactoryBuilderImpl.java:1255) ~[hibernate-core-5.4.33.jar:5.4.33]
	at org.springframework.orm.jpa.vendor.SpringHibernateJpaPersistenceProvider.createContainerEntityManagerFactory(SpringHibernateJpaPersistenceProvider.java:58) ~[spring-orm-5.3.15.jar:5.3.15]
	at org.springframework.orm.jpa.LocalContainerEntityManagerFactoryBean.createNativeEntityManagerFactory(LocalContainerEntityManagerFactoryBean.java:365) ~[spring-orm-5.3.15.jar:5.3.15]
	at org.springframework.orm.jpa.AbstractEntityManagerFactoryBean.buildNativeEntityManagerFactory(AbstractEntityManagerFactoryBean.java:409) ~[spring-orm-5.3.15.jar:5.3.15]
	at org.springframework.orm.jpa.AbstractEntityManagerFactoryBean.afterPropertiesSet(AbstractEntityManagerFactoryBean.java:396) ~[spring-orm-5.3.15.jar:5.3.15]
	at org.springframework.orm.jpa.LocalContainerEntityManagerFactoryBean.afterPropertiesSet(LocalContainerEntityManagerFactoryBean.java:341) ~[spring-orm-5.3.15.jar:5.3.15]
	at org.springframework.beans.factory.support.AbstractAutowireCapableBeanFactory.invokeInitMethods(AbstractAutowireCapableBeanFactory.java:1863) ~[spring-beans-5.3.15.jar:5.3.15]
	at org.springframework.beans.factory.support.AbstractAutowireCapableBeanFactory.initializeBean(AbstractAutowireCapableBeanFactory.java:1800) ~[spring-beans-5.3.15.jar:5.3.15]
	at org.springframework.beans.factory.support.AbstractAutowireCapableBeanFactory.doCreateBean(AbstractAutowireCapableBeanFactory.java:620) ~[spring-beans-5.3.15.jar:5.3.15]
	at org.springframework.beans.factory.support.AbstractAutowireCapableBeanFactory.createBean(AbstractAutowireCapableBeanFactory.java:542) ~[spring-beans-5.3.15.jar:5.3.15]
	at org.springframework.beans.factory.support.AbstractBeanFactory.lambda$doGetBean$0(AbstractBeanFactory.java:335) ~[spring-beans-5.3.15.jar:5.3.15]
	at org.springframework.beans.factory.support.DefaultSingletonBeanRegistry.getSingleton(DefaultSingletonBeanRegistry.java:234) ~[spring-beans-5.3.15.jar:5.3.15]
	at org.springframework.beans.factory.support.AbstractBeanFactory.doGetBean(AbstractBeanFactory.java:333) ~[spring-beans-5.3.15.jar:5.3.15]
	at org.springframework.beans.factory.support.AbstractBeanFactory.getBean(AbstractBeanFactory.java:208) ~[spring-beans-5.3.15.jar:5.3.15]
	at org.springframework.context.support.AbstractApplicationContext.getBean(AbstractApplicationContext.java:1154) ~[spring-context-5.3.15.jar:5.3.15]
	at org.springframework.context.support.AbstractApplicationContext.finishBeanFactoryInitialization(AbstractApplicationContext.java:908) ~[spring-context-5.3.15.jar:5.3.15]
	at org.springframework.context.support.AbstractApplicationContext.refresh(AbstractApplicationContext.java:583) ~[spring-context-5.3.15.jar:5.3.15]
	at org.springframework.boot.web.servlet.context.ServletWebServerApplicationContext.refresh(ServletWebServerApplicationContext.java:145) ~[spring-boot-2.5.9.jar:2.5.9]
	at org.springframework.boot.SpringApplication.refresh(SpringApplication.java:767) ~[spring-boot-2.5.9.jar:2.5.9]
	at org.springframework.boot.SpringApplication.refreshContext(SpringApplication.java:447) ~[spring-boot-2.5.9.jar:2.5.9]
	at org.springframework.boot.SpringApplication.run(SpringApplication.java:338) ~[spring-boot-2.5.9.jar:2.5.9]
	at org.springframework.boot.SpringApplication.run(SpringApplication.java:1356) ~[spring-boot-2.5.9.jar:2.5.9]
	at org.springframework.boot.SpringApplication.run(SpringApplication.java:1345) ~[spring-boot-2.5.9.jar:2.5.9]
	at com.example.demo.BackendFApplication.main(BackendFApplication.java:10) ~[classes/:na]

2026-05-12 18:11:32.354  INFO 12256 --- [main] org.hibernate.dialect.Dialect            : HHH000400: Using dialect: org.hibernate.dialect.PostgreSQLDialect
2026-05-12 18:11:32.754  INFO 12256 --- [main] com.zaxxer.hikari.HikariDataSource       : HikariPool-1 - Starting...
2026-05-12 18:11:33.797 ERROR 12256 --- [main] com.zaxxer.hikari.pool.HikariPool        : HikariPool-1 - Exception during pool initialization.

org.postgresql.util.PSQLException: FATAL: no existe la base de datos «familias» (pgjdbc: autodetected server-encoding to be ISO-8859-1, if the message is not readable, please check database logs and/or host, port, dbname, user, password, pg_hba.conf)
	at org.postgresql.core.v3.QueryExecutorImpl.receiveErrorResponse(QueryExecutorImpl.java:2565) ~[postgresql-42.2.24.jar:42.2.24]
	at org.postgresql.core.v3.QueryExecutorImpl.readStartupMessages(QueryExecutorImpl.java:2677) ~[postgresql-42.2.24.jar:42.2.24]
	at org.postgresql.core.v3.QueryExecutorImpl.<init>(QueryExecutorImpl.java:147) ~[postgresql-42.2.24.jar:42.2.24]
	at org.postgresql.core.v3.ConnectionFactoryImpl.openConnectionImpl(ConnectionFactoryImpl.java:273) ~[postgresql-42.2.24.jar:42.2.24]
	at org.postgresql.core.ConnectionFactory.openConnection(ConnectionFactory.java:51) ~[postgresql-42.2.24.jar:42.2.24]
	at org.postgresql.jdbc.PgConnection.<init>(PgConnection.java:225) ~[postgresql-42.2.24.jar:42.2.24]
	at org.postgresql.Driver.makeConnection(Driver.java:465) ~[postgresql-42.2.24.jar:42.2.24]
	at org.postgresql.Driver.connect(Driver.java:264) ~[postgresql-42.2.24.jar:42.2.24]
	at com.zaxxer.hikari.util.DriverDataSource.getConnection(DriverDataSource.java:138) ~[HikariCP-4.0.3.jar:na]
	at com.zaxxer.hikari.pool.PoolBase.newConnection(PoolBase.java:364) ~[HikariCP-4.0.3.jar:na]
	at com.zaxxer.hikari.pool.PoolBase.newPoolEntry(PoolBase.java:206) ~[HikariCP-4.0.3.jar:na]
	at com.zaxxer.hikari.pool.HikariPool.createPoolEntry(HikariPool.java:476) ~[HikariCP-4.0.3.jar:na]
	at com.zaxxer.hikari.pool.HikariPool.checkFailFast(HikariPool.java:561) ~[HikariCP-4.0.3.jar:na]
	at com.zaxxer.hikari.pool.HikariPool.<init>(HikariPool.java:115) ~[HikariCP-4.0.3.jar:na]
	at com.zaxxer.hikari.HikariDataSource.getConnection(HikariDataSource.java:112) ~[HikariCP-4.0.3.jar:na]
	at org.hibernate.engine.jdbc.connections.internal.DatasourceConnectionProviderImpl.getConnection(DatasourceConnectionProviderImpl.java:122) ~[hibernate-core-5.4.33.jar:5.4.33]
	at org.hibernate.engine.jdbc.env.internal.JdbcEnvironmentInitiator$ConnectionProviderJdbcConnectionAccess.obtainConnection(JdbcEnvironmentInitiator.java:180) ~[hibernate-core-5.4.33.jar:5.4.33]
	at org.hibernate.resource.transaction.backend.jdbc.internal.DdlTransactionIsolatorNonJtaImpl.getIsolatedConnection(DdlTransactionIsolatorNonJtaImpl.java:43) ~[hibernate-core-5.4.33.jar:5.4.33]
	at org.hibernate.tool.schema.internal.exec.ImprovedExtractionContextImpl.getJdbcConnection(ImprovedExtractionContextImpl.java:60) ~[hibernate-core-5.4.33.jar:5.4.33]
	at org.hibernate.tool.schema.extract.internal.SequenceInformationExtractorLegacyImpl.extractMetadata(SequenceInformationExtractorLegacyImpl.java:40) ~[hibernate-core-5.4.33.jar:5.4.33]
	at org.hibernate.tool.schema.extract.internal.DatabaseInformationImpl.initializeSequences(DatabaseInformationImpl.java:65) ~[hibernate-core-5.4.33.jar:5.4.33]
	at org.hibernate.tool.schema.extract.internal.DatabaseInformationImpl.<init>(DatabaseInformationImpl.java:59) ~[hibernate-core-5.4.33.jar:5.4.33]
	at org.hibernate.tool.schema.internal.Helper.buildDatabaseInformation(Helper.java:155) ~[hibernate-core-5.4.33.jar:5.4.33]
	at org.hibernate.tool.schema.internal.AbstractSchemaMigrator.doMigration(AbstractSchemaMigrator.java:96) ~[hibernate-core-5.4.33.jar:5.4.33]
	at org.hibernate.tool.schema.spi.SchemaManagementToolCoordinator.performDatabaseAction(SchemaManagementToolCoordinator.java:184) ~[hibernate-core-5.4.33.jar:5.4.33]
	at org.hibernate.tool.schema.spi.SchemaManagementToolCoordinator.process(SchemaManagementToolCoordinator.java:73) ~[hibernate-core-5.4.33.jar:5.4.33]
	at org.hibernate.internal.SessionFactoryImpl.<init>(SessionFactoryImpl.java:318) ~[hibernate-core-5.4.33.jar:5.4.33]
	at org.hibernate.boot.internal.SessionFactoryBuilderImpl.build(SessionFactoryBuilderImpl.java:468) ~[hibernate-core-5.4.33.jar:5.4.33]
	at org.hibernate.jpa.boot.internal.EntityManagerFactoryBuilderImpl.build(EntityManagerFactoryBuilderImpl.java:1259) ~[hibernate-core-5.4.33.jar:5.4.33]
	at org.springframework.orm.jpa.vendor.SpringHibernateJpaPersistenceProvider.createContainerEntityManagerFactory(SpringHibernateJpaPersistenceProvider.java:58) ~[spring-orm-5.3.15.jar:5.3.15]
	at org.springframework.orm.jpa.LocalContainerEntityManagerFactoryBean.createNativeEntityManagerFactory(LocalContainerEntityManagerFactoryBean.java:365) ~[spring-orm-5.3.15.jar:5.3.15]
	at org.springframework.orm.jpa.AbstractEntityManagerFactoryBean.buildNativeEntityManagerFactory(AbstractEntityManagerFactoryBean.java:409) ~[spring-orm-5.3.15.jar:5.3.15]
	at org.springframework.orm.jpa.AbstractEntityManagerFactoryBean.afterPropertiesSet(AbstractEntityManagerFactoryBean.java:396) ~[spring-orm-5.3.15.jar:5.3.15]
	at org.springframework.orm.jpa.LocalContainerEntityManagerFactoryBean.afterPropertiesSet(LocalContainerEntityManagerFactoryBean.java:341) ~[spring-orm-5.3.15.jar:5.3.15]
	at org.springframework.beans.factory.support.AbstractAutowireCapableBeanFactory.invokeInitMethods(AbstractAutowireCapableBeanFactory.java:1863) ~[spring-beans-5.3.15.jar:5.3.15]
	at org.springframework.beans.factory.support.AbstractAutowireCapableBeanFactory.initializeBean(AbstractAutowireCapableBeanFactory.java:1800) ~[spring-beans-5.3.15.jar:5.3.15]
	at org.springframework.beans.factory.support.AbstractAutowireCapableBeanFactory.doCreateBean(AbstractAutowireCapableBeanFactory.java:620) ~[spring-beans-5.3.15.jar:5.3.15]
	at org.springframework.beans.factory.support.AbstractAutowireCapableBeanFactory.createBean(AbstractAutowireCapableBeanFactory.java:542) ~[spring-beans-5.3.15.jar:5.3.15]
	at org.springframework.beans.factory.support.AbstractBeanFactory.lambda$doGetBean$0(AbstractBeanFactory.java:335) ~[spring-beans-5.3.15.jar:5.3.15]
	at org.springframework.beans.factory.support.DefaultSingletonBeanRegistry.getSingleton(DefaultSingletonBeanRegistry.java:234) ~[spring-beans-5.3.15.jar:5.3.15]
	at org.springframework.beans.factory.support.AbstractBeanFactory.doGetBean(AbstractBeanFactory.java:333) ~[spring-beans-5.3.15.jar:5.3.15]
	at org.springframework.beans.factory.support.AbstractBeanFactory.getBean(AbstractBeanFactory.java:208) ~[spring-beans-5.3.15.jar:5.3.15]
	at org.springframework.context.support.AbstractApplicationContext.getBean(AbstractApplicationContext.java:1154) ~[spring-context-5.3.15.jar:5.3.15]
	at org.springframework.context.support.AbstractApplicationContext.finishBeanFactoryInitialization(AbstractApplicationContext.java:908) ~[spring-context-5.3.15.jar:5.3.15]
	at org.springframework.context.support.AbstractApplicationContext.refresh(AbstractApplicationContext.java:583) ~[spring-context-5.3.15.jar:5.3.15]
	at org.springframework.boot.web.servlet.context.ServletWebServerApplicationContext.refresh(ServletWebServerApplicationContext.java:145) ~[spring-boot-2.5.9.jar:2.5.9]
	at org.springframework.boot.SpringApplication.refresh(SpringApplication.java:767) ~[spring-boot-2.5.9.jar:2.5.9]
	at org.springframework.boot.SpringApplication.refreshContext(SpringApplication.java:447) ~[spring-boot-2.5.9.jar:2.5.9]
	at org.springframework.boot.SpringApplication.run(SpringApplication.java:338) ~[spring-boot-2.5.9.jar:2.5.9]
	at org.springframework.boot.SpringApplication.run(SpringApplication.java:1356) ~[spring-boot-2.5.9.jar:2.5.9]
	at org.springframework.boot.SpringApplication.run(SpringApplication.java:1345) ~[spring-boot-2.5.9.jar:2.5.9]
	at com.example.demo.BackendFApplication.main(BackendFApplication.java:10) ~[classes/:na]

2026-05-12 18:11:33.799  WARN 12256 --- [main] o.h.engine.jdbc.spi.SqlExceptionHelper   : SQL Error: 0, SQLState: 3D000
2026-05-12 18:11:33.799 ERROR 12256 --- [main] o.h.engine.jdbc.spi.SqlExceptionHelper   : FATAL: no existe la base de datos «familias» (pgjdbc: autodetected server-encoding to be ISO-8859-1, if the message is not readable, please check database logs and/or host, port, dbname, user, password, pg_hba.conf)
2026-05-12 18:11:33.804 ERROR 12256 --- [main] j.LocalContainerEntityManagerFactoryBean : Failed to initialize JPA EntityManagerFactory: [PersistenceUnit: default] Unable to build Hibernate SessionFactory; nested exception is org.hibernate.exception.GenericJDBCException: Unable to open JDBC Connection for DDL execution
2026-05-12 18:11:33.804  WARN 12256 --- [main] ConfigServletWebServerApplicationContext : Exception encountered during context initialization - cancelling refresh attempt: org.springframework.beans.factory.BeanCreationException: Error creating bean with name 'entityManagerFactory' defined in class path resource [org/springframework/boot/autoconfigure/orm/jpa/HibernateJpaConfiguration.class]: Invocation of init method failed; nested exception is javax.persistence.PersistenceException: [PersistenceUnit: default] Unable to build Hibernate SessionFactory; nested exception is org.hibernate.exception.GenericJDBCException: Unable to open JDBC Connection for DDL execution
2026-05-12 18:11:33.805  INFO 12256 --- [main] o.apache.catalina.core.StandardService   : Stopping service [Tomcat]
2026-05-12 18:11:33.812  INFO 12256 --- [main] ConditionEvaluationReportLoggingListener : 

Error starting ApplicationContext. To display the conditions report re-run your application with 'debug' enabled.
2026-05-12 18:11:33.824 ERROR 12256 --- [main] o.s.boot.SpringApplication               : Application run failed

org.springframework.beans.factory.BeanCreationException: Error creating bean with name 'entityManagerFactory' defined in class path resource [org/springframework/boot/autoconfigure/orm/jpa/HibernateJpaConfiguration.class]: Invocation of init method failed; nested exception is javax.persistence.PersistenceException: [PersistenceUnit: default] Unable to build Hibernate SessionFactory; nested exception is org.hibernate.exception.GenericJDBCException: Unable to open JDBC Connection for DDL execution
	at org.springframework.beans.factory.support.AbstractAutowireCapableBeanFactory.initializeBean(AbstractAutowireCapableBeanFactory.java:1804) ~[spring-beans-5.3.15.jar:5.3.15]
	at org.springframework.beans.factory.support.AbstractAutowireCapableBeanFactory.doCreateBean(AbstractAutowireCapableBeanFactory.java:620) ~[spring-beans-5.3.15.jar:5.3.15]
	at org.springframework.beans.factory.support.AbstractAutowireCapableBeanFactory.createBean(AbstractAutowireCapableBeanFactory.java:542) ~[spring-beans-5.3.15.jar:5.3.15]
	at org.springframework.beans.factory.support.AbstractBeanFactory.lambda$doGetBean$0(AbstractBeanFactory.java:335) ~[spring-beans-5.3.15.jar:5.3.15]
	at org.springframework.beans.factory.support.DefaultSingletonBeanRegistry.getSingleton(DefaultSingletonBeanRegistry.java:234) ~[spring-beans-5.3.15.jar:5.3.15]
	at org.springframework.beans.factory.support.AbstractBeanFactory.doGetBean(AbstractBeanFactory.java:333) ~[spring-beans-5.3.15.jar:5.3.15]
	at org.springframework.beans.factory.support.AbstractBeanFactory.getBean(AbstractBeanFactory.java:208) ~[spring-beans-5.3.15.jar:5.3.15]
	at org.springframework.context.support.AbstractApplicationContext.getBean(AbstractApplicationContext.java:1154) ~[spring-context-5.3.15.jar:5.3.15]
	at org.springframework.context.support.AbstractApplicationContext.finishBeanFactoryInitialization(AbstractApplicationContext.java:908) ~[spring-context-5.3.15.jar:5.3.15]
	at org.springframework.context.support.AbstractApplicationContext.refresh(AbstractApplicationContext.java:583) ~[spring-context-5.3.15.jar:5.3.15]
	at org.springframework.boot.web.servlet.context.ServletWebServerApplicationContext.refresh(ServletWebServerApplicationContext.java:145) ~[spring-boot-2.5.9.jar:2.5.9]
	at org.springframework.boot.SpringApplication.refresh(SpringApplication.java:767) ~[spring-boot-2.5.9.jar:2.5.9]
	at org.springframework.boot.SpringApplication.refreshContext(SpringApplication.java:447) ~[spring-boot-2.5.9.jar:2.5.9]
	at org.springframework.boot.SpringApplication.run(SpringApplication.java:338) ~[spring-boot-2.5.9.jar:2.5.9]
	at org.springframework.boot.SpringApplication.run(SpringApplication.java:1356) ~[spring-boot-2.5.9.jar:2.5.9]
	at org.springframework.boot.SpringApplication.run(SpringApplication.java:1345) ~[spring-boot-2.5.9.jar:2.5.9]
	at com.example.demo.BackendFApplication.main(BackendFApplication.java:10) ~[classes/:na]
Caused by: javax.persistence.PersistenceException: [PersistenceUnit: default] Unable to build Hibernate SessionFactory; nested exception is org.hibernate.exception.GenericJDBCException: Unable to open JDBC Connection for DDL execution
	at org.springframework.orm.jpa.AbstractEntityManagerFactoryBean.buildNativeEntityManagerFactory(AbstractEntityManagerFactoryBean.java:421) ~[spring-orm-5.3.15.jar:5.3.15]
	at org.springframework.orm.jpa.AbstractEntityManagerFactoryBean.afterPropertiesSet(AbstractEntityManagerFactoryBean.java:396) ~[spring-orm-5.3.15.jar:5.3.15]
	at org.springframework.orm.jpa.LocalContainerEntityManagerFactoryBean.afterPropertiesSet(LocalContainerEntityManagerFactoryBean.java:341) ~[spring-orm-5.3.15.jar:5.3.15]
	at org.springframework.beans.factory.support.AbstractAutowireCapableBeanFactory.invokeInitMethods(AbstractAutowireCapableBeanFactory.java:1863) ~[spring-beans-5.3.15.jar:5.3.15]
	at org.springframework.beans.factory.support.AbstractAutowireCapableBeanFactory.initializeBean(AbstractAutowireCapableBeanFactory.java:1800) ~[spring-beans-5.3.15.jar:5.3.15]
	... 16 common frames omitted
Caused by: org.hibernate.exception.GenericJDBCException: Unable to open JDBC Connection for DDL execution
	at org.hibernate.exception.internal.StandardSQLExceptionConverter.convert(StandardSQLExceptionConverter.java:47) ~[hibernate-core-5.4.33.jar:5.4.33]
	at org.hibernate.engine.jdbc.spi.SqlExceptionHelper.convert(SqlExceptionHelper.java:113) ~[hibernate-core-5.4.33.jar:5.4.33]
	at org.hibernate.engine.jdbc.spi.SqlExceptionHelper.convert(SqlExceptionHelper.java:99) ~[hibernate-core-5.4.33.jar:5.4.33]
	at org.hibernate.resource.transaction.backend.jdbc.internal.DdlTransactionIsolatorNonJtaImpl.getIsolatedConnection(DdlTransactionIsolatorNonJtaImpl.java:69) ~[hibernate-core-5.4.33.jar:5.4.33]
	at org.hibernate.tool.schema.internal.exec.ImprovedExtractionContextImpl.getJdbcConnection(ImprovedExtractionContextImpl.java:60) ~[hibernate-core-5.4.33.jar:5.4.33]
	at org.hibernate.tool.schema.extract.internal.SequenceInformationExtractorLegacyImpl.extractMetadata(SequenceInformationExtractorLegacyImpl.java:40) ~[hibernate-core-5.4.33.jar:5.4.33]
	at org.hibernate.tool.schema.extract.internal.DatabaseInformationImpl.initializeSequences(DatabaseInformationImpl.java:65) ~[hibernate-core-5.4.33.jar:5.4.33]
	at org.hibernate.tool.schema.extract.internal.DatabaseInformationImpl.<init>(DatabaseInformationImpl.java:59) ~[hibernate-core-5.4.33.jar:5.4.33]
	at org.hibernate.tool.schema.internal.Helper.buildDatabaseInformation(Helper.java:155) ~[hibernate-core-5.4.33.jar:5.4.33]
	at org.hibernate.tool.schema.internal.AbstractSchemaMigrator.doMigration(AbstractSchemaMigrator.java:96) ~[hibernate-core-5.4.33.jar:5.4.33]
	at org.hibernate.tool.schema.spi.SchemaManagementToolCoordinator.performDatabaseAction(SchemaManagementToolCoordinator.java:184) ~[hibernate-core-5.4.33.jar:5.4.33]
	at org.hibernate.tool.schema.spi.SchemaManagementToolCoordinator.process(SchemaManagementToolCoordinator.java:73) ~[hibernate-core-5.4.33.jar:5.4.33]
	at org.hibernate.internal.SessionFactoryImpl.<init>(SessionFactoryImpl.java:318) ~[hibernate-core-5.4.33.jar:5.4.33]
	at org.hibernate.boot.internal.SessionFactoryBuilderImpl.build(SessionFactoryBuilderImpl.java:468) ~[hibernate-core-5.4.33.jar:5.4.33]
	at org.hibernate.jpa.boot.internal.EntityManagerFactoryBuilderImpl.build(EntityManagerFactoryBuilderImpl.java:1259) ~[hibernate-core-5.4.33.jar:5.4.33]
	at org.springframework.orm.jpa.vendor.SpringHibernateJpaPersistenceProvider.createContainerEntityManagerFactory(SpringHibernateJpaPersistenceProvider.java:58) ~[spring-orm-5.3.15.jar:5.3.15]
	at org.springframework.orm.jpa.LocalContainerEntityManagerFactoryBean.createNativeEntityManagerFactory(LocalContainerEntityManagerFactoryBean.java:365) ~[spring-orm-5.3.15.jar:5.3.15]
	at org.springframework.orm.jpa.AbstractEntityManagerFactoryBean.buildNativeEntityManagerFactory(AbstractEntityManagerFactoryBean.java:409) ~[spring-orm-5.3.15.jar:5.3.15]
	... 20 common frames omitted
Caused by: org.postgresql.util.PSQLException: FATAL: no existe la base de datos «familias» (pgjdbc: autodetected server-encoding to be ISO-8859-1, if the message is not readable, please check database logs and/or host, port, dbname, user, password, pg_hba.conf)
	at org.postgresql.core.v3.QueryExecutorImpl.receiveErrorResponse(QueryExecutorImpl.java:2565) ~[postgresql-42.2.24.jar:42.2.24]
	at org.postgresql.core.v3.QueryExecutorImpl.readStartupMessages(QueryExecutorImpl.java:2677) ~[postgresql-42.2.24.jar:42.2.24]
	at org.postgresql.core.v3.QueryExecutorImpl.<init>(QueryExecutorImpl.java:147) ~[postgresql-42.2.24.jar:42.2.24]
	at org.postgresql.core.v3.ConnectionFactoryImpl.openConnectionImpl(ConnectionFactoryImpl.java:273) ~[postgresql-42.2.24.jar:42.2.24]
	at org.postgresql.core.ConnectionFactory.openConnection(ConnectionFactory.java:51) ~[postgresql-42.2.24.jar:42.2.24]
	at org.postgresql.jdbc.PgConnection.<init>(PgConnection.java:225) ~[postgresql-42.2.24.jar:42.2.24]
	at org.postgresql.Driver.makeConnection(Driver.java:465) ~[postgresql-42.2.24.jar:42.2.24]
	at org.postgresql.Driver.connect(Driver.java:264) ~[postgresql-42.2.24.jar:42.2.24]
	at com.zaxxer.hikari.util.DriverDataSource.getConnection(DriverDataSource.java:138) ~[HikariCP-4.0.3.jar:na]
	at com.zaxxer.hikari.pool.PoolBase.newConnection(PoolBase.java:364) ~[HikariCP-4.0.3.jar:na]
	at com.zaxxer.hikari.pool.PoolBase.newPoolEntry(PoolBase.java:206) ~[HikariCP-4.0.3.jar:na]
	at com.zaxxer.hikari.pool.HikariPool.createPoolEntry(HikariPool.java:476) ~[HikariCP-4.0.3.jar:na]
	at com.zaxxer.hikari.pool.HikariPool.checkFailFast(HikariPool.java:561) ~[HikariCP-4.0.3.jar:na]
	at com.zaxxer.hikari.pool.HikariPool.<init>(HikariPool.java:115) ~[HikariCP-4.0.3.jar:na]
	at com.zaxxer.hikari.HikariDataSource.getConnection(HikariDataSource.java:112) ~[HikariCP-4.0.3.jar:na]
	at org.hibernate.engine.jdbc.connections.internal.DatasourceConnectionProviderImpl.getConnection(DatasourceConnectionProviderImpl.java:122) ~[hibernate-core-5.4.33.jar:5.4.33]
	at org.hibernate.engine.jdbc.env.internal.JdbcEnvironmentInitiator$ConnectionProviderJdbcConnectionAccess.obtainConnection(JdbcEnvironmentInitiator.java:180) ~[hibernate-core-5.4.33.jar:5.4.33]
	at org.hibernate.resource.transaction.backend.jdbc.internal.DdlTransactionIsolatorNonJtaImpl.getIsolatedConnection(DdlTransactionIsolatorNonJtaImpl.java:43) ~[hibernate-core-5.4.33.jar:5.4.33]
	... 34 common frames omitted

2026-05-12 18:13:54.741  INFO 7368 --- [main] com.example.demo.BackendFApplication     : Starting BackendFApplication using Java 17.0.12 on MYN4M31SK41N with PID 7368 (C:\Users\pedro\OneDrive\Escritorio\Test2\ICIFG003-EQ02\backend-f\target\classes started by pedro in C:\Users\pedro\OneDrive\Escritorio\Test2\ICIFG003-EQ02\backend-f)
2026-05-12 18:13:54.745  INFO 7368 --- [main] com.example.demo.BackendFApplication     : No active profile set, falling back to default profiles: default
2026-05-12 18:13:55.276  INFO 7368 --- [main] .s.d.r.c.RepositoryConfigurationDelegate : Bootstrapping Spring Data JPA repositories in DEFAULT mode.
2026-05-12 18:13:55.336  INFO 7368 --- [main] .s.d.r.c.RepositoryConfigurationDelegate : Finished Spring Data repository scanning in 52 ms. Found 2 JPA repository interfaces.
2026-05-12 18:13:55.834  INFO 7368 --- [main] o.s.b.w.embedded.tomcat.TomcatWebServer  : Tomcat initialized with port(s): 8882 (http)
2026-05-12 18:13:55.843  INFO 7368 --- [main] o.apache.catalina.core.StandardService   : Starting service [Tomcat]
2026-05-12 18:13:55.844  INFO 7368 --- [main] org.apache.catalina.core.StandardEngine  : Starting Servlet engine: [Apache Tomcat/9.0.56]
2026-05-12 18:13:55.915  INFO 7368 --- [main] o.a.c.c.C.[Tomcat].[localhost].[/]       : Initializing Spring embedded WebApplicationContext
2026-05-12 18:13:55.916  INFO 7368 --- [main] w.s.c.ServletWebServerApplicationContext : Root WebApplicationContext: initialization completed in 1122 ms
2026-05-12 18:13:56.061  INFO 7368 --- [main] o.hibernate.jpa.internal.util.LogHelper  : HHH000204: Processing PersistenceUnitInfo [name: default]
2026-05-12 18:13:56.111  INFO 7368 --- [main] org.hibernate.Version                    : HHH000412: Hibernate ORM core version 5.4.33
2026-05-12 18:13:56.224  INFO 7368 --- [main] o.hibernate.annotations.common.Version   : HCANN000001: Hibernate Commons Annotations {5.1.2.Final}
2026-05-12 18:13:56.313  INFO 7368 --- [main] com.zaxxer.hikari.HikariDataSource       : HikariPool-1 - Starting...
2026-05-12 18:13:57.490 ERROR 7368 --- [main] com.zaxxer.hikari.pool.HikariPool        : HikariPool-1 - Exception during pool initialization.

org.postgresql.util.PSQLException: FATAL: no existe la base de datos «familias» (pgjdbc: autodetected server-encoding to be ISO-8859-1, if the message is not readable, please check database logs and/or host, port, dbname, user, password, pg_hba.conf)
	at org.postgresql.core.v3.QueryExecutorImpl.receiveErrorResponse(QueryExecutorImpl.java:2565) ~[postgresql-42.2.24.jar:42.2.24]
	at org.postgresql.core.v3.QueryExecutorImpl.readStartupMessages(QueryExecutorImpl.java:2677) ~[postgresql-42.2.24.jar:42.2.24]
	at org.postgresql.core.v3.QueryExecutorImpl.<init>(QueryExecutorImpl.java:147) ~[postgresql-42.2.24.jar:42.2.24]
	at org.postgresql.core.v3.ConnectionFactoryImpl.openConnectionImpl(ConnectionFactoryImpl.java:273) ~[postgresql-42.2.24.jar:42.2.24]
	at org.postgresql.core.ConnectionFactory.openConnection(ConnectionFactory.java:51) ~[postgresql-42.2.24.jar:42.2.24]
	at org.postgresql.jdbc.PgConnection.<init>(PgConnection.java:225) ~[postgresql-42.2.24.jar:42.2.24]
	at org.postgresql.Driver.makeConnection(Driver.java:465) ~[postgresql-42.2.24.jar:42.2.24]
	at org.postgresql.Driver.connect(Driver.java:264) ~[postgresql-42.2.24.jar:42.2.24]
	at com.zaxxer.hikari.util.DriverDataSource.getConnection(DriverDataSource.java:138) ~[HikariCP-4.0.3.jar:na]
	at com.zaxxer.hikari.pool.PoolBase.newConnection(PoolBase.java:364) ~[HikariCP-4.0.3.jar:na]
	at com.zaxxer.hikari.pool.PoolBase.newPoolEntry(PoolBase.java:206) ~[HikariCP-4.0.3.jar:na]
	at com.zaxxer.hikari.pool.HikariPool.createPoolEntry(HikariPool.java:476) ~[HikariCP-4.0.3.jar:na]
	at com.zaxxer.hikari.pool.HikariPool.checkFailFast(HikariPool.java:561) ~[HikariCP-4.0.3.jar:na]
	at com.zaxxer.hikari.pool.HikariPool.<init>(HikariPool.java:115) ~[HikariCP-4.0.3.jar:na]
	at com.zaxxer.hikari.HikariDataSource.getConnection(HikariDataSource.java:112) ~[HikariCP-4.0.3.jar:na]
	at org.hibernate.engine.jdbc.connections.internal.DatasourceConnectionProviderImpl.getConnection(DatasourceConnectionProviderImpl.java:122) ~[hibernate-core-5.4.33.jar:5.4.33]
	at org.hibernate.engine.jdbc.env.internal.JdbcEnvironmentInitiator$ConnectionProviderJdbcConnectionAccess.obtainConnection(JdbcEnvironmentInitiator.java:180) ~[hibernate-core-5.4.33.jar:5.4.33]
	at org.hibernate.engine.jdbc.env.internal.JdbcEnvironmentInitiator.initiateService(JdbcEnvironmentInitiator.java:68) ~[hibernate-core-5.4.33.jar:5.4.33]
	at org.hibernate.engine.jdbc.env.internal.JdbcEnvironmentInitiator.initiateService(JdbcEnvironmentInitiator.java:35) ~[hibernate-core-5.4.33.jar:5.4.33]
	at org.hibernate.boot.registry.internal.StandardServiceRegistryImpl.initiateService(StandardServiceRegistryImpl.java:101) ~[hibernate-core-5.4.33.jar:5.4.33]
	at org.hibernate.service.internal.AbstractServiceRegistryImpl.createService(AbstractServiceRegistryImpl.java:263) ~[hibernate-core-5.4.33.jar:5.4.33]
	at org.hibernate.service.internal.AbstractServiceRegistryImpl.initializeService(AbstractServiceRegistryImpl.java:237) ~[hibernate-core-5.4.33.jar:5.4.33]
	at org.hibernate.service.internal.AbstractServiceRegistryImpl.getService(AbstractServiceRegistryImpl.java:214) ~[hibernate-core-5.4.33.jar:5.4.33]
	at org.hibernate.id.factory.internal.DefaultIdentifierGeneratorFactory.injectServices(DefaultIdentifierGeneratorFactory.java:152) ~[hibernate-core-5.4.33.jar:5.4.33]
	at org.hibernate.service.internal.AbstractServiceRegistryImpl.injectDependencies(AbstractServiceRegistryImpl.java:286) ~[hibernate-core-5.4.33.jar:5.4.33]
	at org.hibernate.service.internal.AbstractServiceRegistryImpl.initializeService(AbstractServiceRegistryImpl.java:243) ~[hibernate-core-5.4.33.jar:5.4.33]
	at org.hibernate.service.internal.AbstractServiceRegistryImpl.getService(AbstractServiceRegistryImpl.java:214) ~[hibernate-core-5.4.33.jar:5.4.33]
	at org.hibernate.boot.internal.InFlightMetadataCollectorImpl.<init>(InFlightMetadataCollectorImpl.java:176) ~[hibernate-core-5.4.33.jar:5.4.33]
	at org.hibernate.boot.model.process.spi.MetadataBuildingProcess.complete(MetadataBuildingProcess.java:127) ~[hibernate-core-5.4.33.jar:5.4.33]
	at org.hibernate.jpa.boot.internal.EntityManagerFactoryBuilderImpl.metadata(EntityManagerFactoryBuilderImpl.java:1224) ~[hibernate-core-5.4.33.jar:5.4.33]
	at org.hibernate.jpa.boot.internal.EntityManagerFactoryBuilderImpl.build(EntityManagerFactoryBuilderImpl.java:1255) ~[hibernate-core-5.4.33.jar:5.4.33]
	at org.springframework.orm.jpa.vendor.SpringHibernateJpaPersistenceProvider.createContainerEntityManagerFactory(SpringHibernateJpaPersistenceProvider.java:58) ~[spring-orm-5.3.15.jar:5.3.15]
	at org.springframework.orm.jpa.LocalContainerEntityManagerFactoryBean.createNativeEntityManagerFactory(LocalContainerEntityManagerFactoryBean.java:365) ~[spring-orm-5.3.15.jar:5.3.15]
	at org.springframework.orm.jpa.AbstractEntityManagerFactoryBean.buildNativeEntityManagerFactory(AbstractEntityManagerFactoryBean.java:409) ~[spring-orm-5.3.15.jar:5.3.15]
	at org.springframework.orm.jpa.AbstractEntityManagerFactoryBean.afterPropertiesSet(AbstractEntityManagerFactoryBean.java:396) ~[spring-orm-5.3.15.jar:5.3.15]
	at org.springframework.orm.jpa.LocalContainerEntityManagerFactoryBean.afterPropertiesSet(LocalContainerEntityManagerFactoryBean.java:341) ~[spring-orm-5.3.15.jar:5.3.15]
	at org.springframework.beans.factory.support.AbstractAutowireCapableBeanFactory.invokeInitMethods(AbstractAutowireCapableBeanFactory.java:1863) ~[spring-beans-5.3.15.jar:5.3.15]
	at org.springframework.beans.factory.support.AbstractAutowireCapableBeanFactory.initializeBean(AbstractAutowireCapableBeanFactory.java:1800) ~[spring-beans-5.3.15.jar:5.3.15]
	at org.springframework.beans.factory.support.AbstractAutowireCapableBeanFactory.doCreateBean(AbstractAutowireCapableBeanFactory.java:620) ~[spring-beans-5.3.15.jar:5.3.15]
	at org.springframework.beans.factory.support.AbstractAutowireCapableBeanFactory.createBean(AbstractAutowireCapableBeanFactory.java:542) ~[spring-beans-5.3.15.jar:5.3.15]
	at org.springframework.beans.factory.support.AbstractBeanFactory.lambda$doGetBean$0(AbstractBeanFactory.java:335) ~[spring-beans-5.3.15.jar:5.3.15]
	at org.springframework.beans.factory.support.DefaultSingletonBeanRegistry.getSingleton(DefaultSingletonBeanRegistry.java:234) ~[spring-beans-5.3.15.jar:5.3.15]
	at org.springframework.beans.factory.support.AbstractBeanFactory.doGetBean(AbstractBeanFactory.java:333) ~[spring-beans-5.3.15.jar:5.3.15]
	at org.springframework.beans.factory.support.AbstractBeanFactory.getBean(AbstractBeanFactory.java:208) ~[spring-beans-5.3.15.jar:5.3.15]
	at org.springframework.context.support.AbstractApplicationContext.getBean(AbstractApplicationContext.java:1154) ~[spring-context-5.3.15.jar:5.3.15]
	at org.springframework.context.support.AbstractApplicationContext.finishBeanFactoryInitialization(AbstractApplicationContext.java:908) ~[spring-context-5.3.15.jar:5.3.15]
	at org.springframework.context.support.AbstractApplicationContext.refresh(AbstractApplicationContext.java:583) ~[spring-context-5.3.15.jar:5.3.15]
	at org.springframework.boot.web.servlet.context.ServletWebServerApplicationContext.refresh(ServletWebServerApplicationContext.java:145) ~[spring-boot-2.5.9.jar:2.5.9]
	at org.springframework.boot.SpringApplication.refresh(SpringApplication.java:767) ~[spring-boot-2.5.9.jar:2.5.9]
	at org.springframework.boot.SpringApplication.refreshContext(SpringApplication.java:447) ~[spring-boot-2.5.9.jar:2.5.9]
	at org.springframework.boot.SpringApplication.run(SpringApplication.java:338) ~[spring-boot-2.5.9.jar:2.5.9]
	at org.springframework.boot.SpringApplication.run(SpringApplication.java:1356) ~[spring-boot-2.5.9.jar:2.5.9]
	at org.springframework.boot.SpringApplication.run(SpringApplication.java:1345) ~[spring-boot-2.5.9.jar:2.5.9]
	at com.example.demo.BackendFApplication.main(BackendFApplication.java:10) ~[classes/:na]

2026-05-12 18:13:57.492  WARN 7368 --- [main] o.h.e.j.e.i.JdbcEnvironmentInitiator     : HHH000342: Could not obtain connection to query metadata

org.postgresql.util.PSQLException: FATAL: no existe la base de datos «familias» (pgjdbc: autodetected server-encoding to be ISO-8859-1, if the message is not readable, please check database logs and/or host, port, dbname, user, password, pg_hba.conf)
	at org.postgresql.core.v3.QueryExecutorImpl.receiveErrorResponse(QueryExecutorImpl.java:2565) ~[postgresql-42.2.24.jar:42.2.24]
	at org.postgresql.core.v3.QueryExecutorImpl.readStartupMessages(QueryExecutorImpl.java:2677) ~[postgresql-42.2.24.jar:42.2.24]
	at org.postgresql.core.v3.QueryExecutorImpl.<init>(QueryExecutorImpl.java:147) ~[postgresql-42.2.24.jar:42.2.24]
	at org.postgresql.core.v3.ConnectionFactoryImpl.openConnectionImpl(ConnectionFactoryImpl.java:273) ~[postgresql-42.2.24.jar:42.2.24]
	at org.postgresql.core.ConnectionFactory.openConnection(ConnectionFactory.java:51) ~[postgresql-42.2.24.jar:42.2.24]
	at org.postgresql.jdbc.PgConnection.<init>(PgConnection.java:225) ~[postgresql-42.2.24.jar:42.2.24]
	at org.postgresql.Driver.makeConnection(Driver.java:465) ~[postgresql-42.2.24.jar:42.2.24]
	at org.postgresql.Driver.connect(Driver.java:264) ~[postgresql-42.2.24.jar:42.2.24]
	at com.zaxxer.hikari.util.DriverDataSource.getConnection(DriverDataSource.java:138) ~[HikariCP-4.0.3.jar:na]
	at com.zaxxer.hikari.pool.PoolBase.newConnection(PoolBase.java:364) ~[HikariCP-4.0.3.jar:na]
	at com.zaxxer.hikari.pool.PoolBase.newPoolEntry(PoolBase.java:206) ~[HikariCP-4.0.3.jar:na]
	at com.zaxxer.hikari.pool.HikariPool.createPoolEntry(HikariPool.java:476) ~[HikariCP-4.0.3.jar:na]
	at com.zaxxer.hikari.pool.HikariPool.checkFailFast(HikariPool.java:561) ~[HikariCP-4.0.3.jar:na]
	at com.zaxxer.hikari.pool.HikariPool.<init>(HikariPool.java:115) ~[HikariCP-4.0.3.jar:na]
	at com.zaxxer.hikari.HikariDataSource.getConnection(HikariDataSource.java:112) ~[HikariCP-4.0.3.jar:na]
	at org.hibernate.engine.jdbc.connections.internal.DatasourceConnectionProviderImpl.getConnection(DatasourceConnectionProviderImpl.java:122) ~[hibernate-core-5.4.33.jar:5.4.33]
	at org.hibernate.engine.jdbc.env.internal.JdbcEnvironmentInitiator$ConnectionProviderJdbcConnectionAccess.obtainConnection(JdbcEnvironmentInitiator.java:180) ~[hibernate-core-5.4.33.jar:5.4.33]
	at org.hibernate.engine.jdbc.env.internal.JdbcEnvironmentInitiator.initiateService(JdbcEnvironmentInitiator.java:68) ~[hibernate-core-5.4.33.jar:5.4.33]
	at org.hibernate.engine.jdbc.env.internal.JdbcEnvironmentInitiator.initiateService(JdbcEnvironmentInitiator.java:35) ~[hibernate-core-5.4.33.jar:5.4.33]
	at org.hibernate.boot.registry.internal.StandardServiceRegistryImpl.initiateService(StandardServiceRegistryImpl.java:101) ~[hibernate-core-5.4.33.jar:5.4.33]
	at org.hibernate.service.internal.AbstractServiceRegistryImpl.createService(AbstractServiceRegistryImpl.java:263) ~[hibernate-core-5.4.33.jar:5.4.33]
	at org.hibernate.service.internal.AbstractServiceRegistryImpl.initializeService(AbstractServiceRegistryImpl.java:237) ~[hibernate-core-5.4.33.jar:5.4.33]
	at org.hibernate.service.internal.AbstractServiceRegistryImpl.getService(AbstractServiceRegistryImpl.java:214) ~[hibernate-core-5.4.33.jar:5.4.33]
	at org.hibernate.id.factory.internal.DefaultIdentifierGeneratorFactory.injectServices(DefaultIdentifierGeneratorFactory.java:152) ~[hibernate-core-5.4.33.jar:5.4.33]
	at org.hibernate.service.internal.AbstractServiceRegistryImpl.injectDependencies(AbstractServiceRegistryImpl.java:286) ~[hibernate-core-5.4.33.jar:5.4.33]
	at org.hibernate.service.internal.AbstractServiceRegistryImpl.initializeService(AbstractServiceRegistryImpl.java:243) ~[hibernate-core-5.4.33.jar:5.4.33]
	at org.hibernate.service.internal.AbstractServiceRegistryImpl.getService(AbstractServiceRegistryImpl.java:214) ~[hibernate-core-5.4.33.jar:5.4.33]
	at org.hibernate.boot.internal.InFlightMetadataCollectorImpl.<init>(InFlightMetadataCollectorImpl.java:176) ~[hibernate-core-5.4.33.jar:5.4.33]
	at org.hibernate.boot.model.process.spi.MetadataBuildingProcess.complete(MetadataBuildingProcess.java:127) ~[hibernate-core-5.4.33.jar:5.4.33]
	at org.hibernate.jpa.boot.internal.EntityManagerFactoryBuilderImpl.metadata(EntityManagerFactoryBuilderImpl.java:1224) ~[hibernate-core-5.4.33.jar:5.4.33]
	at org.hibernate.jpa.boot.internal.EntityManagerFactoryBuilderImpl.build(EntityManagerFactoryBuilderImpl.java:1255) ~[hibernate-core-5.4.33.jar:5.4.33]
	at org.springframework.orm.jpa.vendor.SpringHibernateJpaPersistenceProvider.createContainerEntityManagerFactory(SpringHibernateJpaPersistenceProvider.java:58) ~[spring-orm-5.3.15.jar:5.3.15]
	at org.springframework.orm.jpa.LocalContainerEntityManagerFactoryBean.createNativeEntityManagerFactory(LocalContainerEntityManagerFactoryBean.java:365) ~[spring-orm-5.3.15.jar:5.3.15]
	at org.springframework.orm.jpa.AbstractEntityManagerFactoryBean.buildNativeEntityManagerFactory(AbstractEntityManagerFactoryBean.java:409) ~[spring-orm-5.3.15.jar:5.3.15]
	at org.springframework.orm.jpa.AbstractEntityManagerFactoryBean.afterPropertiesSet(AbstractEntityManagerFactoryBean.java:396) ~[spring-orm-5.3.15.jar:5.3.15]
	at org.springframework.orm.jpa.LocalContainerEntityManagerFactoryBean.afterPropertiesSet(LocalContainerEntityManagerFactoryBean.java:341) ~[spring-orm-5.3.15.jar:5.3.15]
	at org.springframework.beans.factory.support.AbstractAutowireCapableBeanFactory.invokeInitMethods(AbstractAutowireCapableBeanFactory.java:1863) ~[spring-beans-5.3.15.jar:5.3.15]
	at org.springframework.beans.factory.support.AbstractAutowireCapableBeanFactory.initializeBean(AbstractAutowireCapableBeanFactory.java:1800) ~[spring-beans-5.3.15.jar:5.3.15]
	at org.springframework.beans.factory.support.AbstractAutowireCapableBeanFactory.doCreateBean(AbstractAutowireCapableBeanFactory.java:620) ~[spring-beans-5.3.15.jar:5.3.15]
	at org.springframework.beans.factory.support.AbstractAutowireCapableBeanFactory.createBean(AbstractAutowireCapableBeanFactory.java:542) ~[spring-beans-5.3.15.jar:5.3.15]
	at org.springframework.beans.factory.support.AbstractBeanFactory.lambda$doGetBean$0(AbstractBeanFactory.java:335) ~[spring-beans-5.3.15.jar:5.3.15]
	at org.springframework.beans.factory.support.DefaultSingletonBeanRegistry.getSingleton(DefaultSingletonBeanRegistry.java:234) ~[spring-beans-5.3.15.jar:5.3.15]
	at org.springframework.beans.factory.support.AbstractBeanFactory.doGetBean(AbstractBeanFactory.java:333) ~[spring-beans-5.3.15.jar:5.3.15]
	at org.springframework.beans.factory.support.AbstractBeanFactory.getBean(AbstractBeanFactory.java:208) ~[spring-beans-5.3.15.jar:5.3.15]
	at org.springframework.context.support.AbstractApplicationContext.getBean(AbstractApplicationContext.java:1154) ~[spring-context-5.3.15.jar:5.3.15]
	at org.springframework.context.support.AbstractApplicationContext.finishBeanFactoryInitialization(AbstractApplicationContext.java:908) ~[spring-context-5.3.15.jar:5.3.15]
	at org.springframework.context.support.AbstractApplicationContext.refresh(AbstractApplicationContext.java:583) ~[spring-context-5.3.15.jar:5.3.15]
	at org.springframework.boot.web.servlet.context.ServletWebServerApplicationContext.refresh(ServletWebServerApplicationContext.java:145) ~[spring-boot-2.5.9.jar:2.5.9]
	at org.springframework.boot.SpringApplication.refresh(SpringApplication.java:767) ~[spring-boot-2.5.9.jar:2.5.9]
	at org.springframework.boot.SpringApplication.refreshContext(SpringApplication.java:447) ~[spring-boot-2.5.9.jar:2.5.9]
	at org.springframework.boot.SpringApplication.run(SpringApplication.java:338) ~[spring-boot-2.5.9.jar:2.5.9]
	at org.springframework.boot.SpringApplication.run(SpringApplication.java:1356) ~[spring-boot-2.5.9.jar:2.5.9]
	at org.springframework.boot.SpringApplication.run(SpringApplication.java:1345) ~[spring-boot-2.5.9.jar:2.5.9]
	at com.example.demo.BackendFApplication.main(BackendFApplication.java:10) ~[classes/:na]

2026-05-12 18:13:57.504  INFO 7368 --- [main] org.hibernate.dialect.Dialect            : HHH000400: Using dialect: org.hibernate.dialect.PostgreSQLDialect
2026-05-12 18:13:57.938  INFO 7368 --- [main] com.zaxxer.hikari.HikariDataSource       : HikariPool-1 - Starting...
2026-05-12 18:13:58.986 ERROR 7368 --- [main] com.zaxxer.hikari.pool.HikariPool        : HikariPool-1 - Exception during pool initialization.

org.postgresql.util.PSQLException: FATAL: no existe la base de datos «familias» (pgjdbc: autodetected server-encoding to be ISO-8859-1, if the message is not readable, please check database logs and/or host, port, dbname, user, password, pg_hba.conf)
	at org.postgresql.core.v3.QueryExecutorImpl.receiveErrorResponse(QueryExecutorImpl.java:2565) ~[postgresql-42.2.24.jar:42.2.24]
	at org.postgresql.core.v3.QueryExecutorImpl.readStartupMessages(QueryExecutorImpl.java:2677) ~[postgresql-42.2.24.jar:42.2.24]
	at org.postgresql.core.v3.QueryExecutorImpl.<init>(QueryExecutorImpl.java:147) ~[postgresql-42.2.24.jar:42.2.24]
	at org.postgresql.core.v3.ConnectionFactoryImpl.openConnectionImpl(ConnectionFactoryImpl.java:273) ~[postgresql-42.2.24.jar:42.2.24]
	at org.postgresql.core.ConnectionFactory.openConnection(ConnectionFactory.java:51) ~[postgresql-42.2.24.jar:42.2.24]
	at org.postgresql.jdbc.PgConnection.<init>(PgConnection.java:225) ~[postgresql-42.2.24.jar:42.2.24]
	at org.postgresql.Driver.makeConnection(Driver.java:465) ~[postgresql-42.2.24.jar:42.2.24]
	at org.postgresql.Driver.connect(Driver.java:264) ~[postgresql-42.2.24.jar:42.2.24]
	at com.zaxxer.hikari.util.DriverDataSource.getConnection(DriverDataSource.java:138) ~[HikariCP-4.0.3.jar:na]
	at com.zaxxer.hikari.pool.PoolBase.newConnection(PoolBase.java:364) ~[HikariCP-4.0.3.jar:na]
	at com.zaxxer.hikari.pool.PoolBase.newPoolEntry(PoolBase.java:206) ~[HikariCP-4.0.3.jar:na]
	at com.zaxxer.hikari.pool.HikariPool.createPoolEntry(HikariPool.java:476) ~[HikariCP-4.0.3.jar:na]
	at com.zaxxer.hikari.pool.HikariPool.checkFailFast(HikariPool.java:561) ~[HikariCP-4.0.3.jar:na]
	at com.zaxxer.hikari.pool.HikariPool.<init>(HikariPool.java:115) ~[HikariCP-4.0.3.jar:na]
	at com.zaxxer.hikari.HikariDataSource.getConnection(HikariDataSource.java:112) ~[HikariCP-4.0.3.jar:na]
	at org.hibernate.engine.jdbc.connections.internal.DatasourceConnectionProviderImpl.getConnection(DatasourceConnectionProviderImpl.java:122) ~[hibernate-core-5.4.33.jar:5.4.33]
	at org.hibernate.engine.jdbc.env.internal.JdbcEnvironmentInitiator$ConnectionProviderJdbcConnectionAccess.obtainConnection(JdbcEnvironmentInitiator.java:180) ~[hibernate-core-5.4.33.jar:5.4.33]
	at org.hibernate.resource.transaction.backend.jdbc.internal.DdlTransactionIsolatorNonJtaImpl.getIsolatedConnection(DdlTransactionIsolatorNonJtaImpl.java:43) ~[hibernate-core-5.4.33.jar:5.4.33]
	at org.hibernate.tool.schema.internal.exec.ImprovedExtractionContextImpl.getJdbcConnection(ImprovedExtractionContextImpl.java:60) ~[hibernate-core-5.4.33.jar:5.4.33]
	at org.hibernate.tool.schema.extract.internal.SequenceInformationExtractorLegacyImpl.extractMetadata(SequenceInformationExtractorLegacyImpl.java:40) ~[hibernate-core-5.4.33.jar:5.4.33]
	at org.hibernate.tool.schema.extract.internal.DatabaseInformationImpl.initializeSequences(DatabaseInformationImpl.java:65) ~[hibernate-core-5.4.33.jar:5.4.33]
	at org.hibernate.tool.schema.extract.internal.DatabaseInformationImpl.<init>(DatabaseInformationImpl.java:59) ~[hibernate-core-5.4.33.jar:5.4.33]
	at org.hibernate.tool.schema.internal.Helper.buildDatabaseInformation(Helper.java:155) ~[hibernate-core-5.4.33.jar:5.4.33]
	at org.hibernate.tool.schema.internal.AbstractSchemaMigrator.doMigration(AbstractSchemaMigrator.java:96) ~[hibernate-core-5.4.33.jar:5.4.33]
	at org.hibernate.tool.schema.spi.SchemaManagementToolCoordinator.performDatabaseAction(SchemaManagementToolCoordinator.java:184) ~[hibernate-core-5.4.33.jar:5.4.33]
	at org.hibernate.tool.schema.spi.SchemaManagementToolCoordinator.process(SchemaManagementToolCoordinator.java:73) ~[hibernate-core-5.4.33.jar:5.4.33]
	at org.hibernate.internal.SessionFactoryImpl.<init>(SessionFactoryImpl.java:318) ~[hibernate-core-5.4.33.jar:5.4.33]
	at org.hibernate.boot.internal.SessionFactoryBuilderImpl.build(SessionFactoryBuilderImpl.java:468) ~[hibernate-core-5.4.33.jar:5.4.33]
	at org.hibernate.jpa.boot.internal.EntityManagerFactoryBuilderImpl.build(EntityManagerFactoryBuilderImpl.java:1259) ~[hibernate-core-5.4.33.jar:5.4.33]
	at org.springframework.orm.jpa.vendor.SpringHibernateJpaPersistenceProvider.createContainerEntityManagerFactory(SpringHibernateJpaPersistenceProvider.java:58) ~[spring-orm-5.3.15.jar:5.3.15]
	at org.springframework.orm.jpa.LocalContainerEntityManagerFactoryBean.createNativeEntityManagerFactory(LocalContainerEntityManagerFactoryBean.java:365) ~[spring-orm-5.3.15.jar:5.3.15]
	at org.springframework.orm.jpa.AbstractEntityManagerFactoryBean.buildNativeEntityManagerFactory(AbstractEntityManagerFactoryBean.java:409) ~[spring-orm-5.3.15.jar:5.3.15]
	at org.springframework.orm.jpa.AbstractEntityManagerFactoryBean.afterPropertiesSet(AbstractEntityManagerFactoryBean.java:396) ~[spring-orm-5.3.15.jar:5.3.15]
	at org.springframework.orm.jpa.LocalContainerEntityManagerFactoryBean.afterPropertiesSet(LocalContainerEntityManagerFactoryBean.java:341) ~[spring-orm-5.3.15.jar:5.3.15]
	at org.springframework.beans.factory.support.AbstractAutowireCapableBeanFactory.invokeInitMethods(AbstractAutowireCapableBeanFactory.java:1863) ~[spring-beans-5.3.15.jar:5.3.15]
	at org.springframework.beans.factory.support.AbstractAutowireCapableBeanFactory.initializeBean(AbstractAutowireCapableBeanFactory.java:1800) ~[spring-beans-5.3.15.jar:5.3.15]
	at org.springframework.beans.factory.support.AbstractAutowireCapableBeanFactory.doCreateBean(AbstractAutowireCapableBeanFactory.java:620) ~[spring-beans-5.3.15.jar:5.3.15]
	at org.springframework.beans.factory.support.AbstractAutowireCapableBeanFactory.createBean(AbstractAutowireCapableBeanFactory.java:542) ~[spring-beans-5.3.15.jar:5.3.15]
	at org.springframework.beans.factory.support.AbstractBeanFactory.lambda$doGetBean$0(AbstractBeanFactory.java:335) ~[spring-beans-5.3.15.jar:5.3.15]
	at org.springframework.beans.factory.support.DefaultSingletonBeanRegistry.getSingleton(DefaultSingletonBeanRegistry.java:234) ~[spring-beans-5.3.15.jar:5.3.15]
	at org.springframework.beans.factory.support.AbstractBeanFactory.doGetBean(AbstractBeanFactory.java:333) ~[spring-beans-5.3.15.jar:5.3.15]
	at org.springframework.beans.factory.support.AbstractBeanFactory.getBean(AbstractBeanFactory.java:208) ~[spring-beans-5.3.15.jar:5.3.15]
	at org.springframework.context.support.AbstractApplicationContext.getBean(AbstractApplicationContext.java:1154) ~[spring-context-5.3.15.jar:5.3.15]
	at org.springframework.context.support.AbstractApplicationContext.finishBeanFactoryInitialization(AbstractApplicationContext.java:908) ~[spring-context-5.3.15.jar:5.3.15]
	at org.springframework.context.support.AbstractApplicationContext.refresh(AbstractApplicationContext.java:583) ~[spring-context-5.3.15.jar:5.3.15]
	at org.springframework.boot.web.servlet.context.ServletWebServerApplicationContext.refresh(ServletWebServerApplicationContext.java:145) ~[spring-boot-2.5.9.jar:2.5.9]
	at org.springframework.boot.SpringApplication.refresh(SpringApplication.java:767) ~[spring-boot-2.5.9.jar:2.5.9]
	at org.springframework.boot.SpringApplication.refreshContext(SpringApplication.java:447) ~[spring-boot-2.5.9.jar:2.5.9]
	at org.springframework.boot.SpringApplication.run(SpringApplication.java:338) ~[spring-boot-2.5.9.jar:2.5.9]
	at org.springframework.boot.SpringApplication.run(SpringApplication.java:1356) ~[spring-boot-2.5.9.jar:2.5.9]
	at org.springframework.boot.SpringApplication.run(SpringApplication.java:1345) ~[spring-boot-2.5.9.jar:2.5.9]
	at com.example.demo.BackendFApplication.main(BackendFApplication.java:10) ~[classes/:na]

2026-05-12 18:13:58.988  WARN 7368 --- [main] o.h.engine.jdbc.spi.SqlExceptionHelper   : SQL Error: 0, SQLState: 3D000
2026-05-12 18:13:58.990 ERROR 7368 --- [main] o.h.engine.jdbc.spi.SqlExceptionHelper   : FATAL: no existe la base de datos «familias» (pgjdbc: autodetected server-encoding to be ISO-8859-1, if the message is not readable, please check database logs and/or host, port, dbname, user, password, pg_hba.conf)
2026-05-12 18:13:58.993 ERROR 7368 --- [main] j.LocalContainerEntityManagerFactoryBean : Failed to initialize JPA EntityManagerFactory: [PersistenceUnit: default] Unable to build Hibernate SessionFactory; nested exception is org.hibernate.exception.GenericJDBCException: Unable to open JDBC Connection for DDL execution
2026-05-12 18:13:58.994  WARN 7368 --- [main] ConfigServletWebServerApplicationContext : Exception encountered during context initialization - cancelling refresh attempt: org.springframework.beans.factory.BeanCreationException: Error creating bean with name 'entityManagerFactory' defined in class path resource [org/springframework/boot/autoconfigure/orm/jpa/HibernateJpaConfiguration.class]: Invocation of init method failed; nested exception is javax.persistence.PersistenceException: [PersistenceUnit: default] Unable to build Hibernate SessionFactory; nested exception is org.hibernate.exception.GenericJDBCException: Unable to open JDBC Connection for DDL execution
2026-05-12 18:13:58.996  INFO 7368 --- [main] o.apache.catalina.core.StandardService   : Stopping service [Tomcat]
2026-05-12 18:13:59.004  INFO 7368 --- [main] ConditionEvaluationReportLoggingListener : 

Error starting ApplicationContext. To display the conditions report re-run your application with 'debug' enabled.
2026-05-12 18:13:59.019 ERROR 7368 --- [main] o.s.boot.SpringApplication               : Application run failed

org.springframework.beans.factory.BeanCreationException: Error creating bean with name 'entityManagerFactory' defined in class path resource [org/springframework/boot/autoconfigure/orm/jpa/HibernateJpaConfiguration.class]: Invocation of init method failed; nested exception is javax.persistence.PersistenceException: [PersistenceUnit: default] Unable to build Hibernate SessionFactory; nested exception is org.hibernate.exception.GenericJDBCException: Unable to open JDBC Connection for DDL execution
	at org.springframework.beans.factory.support.AbstractAutowireCapableBeanFactory.initializeBean(AbstractAutowireCapableBeanFactory.java:1804) ~[spring-beans-5.3.15.jar:5.3.15]
	at org.springframework.beans.factory.support.AbstractAutowireCapableBeanFactory.doCreateBean(AbstractAutowireCapableBeanFactory.java:620) ~[spring-beans-5.3.15.jar:5.3.15]
	at org.springframework.beans.factory.support.AbstractAutowireCapableBeanFactory.createBean(AbstractAutowireCapableBeanFactory.java:542) ~[spring-beans-5.3.15.jar:5.3.15]
	at org.springframework.beans.factory.support.AbstractBeanFactory.lambda$doGetBean$0(AbstractBeanFactory.java:335) ~[spring-beans-5.3.15.jar:5.3.15]
	at org.springframework.beans.factory.support.DefaultSingletonBeanRegistry.getSingleton(DefaultSingletonBeanRegistry.java:234) ~[spring-beans-5.3.15.jar:5.3.15]
	at org.springframework.beans.factory.support.AbstractBeanFactory.doGetBean(AbstractBeanFactory.java:333) ~[spring-beans-5.3.15.jar:5.3.15]
	at org.springframework.beans.factory.support.AbstractBeanFactory.getBean(AbstractBeanFactory.java:208) ~[spring-beans-5.3.15.jar:5.3.15]
	at org.springframework.context.support.AbstractApplicationContext.getBean(AbstractApplicationContext.java:1154) ~[spring-context-5.3.15.jar:5.3.15]
	at org.springframework.context.support.AbstractApplicationContext.finishBeanFactoryInitialization(AbstractApplicationContext.java:908) ~[spring-context-5.3.15.jar:5.3.15]
	at org.springframework.context.support.AbstractApplicationContext.refresh(AbstractApplicationContext.java:583) ~[spring-context-5.3.15.jar:5.3.15]
	at org.springframework.boot.web.servlet.context.ServletWebServerApplicationContext.refresh(ServletWebServerApplicationContext.java:145) ~[spring-boot-2.5.9.jar:2.5.9]
	at org.springframework.boot.SpringApplication.refresh(SpringApplication.java:767) ~[spring-boot-2.5.9.jar:2.5.9]
	at org.springframework.boot.SpringApplication.refreshContext(SpringApplication.java:447) ~[spring-boot-2.5.9.jar:2.5.9]
	at org.springframework.boot.SpringApplication.run(SpringApplication.java:338) ~[spring-boot-2.5.9.jar:2.5.9]
	at org.springframework.boot.SpringApplication.run(SpringApplication.java:1356) ~[spring-boot-2.5.9.jar:2.5.9]
	at org.springframework.boot.SpringApplication.run(SpringApplication.java:1345) ~[spring-boot-2.5.9.jar:2.5.9]
	at com.example.demo.BackendFApplication.main(BackendFApplication.java:10) ~[classes/:na]
Caused by: javax.persistence.PersistenceException: [PersistenceUnit: default] Unable to build Hibernate SessionFactory; nested exception is org.hibernate.exception.GenericJDBCException: Unable to open JDBC Connection for DDL execution
	at org.springframework.orm.jpa.AbstractEntityManagerFactoryBean.buildNativeEntityManagerFactory(AbstractEntityManagerFactoryBean.java:421) ~[spring-orm-5.3.15.jar:5.3.15]
	at org.springframework.orm.jpa.AbstractEntityManagerFactoryBean.afterPropertiesSet(AbstractEntityManagerFactoryBean.java:396) ~[spring-orm-5.3.15.jar:5.3.15]
	at org.springframework.orm.jpa.LocalContainerEntityManagerFactoryBean.afterPropertiesSet(LocalContainerEntityManagerFactoryBean.java:341) ~[spring-orm-5.3.15.jar:5.3.15]
	at org.springframework.beans.factory.support.AbstractAutowireCapableBeanFactory.invokeInitMethods(AbstractAutowireCapableBeanFactory.java:1863) ~[spring-beans-5.3.15.jar:5.3.15]
	at org.springframework.beans.factory.support.AbstractAutowireCapableBeanFactory.initializeBean(AbstractAutowireCapableBeanFactory.java:1800) ~[spring-beans-5.3.15.jar:5.3.15]
	... 16 common frames omitted
Caused by: org.hibernate.exception.GenericJDBCException: Unable to open JDBC Connection for DDL execution
	at org.hibernate.exception.internal.StandardSQLExceptionConverter.convert(StandardSQLExceptionConverter.java:47) ~[hibernate-core-5.4.33.jar:5.4.33]
	at org.hibernate.engine.jdbc.spi.SqlExceptionHelper.convert(SqlExceptionHelper.java:113) ~[hibernate-core-5.4.33.jar:5.4.33]
	at org.hibernate.engine.jdbc.spi.SqlExceptionHelper.convert(SqlExceptionHelper.java:99) ~[hibernate-core-5.4.33.jar:5.4.33]
	at org.hibernate.resource.transaction.backend.jdbc.internal.DdlTransactionIsolatorNonJtaImpl.getIsolatedConnection(DdlTransactionIsolatorNonJtaImpl.java:69) ~[hibernate-core-5.4.33.jar:5.4.33]
	at org.hibernate.tool.schema.internal.exec.ImprovedExtractionContextImpl.getJdbcConnection(ImprovedExtractionContextImpl.java:60) ~[hibernate-core-5.4.33.jar:5.4.33]
	at org.hibernate.tool.schema.extract.internal.SequenceInformationExtractorLegacyImpl.extractMetadata(SequenceInformationExtractorLegacyImpl.java:40) ~[hibernate-core-5.4.33.jar:5.4.33]
	at org.hibernate.tool.schema.extract.internal.DatabaseInformationImpl.initializeSequences(DatabaseInformationImpl.java:65) ~[hibernate-core-5.4.33.jar:5.4.33]
	at org.hibernate.tool.schema.extract.internal.DatabaseInformationImpl.<init>(DatabaseInformationImpl.java:59) ~[hibernate-core-5.4.33.jar:5.4.33]
	at org.hibernate.tool.schema.internal.Helper.buildDatabaseInformation(Helper.java:155) ~[hibernate-core-5.4.33.jar:5.4.33]
	at org.hibernate.tool.schema.internal.AbstractSchemaMigrator.doMigration(AbstractSchemaMigrator.java:96) ~[hibernate-core-5.4.33.jar:5.4.33]
	at org.hibernate.tool.schema.spi.SchemaManagementToolCoordinator.performDatabaseAction(SchemaManagementToolCoordinator.java:184) ~[hibernate-core-5.4.33.jar:5.4.33]
	at org.hibernate.tool.schema.spi.SchemaManagementToolCoordinator.process(SchemaManagementToolCoordinator.java:73) ~[hibernate-core-5.4.33.jar:5.4.33]
	at org.hibernate.internal.SessionFactoryImpl.<init>(SessionFactoryImpl.java:318) ~[hibernate-core-5.4.33.jar:5.4.33]
	at org.hibernate.boot.internal.SessionFactoryBuilderImpl.build(SessionFactoryBuilderImpl.java:468) ~[hibernate-core-5.4.33.jar:5.4.33]
	at org.hibernate.jpa.boot.internal.EntityManagerFactoryBuilderImpl.build(EntityManagerFactoryBuilderImpl.java:1259) ~[hibernate-core-5.4.33.jar:5.4.33]
	at org.springframework.orm.jpa.vendor.SpringHibernateJpaPersistenceProvider.createContainerEntityManagerFactory(SpringHibernateJpaPersistenceProvider.java:58) ~[spring-orm-5.3.15.jar:5.3.15]
	at org.springframework.orm.jpa.LocalContainerEntityManagerFactoryBean.createNativeEntityManagerFactory(LocalContainerEntityManagerFactoryBean.java:365) ~[spring-orm-5.3.15.jar:5.3.15]
	at org.springframework.orm.jpa.AbstractEntityManagerFactoryBean.buildNativeEntityManagerFactory(AbstractEntityManagerFactoryBean.java:409) ~[spring-orm-5.3.15.jar:5.3.15]
	... 20 common frames omitted
Caused by: org.postgresql.util.PSQLException: FATAL: no existe la base de datos «familias» (pgjdbc: autodetected server-encoding to be ISO-8859-1, if the message is not readable, please check database logs and/or host, port, dbname, user, password, pg_hba.conf)
	at org.postgresql.core.v3.QueryExecutorImpl.receiveErrorResponse(QueryExecutorImpl.java:2565) ~[postgresql-42.2.24.jar:42.2.24]
	at org.postgresql.core.v3.QueryExecutorImpl.readStartupMessages(QueryExecutorImpl.java:2677) ~[postgresql-42.2.24.jar:42.2.24]
	at org.postgresql.core.v3.QueryExecutorImpl.<init>(QueryExecutorImpl.java:147) ~[postgresql-42.2.24.jar:42.2.24]
	at org.postgresql.core.v3.ConnectionFactoryImpl.openConnectionImpl(ConnectionFactoryImpl.java:273) ~[postgresql-42.2.24.jar:42.2.24]
	at org.postgresql.core.ConnectionFactory.openConnection(ConnectionFactory.java:51) ~[postgresql-42.2.24.jar:42.2.24]
	at org.postgresql.jdbc.PgConnection.<init>(PgConnection.java:225) ~[postgresql-42.2.24.jar:42.2.24]
	at org.postgresql.Driver.makeConnection(Driver.java:465) ~[postgresql-42.2.24.jar:42.2.24]
	at org.postgresql.Driver.connect(Driver.java:264) ~[postgresql-42.2.24.jar:42.2.24]
	at com.zaxxer.hikari.util.DriverDataSource.getConnection(DriverDataSource.java:138) ~[HikariCP-4.0.3.jar:na]
	at com.zaxxer.hikari.pool.PoolBase.newConnection(PoolBase.java:364) ~[HikariCP-4.0.3.jar:na]
	at com.zaxxer.hikari.pool.PoolBase.newPoolEntry(PoolBase.java:206) ~[HikariCP-4.0.3.jar:na]
	at com.zaxxer.hikari.pool.HikariPool.createPoolEntry(HikariPool.java:476) ~[HikariCP-4.0.3.jar:na]
	at com.zaxxer.hikari.pool.HikariPool.checkFailFast(HikariPool.java:561) ~[HikariCP-4.0.3.jar:na]
	at com.zaxxer.hikari.pool.HikariPool.<init>(HikariPool.java:115) ~[HikariCP-4.0.3.jar:na]
	at com.zaxxer.hikari.HikariDataSource.getConnection(HikariDataSource.java:112) ~[HikariCP-4.0.3.jar:na]
	at org.hibernate.engine.jdbc.connections.internal.DatasourceConnectionProviderImpl.getConnection(DatasourceConnectionProviderImpl.java:122) ~[hibernate-core-5.4.33.jar:5.4.33]
	at org.hibernate.engine.jdbc.env.internal.JdbcEnvironmentInitiator$ConnectionProviderJdbcConnectionAccess.obtainConnection(JdbcEnvironmentInitiator.java:180) ~[hibernate-core-5.4.33.jar:5.4.33]
	at org.hibernate.resource.transaction.backend.jdbc.internal.DdlTransactionIsolatorNonJtaImpl.getIsolatedConnection(DdlTransactionIsolatorNonJtaImpl.java:43) ~[hibernate-core-5.4.33.jar:5.4.33]
	... 34 common frames omitted

2026-05-12 18:15:39.977  INFO 23332 --- [main] com.example.demo.BackendFApplication     : Starting BackendFApplication using Java 17.0.12 on MYN4M31SK41N with PID 23332 (C:\Users\pedro\OneDrive\Escritorio\Test2\ICIFG003-EQ02\backend-f\target\classes started by pedro in C:\Users\pedro\OneDrive\Escritorio\Test2\ICIFG003-EQ02\backend-f)
2026-05-12 18:15:39.980  INFO 23332 --- [main] com.example.demo.BackendFApplication     : No active profile set, falling back to default profiles: default
2026-05-12 18:15:40.400  INFO 23332 --- [main] .s.d.r.c.RepositoryConfigurationDelegate : Bootstrapping Spring Data JPA repositories in DEFAULT mode.
2026-05-12 18:15:40.443  INFO 23332 --- [main] .s.d.r.c.RepositoryConfigurationDelegate : Finished Spring Data repository scanning in 37 ms. Found 2 JPA repository interfaces.
2026-05-12 18:15:40.862  INFO 23332 --- [main] o.s.b.w.embedded.tomcat.TomcatWebServer  : Tomcat initialized with port(s): 8882 (http)
2026-05-12 18:15:40.870  INFO 23332 --- [main] o.apache.catalina.core.StandardService   : Starting service [Tomcat]
2026-05-12 18:15:40.871  INFO 23332 --- [main] org.apache.catalina.core.StandardEngine  : Starting Servlet engine: [Apache Tomcat/9.0.56]
2026-05-12 18:15:40.933  INFO 23332 --- [main] o.a.c.c.C.[Tomcat].[localhost].[/]       : Initializing Spring embedded WebApplicationContext
2026-05-12 18:15:40.934  INFO 23332 --- [main] w.s.c.ServletWebServerApplicationContext : Root WebApplicationContext: initialization completed in 917 ms
2026-05-12 18:15:41.058  INFO 23332 --- [main] o.hibernate.jpa.internal.util.LogHelper  : HHH000204: Processing PersistenceUnitInfo [name: default]
2026-05-12 18:15:41.097  INFO 23332 --- [main] org.hibernate.Version                    : HHH000412: Hibernate ORM core version 5.4.33
2026-05-12 18:15:41.201  INFO 23332 --- [main] o.hibernate.annotations.common.Version   : HCANN000001: Hibernate Commons Annotations {5.1.2.Final}
2026-05-12 18:15:41.283  INFO 23332 --- [main] com.zaxxer.hikari.HikariDataSource       : HikariPool-1 - Starting...
2026-05-12 18:15:41.425  INFO 23332 --- [main] com.zaxxer.hikari.HikariDataSource       : HikariPool-1 - Start completed.
2026-05-12 18:15:41.440  INFO 23332 --- [main] org.hibernate.dialect.Dialect            : HHH000400: Using dialect: org.hibernate.dialect.PostgreSQLDialect
2026-05-12 18:15:41.969  INFO 23332 --- [main] o.h.e.t.j.p.i.JtaPlatformInitiator       : HHH000490: Using JtaPlatform implementation: [org.hibernate.engine.transaction.jta.platform.internal.NoJtaPlatform]
2026-05-12 18:15:41.978  INFO 23332 --- [main] j.LocalContainerEntityManagerFactoryBean : Initialized JPA EntityManagerFactory for persistence unit 'default'
2026-05-12 18:15:42.253  WARN 23332 --- [main] JpaBaseConfiguration$JpaWebConfiguration : spring.jpa.open-in-view is enabled by default. Therefore, database queries may be performed during view rendering. Explicitly configure spring.jpa.open-in-view to disable this warning
2026-05-12 18:15:42.489  INFO 23332 --- [main] o.s.b.w.embedded.tomcat.TomcatWebServer  : Tomcat started on port(s): 8882 (http) with context path ''
2026-05-12 18:15:42.496  INFO 23332 --- [main] com.example.demo.BackendFApplication     : Started BackendFApplication in 2.822 seconds (JVM running for 3.092)
2026-05-12 18:20:23.222  INFO 23332 --- [http-nio-8882-exec-1] o.a.c.c.C.[Tomcat].[localhost].[/]       : Initializing Spring DispatcherServlet 'dispatcherServlet'
2026-05-12 18:20:23.223  INFO 23332 --- [http-nio-8882-exec-1] o.s.web.servlet.DispatcherServlet        : Initializing Servlet 'dispatcherServlet'
2026-05-12 18:20:23.223  INFO 23332 --- [http-nio-8882-exec-1] o.s.web.servlet.DispatcherServlet        : Completed initialization in 0 ms
2026-05-12 18:48:45.331  INFO 23332 --- [SpringApplicationShutdownHook] j.LocalContainerEntityManagerFactoryBean : Closing JPA EntityManagerFactory for persistence unit 'default'
2026-05-12 18:48:45.334  INFO 23332 --- [SpringApplicationShutdownHook] com.zaxxer.hikari.HikariDataSource       : HikariPool-1 - Shutdown initiated...
2026-05-12 18:48:45.336  INFO 23332 --- [SpringApplicationShutdownHook] com.zaxxer.hikari.HikariDataSource       : HikariPool-1 - Shutdown completed.
2026-05-12 18:49:08.157  INFO 26556 --- [main] com.example.demo.BackendFApplication     : Starting BackendFApplication using Java 17.0.12 on MYN4M31SK41N with PID 26556 (C:\Users\pedro\OneDrive\Escritorio\Test2\ICIFG003-EQ02\backend-f\target\classes started by pedro in C:\Users\pedro\OneDrive\Escritorio\Test2\ICIFG003-EQ02\backend-f)
2026-05-12 18:49:08.160  INFO 26556 --- [main] com.example.demo.BackendFApplication     : No active profile set, falling back to default profiles: default
2026-05-12 18:49:08.564  INFO 26556 --- [main] .s.d.r.c.RepositoryConfigurationDelegate : Bootstrapping Spring Data JPA repositories in DEFAULT mode.
2026-05-12 18:49:08.605  INFO 26556 --- [main] .s.d.r.c.RepositoryConfigurationDelegate : Finished Spring Data repository scanning in 34 ms. Found 2 JPA repository interfaces.
2026-05-12 18:49:09.024  INFO 26556 --- [main] o.s.b.w.embedded.tomcat.TomcatWebServer  : Tomcat initialized with port(s): 8882 (http)
2026-05-12 18:49:09.033  INFO 26556 --- [main] o.apache.catalina.core.StandardService   : Starting service [Tomcat]
2026-05-12 18:49:09.034  INFO 26556 --- [main] org.apache.catalina.core.StandardEngine  : Starting Servlet engine: [Apache Tomcat/9.0.56]
2026-05-12 18:49:09.097  INFO 26556 --- [main] o.a.c.c.C.[Tomcat].[localhost].[/]       : Initializing Spring embedded WebApplicationContext
2026-05-12 18:49:09.097  INFO 26556 --- [main] w.s.c.ServletWebServerApplicationContext : Root WebApplicationContext: initialization completed in 901 ms
2026-05-12 18:49:09.219  INFO 26556 --- [main] o.hibernate.jpa.internal.util.LogHelper  : HHH000204: Processing PersistenceUnitInfo [name: default]
2026-05-12 18:49:09.258  INFO 26556 --- [main] org.hibernate.Version                    : HHH000412: Hibernate ORM core version 5.4.33
2026-05-12 18:49:09.361  INFO 26556 --- [main] o.hibernate.annotations.common.Version   : HCANN000001: Hibernate Commons Annotations {5.1.2.Final}
2026-05-12 18:49:09.445  INFO 26556 --- [main] com.zaxxer.hikari.HikariDataSource       : HikariPool-1 - Starting...
2026-05-12 18:49:09.578  INFO 26556 --- [main] com.zaxxer.hikari.HikariDataSource       : HikariPool-1 - Start completed.
2026-05-12 18:49:09.591  INFO 26556 --- [main] org.hibernate.dialect.Dialect            : HHH000400: Using dialect: org.hibernate.dialect.PostgreSQLDialect
2026-05-12 18:49:10.080  INFO 26556 --- [main] o.h.e.t.j.p.i.JtaPlatformInitiator       : HHH000490: Using JtaPlatform implementation: [org.hibernate.engine.transaction.jta.platform.internal.NoJtaPlatform]
2026-05-12 18:49:10.088  INFO 26556 --- [main] j.LocalContainerEntityManagerFactoryBean : Initialized JPA EntityManagerFactory for persistence unit 'default'
2026-05-12 18:49:10.320  WARN 26556 --- [main] JpaBaseConfiguration$JpaWebConfiguration : spring.jpa.open-in-view is enabled by default. Therefore, database queries may be performed during view rendering. Explicitly configure spring.jpa.open-in-view to disable this warning
2026-05-12 18:49:10.524  INFO 26556 --- [main] o.s.b.w.embedded.tomcat.TomcatWebServer  : Tomcat started on port(s): 8882 (http) with context path ''
2026-05-12 18:49:10.532  INFO 26556 --- [main] com.example.demo.BackendFApplication     : Started BackendFApplication in 2.672 seconds (JVM running for 2.949)
2026-05-12 18:49:38.589  INFO 26556 --- [http-nio-8882-exec-1] o.a.c.c.C.[Tomcat].[localhost].[/]       : Initializing Spring DispatcherServlet 'dispatcherServlet'
2026-05-12 18:49:38.590  INFO 26556 --- [http-nio-8882-exec-1] o.s.web.servlet.DispatcherServlet        : Initializing Servlet 'dispatcherServlet'
2026-05-12 18:49:38.593  INFO 26556 --- [http-nio-8882-exec-1] o.s.web.servlet.DispatcherServlet        : Completed initialization in 1 ms
2026-05-12 19:16:54.517  INFO 26556 --- [SpringApplicationShutdownHook] j.LocalContainerEntityManagerFactoryBean : Closing JPA EntityManagerFactory for persistence unit 'default'
2026-05-12 19:16:54.519  INFO 26556 --- [SpringApplicationShutdownHook] com.zaxxer.hikari.HikariDataSource       : HikariPool-1 - Shutdown initiated...
2026-05-12 19:16:54.522  INFO 26556 --- [SpringApplicationShutdownHook] com.zaxxer.hikari.HikariDataSource       : HikariPool-1 - Shutdown completed.
2026-05-12 19:17:28.094  INFO 5220 --- [main] com.example.demo.BackendFApplication     : Starting BackendFApplication using Java 17.0.12 on MYN4M31SK41N with PID 5220 (C:\Users\pedro\OneDrive\Escritorio\Test2\ICIFG003-EQ02\backend-f\target\classes started by pedro in C:\Users\pedro\OneDrive\Escritorio\Test2\ICIFG003-EQ02\backend-f)
2026-05-12 19:17:28.097  INFO 5220 --- [main] com.example.demo.BackendFApplication     : No active profile set, falling back to default profiles: default
2026-05-12 19:17:28.516  INFO 5220 --- [main] .s.d.r.c.RepositoryConfigurationDelegate : Bootstrapping Spring Data JPA repositories in DEFAULT mode.
2026-05-12 19:17:28.558  INFO 5220 --- [main] .s.d.r.c.RepositoryConfigurationDelegate : Finished Spring Data repository scanning in 34 ms. Found 2 JPA repository interfaces.
2026-05-12 19:17:28.982  INFO 5220 --- [main] o.s.b.w.embedded.tomcat.TomcatWebServer  : Tomcat initialized with port(s): 8882 (http)
2026-05-12 19:17:28.990  INFO 5220 --- [main] o.apache.catalina.core.StandardService   : Starting service [Tomcat]
2026-05-12 19:17:28.990  INFO 5220 --- [main] org.apache.catalina.core.StandardEngine  : Starting Servlet engine: [Apache Tomcat/9.0.56]
2026-05-12 19:17:29.053  INFO 5220 --- [main] o.a.c.c.C.[Tomcat].[localhost].[/]       : Initializing Spring embedded WebApplicationContext
2026-05-12 19:17:29.054  INFO 5220 --- [main] w.s.c.ServletWebServerApplicationContext : Root WebApplicationContext: initialization completed in 922 ms
2026-05-12 19:17:29.174  INFO 5220 --- [main] o.hibernate.jpa.internal.util.LogHelper  : HHH000204: Processing PersistenceUnitInfo [name: default]
2026-05-12 19:17:29.212  INFO 5220 --- [main] org.hibernate.Version                    : HHH000412: Hibernate ORM core version 5.4.33
2026-05-12 19:17:29.315  INFO 5220 --- [main] o.hibernate.annotations.common.Version   : HCANN000001: Hibernate Commons Annotations {5.1.2.Final}
2026-05-12 19:17:29.392  INFO 5220 --- [main] com.zaxxer.hikari.HikariDataSource       : HikariPool-1 - Starting...
2026-05-12 19:17:29.522  INFO 5220 --- [main] com.zaxxer.hikari.HikariDataSource       : HikariPool-1 - Start completed.
2026-05-12 19:17:29.536  INFO 5220 --- [main] org.hibernate.dialect.Dialect            : HHH000400: Using dialect: org.hibernate.dialect.PostgreSQLDialect
2026-05-12 19:17:30.009  INFO 5220 --- [main] o.h.e.t.j.p.i.JtaPlatformInitiator       : HHH000490: Using JtaPlatform implementation: [org.hibernate.engine.transaction.jta.platform.internal.NoJtaPlatform]
2026-05-12 19:17:30.017  INFO 5220 --- [main] j.LocalContainerEntityManagerFactoryBean : Initialized JPA EntityManagerFactory for persistence unit 'default'
2026-05-12 19:17:30.252  WARN 5220 --- [main] JpaBaseConfiguration$JpaWebConfiguration : spring.jpa.open-in-view is enabled by default. Therefore, database queries may be performed during view rendering. Explicitly configure spring.jpa.open-in-view to disable this warning
2026-05-12 19:17:30.462  INFO 5220 --- [main] o.s.b.w.embedded.tomcat.TomcatWebServer  : Tomcat started on port(s): 8882 (http) with context path ''
2026-05-12 19:17:30.470  INFO 5220 --- [main] com.example.demo.BackendFApplication     : Started BackendFApplication in 2.683 seconds (JVM running for 2.948)
2026-05-12 19:17:47.664  INFO 5220 --- [http-nio-8882-exec-1] o.a.c.c.C.[Tomcat].[localhost].[/]       : Initializing Spring DispatcherServlet 'dispatcherServlet'
2026-05-12 19:17:47.665  INFO 5220 --- [http-nio-8882-exec-1] o.s.web.servlet.DispatcherServlet        : Initializing Servlet 'dispatcherServlet'
2026-05-12 19:17:47.669  INFO 5220 --- [http-nio-8882-exec-1] o.s.web.servlet.DispatcherServlet        : Completed initialization in 2 ms
2026-05-12 19:38:45.683  INFO 5220 --- [SpringApplicationShutdownHook] j.LocalContainerEntityManagerFactoryBean : Closing JPA EntityManagerFactory for persistence unit 'default'
2026-05-12 19:38:45.684  INFO 5220 --- [SpringApplicationShutdownHook] com.zaxxer.hikari.HikariDataSource       : HikariPool-1 - Shutdown initiated...
2026-05-12 19:38:45.687  INFO 5220 --- [SpringApplicationShutdownHook] com.zaxxer.hikari.HikariDataSource       : HikariPool-1 - Shutdown completed.
2026-05-12 19:39:01.354  INFO 3584 --- [main] com.example.demo.BackendFApplication     : Starting BackendFApplication using Java 17.0.12 on MYN4M31SK41N with PID 3584 (C:\Users\pedro\OneDrive\Escritorio\Test2\ICIFG003-EQ02\backend-f\target\classes started by pedro in C:\Users\pedro\OneDrive\Escritorio\Test2\ICIFG003-EQ02\backend-f)
2026-05-12 19:39:01.357  INFO 3584 --- [main] com.example.demo.BackendFApplication     : No active profile set, falling back to default profiles: default
2026-05-12 19:39:01.847  INFO 3584 --- [main] .s.d.r.c.RepositoryConfigurationDelegate : Bootstrapping Spring Data JPA repositories in DEFAULT mode.
2026-05-12 19:39:01.911  INFO 3584 --- [main] .s.d.r.c.RepositoryConfigurationDelegate : Finished Spring Data repository scanning in 54 ms. Found 3 JPA repository interfaces.
2026-05-12 19:39:02.488  INFO 3584 --- [main] o.s.b.w.embedded.tomcat.TomcatWebServer  : Tomcat initialized with port(s): 8882 (http)
2026-05-12 19:39:02.500  INFO 3584 --- [main] o.apache.catalina.core.StandardService   : Starting service [Tomcat]
2026-05-12 19:39:02.500  INFO 3584 --- [main] org.apache.catalina.core.StandardEngine  : Starting Servlet engine: [Apache Tomcat/9.0.56]
2026-05-12 19:39:02.581  INFO 3584 --- [main] o.a.c.c.C.[Tomcat].[localhost].[/]       : Initializing Spring embedded WebApplicationContext
2026-05-12 19:39:02.582  INFO 3584 --- [main] w.s.c.ServletWebServerApplicationContext : Root WebApplicationContext: initialization completed in 1185 ms
2026-05-12 19:39:02.792  INFO 3584 --- [main] o.hibernate.jpa.internal.util.LogHelper  : HHH000204: Processing PersistenceUnitInfo [name: default]
2026-05-12 19:39:02.860  INFO 3584 --- [main] org.hibernate.Version                    : HHH000412: Hibernate ORM core version 5.4.33
2026-05-12 19:39:03.008  INFO 3584 --- [main] o.hibernate.annotations.common.Version   : HCANN000001: Hibernate Commons Annotations {5.1.2.Final}
2026-05-12 19:39:03.101  INFO 3584 --- [main] com.zaxxer.hikari.HikariDataSource       : HikariPool-1 - Starting...
2026-05-12 19:39:03.257  INFO 3584 --- [main] com.zaxxer.hikari.HikariDataSource       : HikariPool-1 - Start completed.
2026-05-12 19:39:03.277  INFO 3584 --- [main] org.hibernate.dialect.Dialect            : HHH000400: Using dialect: org.hibernate.dialect.PostgreSQLDialect
2026-05-12 19:39:04.026  INFO 3584 --- [main] o.h.e.t.j.p.i.JtaPlatformInitiator       : HHH000490: Using JtaPlatform implementation: [org.hibernate.engine.transaction.jta.platform.internal.NoJtaPlatform]
2026-05-12 19:39:04.035  INFO 3584 --- [main] j.LocalContainerEntityManagerFactoryBean : Initialized JPA EntityManagerFactory for persistence unit 'default'
2026-05-12 19:39:04.378  WARN 3584 --- [main] JpaBaseConfiguration$JpaWebConfiguration : spring.jpa.open-in-view is enabled by default. Therefore, database queries may be performed during view rendering. Explicitly configure spring.jpa.open-in-view to disable this warning
2026-05-12 19:39:04.650  INFO 3584 --- [main] o.s.b.w.embedded.tomcat.TomcatWebServer  : Tomcat started on port(s): 8882 (http) with context path ''
2026-05-12 19:39:04.659  INFO 3584 --- [main] com.example.demo.BackendFApplication     : Started BackendFApplication in 3.67 seconds (JVM running for 3.952)
2026-05-12 19:39:52.208  INFO 3584 --- [http-nio-8882-exec-1] o.a.c.c.C.[Tomcat].[localhost].[/]       : Initializing Spring DispatcherServlet 'dispatcherServlet'
2026-05-12 19:39:52.209  INFO 3584 --- [http-nio-8882-exec-1] o.s.web.servlet.DispatcherServlet        : Initializing Servlet 'dispatcherServlet'
2026-05-12 19:39:52.210  INFO 3584 --- [http-nio-8882-exec-1] o.s.web.servlet.DispatcherServlet        : Completed initialization in 0 ms
